"id";"code";"datum";"frist";"pbull";"pneutral";"pbear";"ibull";"ineutral";"ibear";"freigabe"
"9769";"CS";"2009-10-30";"K";"193";"188";"143";"67";"68";"47";"2009-11-01 20:00:00"
"9782";"CS";"2009-10-30";"M";"227";"170";"123";"84";"49";"49";"2009-11-01 20:00:00"
"9797";"CS";"2009-11-06";"K";"256";"213";"107";"86";"60";"46";"2009-11-08 20:00:00"
"9810";"CS";"2009-11-06";"M";"283";"163";"131";"101";"55";"35";"2009-11-08 20:00:00"
"9823";"CS";"2009-11-13";"K";"272";"181";"99";"106";"56";"32";"2009-11-15 20:00:00"
"9836";"CS";"2009-11-13";"M";"248";"161";"149";"95";"54";"45";"2009-11-15 20:00:00"
"9849";"CS";"2009-11-20";"K";"229";"225";"124";"80";"68";"44";"2009-11-22 20:00:00"
"9862";"CS";"2009-11-20";"M";"252";"166";"162";"88";"50";"55";"2009-11-22 20:00:00"
"9875";"CS";"2009-11-27";"K";"186";"203";"167";"59";"66";"72";"2009-11-29 20:00:00"
"9888";"CS";"2009-11-27";"M";"223";"172";"155";"66";"58";"73";"2009-11-29 20:00:00"
"9901";"CS";"2009-12-04";"K";"242";"197";"107";"82";"78";"25";"2009-12-06 20:00:00"
"9914";"CS";"2009-12-04";"M";"208";"176";"157";"77";"47";"62";"2009-12-06 20:00:00"
"9927";"CS";"2009-12-11";"K";"251";"233";"95";"80";"73";"22";"2009-12-13 20:00:00"
"9940";"CS";"2009-12-11";"M";"233";"176";"165";"68";"48";"60";"2009-12-13 20:00:00"
"9953";"CS";"2009-12-18";"K";"229";"237";"106";"90";"72";"23";"2009-12-20 20:00:00"
"9966";"CS";"2009-12-18";"M";"211";"187";"170";"67";"59";"60";"2009-12-20 20:00:00"
"9979";"CS";"2009-12-25";"K";"182";"155";"102";"27";"31";"8";"2009-12-27 20:00:00"
"9992";"CS";"2009-12-25";"M";"155";"132";"148";"22";"23";"21";"2009-12-27 20:00:00"
"10005";"CS";"2010-01-01";"K";"235";"178";"112";"66";"56";"24";"2010-01-03 20:00:00"
"10018";"CS";"2010-01-01";"M";"184";"160";"179";"52";"51";"43";"2010-01-03 20:00:00"
"10031";"CS";"2010-01-08";"K";"241";"221";"98";"64";"77";"36";"2010-01-10 20:00:00"
"10044";"CS";"2010-01-08";"M";"207";"181";"169";"53";"59";"65";"2010-01-10 20:00:00"
"10057";"CS";"2010-01-15";"K";"181";"225";"155";"69";"94";"53";"2010-01-17 20:00:00"
"10070";"CS";"2010-01-15";"M";"184";"193";"182";"64";"73";"78";"2010-01-17 20:00:00"
"10083";"CS";"2010-01-22";"K";"113";"194";"277";"39";"64";"92";"2010-01-24 20:00:00"
"10096";"CS";"2010-01-22";"M";"203";"198";"176";"72";"57";"65";"2010-01-24 20:00:00"
"10109";"CS";"2010-01-29";"K";"136";"195";"207";"58";"85";"58";"2010-01-31 20:00:00"
"10122";"CS";"2010-01-29";"M";"186";"184";"164";"71";"56";"73";"2010-01-31 20:00:00"
"10135";"CS";"2010-02-05";"K";"141";"207";"233";"51";"68";"80";"2010-02-07 20:00:00"
"10148";"CS";"2010-02-05";"M";"205";"182";"195";"66";"74";"58";"2010-02-07 20:00:00"
"10161";"CS";"2010-02-12";"K";"166";"225";"171";"69";"76";"55";"2010-02-14 20:00:00"
"10174";"CS";"2010-02-12";"M";"206";"186";"164";"65";"71";"64";"2010-02-14 20:00:00"
"10187";"CS";"2010-02-19";"K";"189";"209";"118";"75";"83";"52";"2010-02-21 20:00:00"
"10200";"CS";"2010-02-19";"M";"187";"185";"146";"63";"78";"68";"2010-02-21 20:00:00"
"10213";"CS";"2010-02-26";"K";"138";"265";"126";"59";"91";"40";"2010-02-28 20:00:00"
"10226";"CS";"2010-02-26";"M";"193";"187";"153";"69";"62";"58";"2010-02-28 20:00:00"
"10239";"CS";"2010-03-05";"K";"217";"238";"94";"85";"82";"37";"2010-03-07 20:00:00"
"10252";"CS";"2010-03-05";"M";"199";"194";"152";"67";"71";"65";"2010-03-07 20:00:00"
"10265";"CS";"2010-03-12";"K";"225";"215";"95";"69";"82";"41";"2010-03-14 20:00:00"
"10278";"CS";"2010-03-12";"M";"201";"178";"154";"57";"80";"55";"2010-03-14 20:00:00"
"10291";"CS";"2010-03-19";"K";"212";"205";"107";"75";"79";"41";"2010-03-21 20:00:00"
"10304";"CS";"2010-03-19";"M";"186";"182";"153";"71";"69";"54";"2010-03-21 20:00:00"
"10317";"CS";"2010-03-26";"K";"235";"197";"105";"76";"70";"37";"2010-03-28 20:00:00"
"10330";"CS";"2010-03-26";"M";"200";"173";"160";"69";"62";"52";"2010-03-28 20:00:00"
"10343";"CS";"2010-04-02";"K";"264";"174";"78";"88";"66";"29";"2010-04-04 20:00:00"
"10356";"CS";"2010-04-02";"M";"209";"171";"136";"65";"62";"56";"2010-04-04 20:00:00"
"10369";"CS";"2010-04-09";"K";"249";"194";"97";"85";"65";"43";"2010-04-11 20:00:00"
"10382";"CS";"2010-04-09";"M";"211";"165";"159";"64";"68";"60";"2010-04-11 20:00:00"
"10395";"CS";"2010-04-16";"K";"257";"190";"111";"65";"81";"52";"2010-04-18 20:00:00"
"10408";"CS";"2010-04-16";"M";"225";"164";"166";"59";"77";"63";"2010-04-18 20:00:00"
"10421";"CS";"2010-04-23";"K";"194";"210";"132";"53";"83";"52";"2010-04-25 20:00:00"
"10434";"CS";"2010-04-23";"M";"220";"154";"155";"64";"52";"72";"2010-04-25 20:00:00"
"10447";"CS";"2010-04-30";"K";"155";"229";"176";"51";"76";"62";"2010-05-02 20:00:00"
"10460";"CS";"2010-04-30";"M";"221";"168";"168";"46";"73";"70";"2010-05-02 20:00:00"
"10473";"CS";"2010-05-07";"K";"90";"175";"283";"40";"56";"79";"2010-05-09 20:00:00"
"10486";"CS";"2010-05-07";"M";"181";"160";"209";"44";"64";"68";"2010-05-09 20:00:00"
"10499";"CS";"2010-05-14";"K";"153";"211";"174";"40";"68";"59";"2010-05-16 20:00:00"
"10512";"CS";"2010-05-14";"M";"181";"142";"222";"42";"59";"67";"2010-05-16 20:00:00"
"10525";"CS";"2010-05-21";"K";"94";"200";"223";"39";"60";"73";"2010-05-23 20:00:00"
"10538";"CS";"2010-05-21";"M";"162";"160";"191";"51";"44";"77";"2010-05-23 20:00:00"
"10551";"CS";"2010-05-28";"K";"178";"223";"142";"72";"81";"38";"2010-05-30 20:00:00"
"10564";"CS";"2010-05-28";"M";"193";"177";"171";"55";"61";"75";"2010-05-30 20:00:00"
"10577";"CS";"2010-06-04";"K";"128";"222";"137";"44";"66";"55";"2010-06-06 20:00:00"
"10590";"CS";"2010-06-04";"M";"151";"174";"161";"40";"46";"79";"2010-06-06 20:00:00"
"10603";"CS";"2010-06-11";"K";"182";"225";"115";"72";"77";"31";"2010-06-13 20:00:00"
"10616";"CS";"2010-06-11";"M";"191";"158";"176";"57";"59";"64";"2010-06-13 20:00:00"
"10629";"CS";"2010-06-18";"K";"172";"241";"117";"62";"81";"37";"2010-06-20 20:00:00"
"10642";"CS";"2010-06-18";"M";"186";"167";"173";"53";"62";"64";"2010-06-20 20:00:00"
"10655";"CS";"2010-06-25";"K";"154";"240";"132";"62";"78";"57";"2010-06-27 20:00:00"
"10668";"CS";"2010-06-25";"M";"197";"164";"162";"61";"55";"80";"2010-06-27 20:00:00"
"10681";"CS";"2010-07-02";"K";"97";"200";"213";"45";"71";"73";"2010-07-04 20:00:00"
"10694";"CS";"2010-07-02";"M";"181";"159";"172";"65";"57";"67";"2010-07-04 20:00:00"
"10707";"CS";"2010-07-09";"K";"145";"257";"129";"67";"79";"51";"2010-07-11 20:00:00"
"10720";"CS";"2010-07-09";"M";"176";"168";"181";"51";"66";"81";"2010-07-11 20:00:00"
"10733";"CS";"2010-07-16";"K";"113";"230";"165";"45";"62";"67";"2010-07-18 20:00:00"
"10746";"CS";"2010-07-16";"M";"179";"168";"160";"56";"58";"61";"2010-07-18 20:00:00"
"10759";"CS";"2010-07-23";"K";"167";"249";"92";"56";"74";"33";"2010-07-25 20:00:00"
"10772";"CS";"2010-07-23";"M";"208";"183";"120";"64";"46";"54";"2010-07-25 20:00:00"
"10785";"CS";"2010-07-30";"K";"130";"245";"119";"43";"73";"45";"2010-08-01 20:00:00"
"10798";"CS";"2010-07-30";"M";"199";"164";"130";"59";"47";"55";"2010-08-01 20:00:00"
"10811";"CS";"2010-08-06";"K";"168";"221";"109";"64";"75";"28";"2010-08-08 20:00:00"
"10824";"CS";"2010-08-06";"M";"200";"165";"124";"68";"58";"40";"2010-08-08 20:00:00"
"10837";"CS";"2010-08-13";"K";"83";"256";"166";"33";"81";"52";"2010-08-15 20:00:00"
"10850";"CS";"2010-08-13";"M";"213";"148";"141";"65";"53";"48";"2010-08-15 20:00:00"
"10863";"CS";"2010-08-20";"K";"80";"222";"172";"33";"87";"54";"2010-08-22 20:00:00"
"10876";"CS";"2010-08-20";"M";"213";"138";"123";"72";"55";"46";"2010-08-22 20:00:00"
"10889";"CS";"2010-08-27";"K";"99";"240";"161";"47";"87";"43";"2010-08-29 20:00:00"
"10902";"CS";"2010-08-27";"M";"214";"162";"124";"69";"63";"46";"2010-08-29 20:00:00"
"10915";"CS";"2010-09-03";"K";"193";"215";"93";"63";"75";"23";"2010-09-05 20:00:00"
"10928";"CS";"2010-09-03";"M";"245";"156";"98";"77";"55";"31";"2010-09-05 20:00:00"
"10941";"CS";"2010-09-10";"K";"195";"262";"94";"67";"87";"28";"2010-09-12 20:00:00"
"10954";"CS";"2010-09-10";"M";"291";"153";"104";"87";"61";"34";"2010-09-12 20:00:00"
"10967";"CS";"2010-09-17";"K";"191";"232";"108";"73";"84";"33";"2010-09-19 20:00:00"
"10980";"CS";"2010-09-17";"M";"291";"151";"91";"94";"62";"33";"2010-09-19 20:00:00"
"10993";"CS";"2010-09-24";"K";"177";"231";"138";"54";"90";"47";"2010-09-26 20:00:00"
"11006";"CS";"2010-09-24";"M";"280";"157";"108";"91";"66";"35";"2010-09-26 20:00:00"
"11019";"CS";"2010-10-01";"K";"203";"237";"111";"76";"79";"29";"2010-10-03 20:00:00"
"11032";"CS";"2010-10-01";"M";"301";"156";"93";"92";"62";"30";"2010-10-03 20:00:00"
"11045";"CS";"2010-10-08";"K";"241";"205";"89";"113";"63";"26";"2010-10-10 20:00:00"
"11058";"CS";"2010-10-08";"M";"313";"142";"84";"120";"54";"28";"2010-10-10 20:00:00"
"11071";"CS";"2010-10-15";"K";"375";"144";"62";"143";"38";"20";"2010-10-17 20:00:00"
"11084";"CS";"2010-10-15";"M";"344";"144";"85";"120";"50";"29";"2010-10-17 20:00:00"
"11097";"CS";"2010-10-22";"K";"290";"189";"75";"115";"67";"27";"2010-10-24 20:00:00"
"11110";"CS";"2010-10-22";"M";"316";"153";"84";"131";"44";"34";"2010-10-24 20:00:00"
"11123";"CS";"2010-10-29";"K";"270";"234";"80";"99";"73";"38";"2010-10-31 20:00:00"
"11136";"CS";"2010-10-29";"M";"337";"152";"91";"129";"49";"32";"2010-10-31 20:00:00"
"11149";"CS";"2010-11-05";"K";"370";"163";"68";"125";"53";"21";"2010-11-07 20:00:00"
"11162";"CS";"2010-11-05";"M";"342";"149";"104";"124";"50";"25";"2010-11-07 20:00:00"
"11175";"CS";"2010-11-12";"K";"241";"226";"114";"73";"78";"52";"2010-11-14 20:00:00"
"11188";"CS";"2010-11-12";"M";"331";"145";"101";"112";"63";"28";"2010-11-14 20:00:00"
"11201";"CS";"2010-11-19";"K";"281";"200";"87";"87";"74";"35";"2010-11-21 20:00:00"
"11214";"CS";"2010-11-19";"M";"297";"168";"99";"107";"58";"31";"2010-11-21 20:00:00"
"11227";"CS";"2010-11-26";"K";"245";"242";"101";"88";"85";"25";"2010-11-28 20:00:00"
"11240";"CS";"2010-11-26";"M";"294";"164";"125";"100";"59";"39";"2010-11-28 20:00:00"
"11253";"CS";"2010-12-03";"K";"325";"201";"65";"111";"48";"18";"2010-12-05 20:00:00"
"11266";"CS";"2010-12-03";"M";"289";"196";"98";"90";"54";"34";"2010-12-05 20:00:00"
"11279";"CS";"2010-12-10";"K";"279";"258";"63";"101";"65";"26";"2010-12-12 20:00:00"
"11292";"CS";"2010-12-10";"M";"289";"203";"111";"91";"60";"40";"2010-12-12 20:00:00"
"11305";"CS";"2010-12-17";"K";"215";"284";"104";"71";"96";"27";"2010-12-19 20:00:00"
"11318";"CS";"2010-12-17";"M";"265";"204";"130";"104";"44";"45";"2010-12-19 20:00:00"
"11331";"CS";"2010-12-24";"K";"177";"230";"91";"61";"78";"34";"2010-12-26 20:00:00"
"11344";"CS";"2010-12-24";"M";"239";"149";"111";"88";"56";"30";"2010-12-26 20:00:00"
"11357";"CS";"2010-12-31";"K";"163";"222";"126";"54";"66";"44";"2011-01-02 20:00:00"
"11370";"CS";"2010-12-31";"M";"242";"166";"100";"81";"51";"32";"2011-01-02 20:00:00"
"11383";"CS";"2011-01-07";"K";"190";"224";"133";"52";"89";"39";"2011-01-09 20:00:00"
"11396";"CS";"2011-01-07";"M";"277";"172";"93";"102";"52";"28";"2011-01-09 20:00:00"
"11409";"CS";"2011-01-14";"K";"235";"247";"107";"53";"88";"49";"2011-01-16 20:00:00"
"11422";"CS";"2011-01-14";"M";"295";"182";"103";"87";"68";"36";"2011-01-16 20:00:00"
"11435";"CS";"2011-01-21";"K";"168";"257";"164";"53";"84";"63";"2011-01-23 20:00:00"
"11448";"CS";"2011-01-21";"M";"284";"193";"114";"86";"68";"46";"2011-01-23 20:00:00"
"11461";"CS";"2011-01-28";"K";"160";"280";"147";"47";"90";"47";"2011-01-30 20:00:00"
"11474";"CS";"2011-01-28";"M";"265";"204";"108";"85";"62";"39";"2011-01-30 20:00:00"
"11487";"CS";"2011-02-04";"K";"223";"267";"123";"79";"76";"42";"2011-02-06 20:00:00"
"11500";"CS";"2011-02-04";"M";"291";"206";"118";"89";"66";"40";"2011-02-06 20:00:00"
"11513";"CS";"2011-02-11";"K";"190";"259";"136";"61";"88";"48";"2011-02-13 20:00:00"
"11526";"CS";"2011-02-11";"M";"258";"194";"125";"100";"56";"41";"2011-02-13 20:00:00"
"11539";"CS";"2011-02-18";"K";"170";"294";"129";"62";"81";"47";"2011-02-20 20:00:00"
"11552";"CS";"2011-02-18";"M";"260";"224";"104";"91";"65";"34";"2011-02-20 20:00:00"
"11565";"CS";"2011-02-25";"K";"148";"253";"180";"49";"96";"51";"2011-02-27 20:00:00"
"11578";"CS";"2011-02-25";"M";"268";"185";"123";"95";"69";"32";"2011-02-27 20:00:00"
"11591";"CS";"2011-03-04";"K";"146";"259";"141";"57";"88";"33";"2011-03-06 20:00:00"
"11604";"CS";"2011-03-04";"M";"245";"174";"128";"80";"57";"40";"2011-03-06 20:00:00"
"11617";"CS";"2011-03-11";"K";"109";"267";"210";"38";"71";"53";"2011-03-13 20:00:00"
"11630";"CS";"2011-03-11";"M";"247";"194";"136";"74";"62";"24";"2011-03-13 20:00:00"
"11643";"CS";"2011-03-18";"K";"133";"289";"193";"56";"88";"44";"2011-03-20 20:00:00"
"11656";"CS";"2011-03-18";"M";"272";"210";"132";"80";"72";"38";"2011-03-20 20:00:00"
"11669";"CS";"2011-03-25";"K";"172";"290";"113";"61";"95";"37";"2011-03-27 20:00:00"
"11682";"CS";"2011-03-25";"M";"261";"195";"118";"84";"63";"45";"2011-03-27 20:00:00"
"11695";"CS";"2011-04-01";"K";"206";"276";"94";"80";"91";"24";"2011-04-03 20:00:00"
"11708";"CS";"2011-04-01";"M";"269";"186";"114";"96";"58";"42";"2011-04-03 20:00:00"
"11721";"CS";"2011-04-08";"K";"231";"237";"88";"75";"79";"23";"2011-04-10 20:00:00"
"11734";"CS";"2011-04-08";"M";"263";"181";"104";"95";"47";"37";"2011-04-10 20:00:00"
"11747";"CS";"2011-04-15";"K";"163";"279";"87";"47";"100";"37";"2011-04-17 20:00:00"
"11760";"CS";"2011-04-15";"M";"258";"162";"104";"80";"62";"42";"2011-04-17 20:00:00"
"11773";"CS";"2011-04-22";"K";"227";"217";"62";"63";"80";"16";"2011-04-24 20:00:00"
"11786";"CS";"2011-04-22";"M";"229";"163";"113";"70";"51";"38";"2011-04-24 20:00:00"
"11799";"CS";"2011-04-29";"K";"231";"236";"81";"62";"91";"36";"2011-05-01 20:00:00"
"11812";"CS";"2011-04-29";"M";"212";"208";"123";"68";"61";"59";"2011-05-01 20:00:00"
"11825";"CS";"2011-05-06";"K";"156";"246";"140";"42";"87";"52";"2011-05-08 20:00:00"
"11838";"CS";"2011-05-06";"M";"209";"184";"155";"59";"64";"59";"2011-05-08 20:00:00"
"11851";"CS";"2011-05-13";"K";"132";"287";"144";"46";"89";"50";"2011-05-15 20:00:00"
"11864";"CS";"2011-05-13";"M";"200";"219";"142";"68";"63";"53";"2011-05-15 20:00:00"
"11877";"CS";"2011-05-20";"K";"124";"295";"129";"34";"99";"43";"2011-05-22 20:00:00"
"11890";"CS";"2011-05-20";"M";"202";"198";"143";"63";"64";"50";"2011-05-22 20:00:00"
"11903";"CS";"2011-05-27";"K";"112";"279";"161";"42";"97";"66";"2011-05-29 20:00:00"
"11916";"CS";"2011-05-27";"M";"207";"189";"151";"71";"67";"68";"2011-05-29 20:00:00"
"11929";"CS";"2011-06-03";"K";"87";"238";"172";"30";"78";"48";"2011-06-05 20:00:00"
"11942";"CS";"2011-06-03";"M";"159";"180";"151";"49";"55";"51";"2011-06-05 20:00:00"
"11955";"CS";"2011-06-10";"K";"118";"258";"166";"33";"99";"55";"2011-06-12 20:00:00"
"11968";"CS";"2011-06-10";"M";"201";"186";"147";"67";"60";"59";"2011-06-12 20:00:00"
"11981";"CS";"2011-06-17";"K";"113";"259";"165";"32";"92";"51";"2011-06-19 20:00:00"
"11994";"CS";"2011-06-17";"M";"182";"188";"165";"56";"63";"57";"2011-06-19 20:00:00"
"12007";"CS";"2011-06-24";"K";"113";"217";"176";"45";"79";"36";"2011-06-26 20:00:00"
"12020";"CS";"2011-06-24";"M";"161";"180";"164";"60";"59";"44";"2011-06-26 20:00:00"
"12033";"CS";"2011-07-01";"K";"237";"262";"93";"79";"78";"29";"2011-07-03 20:00:00"
"12046";"CS";"2011-07-01";"M";"210";"215";"161";"71";"58";"57";"2011-07-03 20:00:00"
"12059";"CS";"2011-07-08";"K";"197";"249";"101";"68";"72";"26";"2011-07-10 20:00:00"
"12072";"CS";"2011-07-08";"M";"200";"184";"165";"72";"47";"48";"2011-07-10 20:00:00"
"12085";"CS";"2011-07-15";"K";"133";"272";"135";"44";"84";"41";"2011-07-17 20:00:00"
"12098";"CS";"2011-07-15";"M";"207";"185";"150";"74";"54";"42";"2011-07-17 20:00:00"
"12111";"CS";"2011-07-22";"K";"163";"265";"95";"61";"88";"24";"2011-07-24 20:00:00"
"12124";"CS";"2011-07-22";"M";"191";"188";"145";"67";"55";"51";"2011-07-24 20:00:00"
"12137";"CS";"2011-07-29";"K";"102";"250";"183";"39";"76";"49";"2011-07-31 20:00:00"
"12150";"CS";"2011-07-29";"M";"171";"195";"169";"57";"61";"46";"2011-07-31 20:00:00"
"12163";"CS";"2011-08-05";"K";"100";"197";"233";"52";"51";"54";"2011-08-07 20:00:00"
"12176";"CS";"2011-08-05";"M";"170";"175";"179";"58";"52";"48";"2011-08-07 20:00:00"
"12189";"CS";"2011-08-12";"K";"164";"269";"175";"59";"87";"33";"2011-08-14 20:00:00"
"12202";"CS";"2011-08-12";"M";"198";"218";"194";"54";"63";"65";"2011-08-14 20:00:00"
"12215";"CS";"2011-08-19";"K";"92";"242";"254";"35";"64";"79";"2011-08-21 20:00:00"
"12228";"CS";"2011-08-19";"M";"197";"200";"187";"66";"55";"56";"2011-08-21 20:00:00"
"12241";"CS";"2011-08-26";"K";"116";"259";"189";"47";"96";"51";"2011-08-28 20:00:00"
"12254";"CS";"2011-08-26";"M";"185";"197";"181";"61";"80";"53";"2011-08-28 20:00:00"
"12267";"CS";"2011-09-02";"K";"114";"253";"232";"36";"100";"74";"2011-09-04 20:00:00"
"12280";"CS";"2011-09-02";"M";"202";"200";"195";"71";"82";"57";"2011-09-04 20:00:00"
"12293";"CS";"2011-09-09";"K";"80";"271";"211";"29";"84";"65";"2011-09-11 20:00:00"
"12306";"CS";"2011-09-09";"M";"183";"206";"172";"70";"46";"62";"2011-09-11 20:00:00"
"12319";"CS";"2011-09-16";"K";"135";"279";"166";"41";"92";"53";"2011-09-18 20:00:00"
"12332";"CS";"2011-09-16";"M";"195";"187";"194";"64";"63";"58";"2011-09-18 20:00:00"
"12345";"CS";"2011-09-23";"K";"95";"222";"265";"38";"70";"86";"2011-09-25 20:00:00"
"12358";"CS";"2011-09-23";"M";"191";"200";"188";"70";"63";"61";"2011-09-25 20:00:00"
"12371";"CS";"2011-09-30";"K";"128";"260";"194";"34";"73";"81";"2011-10-02 20:00:00"
"12384";"CS";"2011-09-30";"M";"179";"211";"190";"55";"68";"63";"2011-10-02 20:00:00"
"12397";"CS";"2011-10-07";"K";"150";"260";"178";"62";"76";"48";"2011-10-09 20:00:00"
"12410";"CS";"2011-10-07";"M";"196";"193";"187";"64";"54";"69";"2011-10-09 20:00:00"
"12423";"CS";"2011-10-14";"K";"174";"269";"138";"49";"86";"45";"2011-10-16 20:00:00"
"12436";"CS";"2011-10-14";"M";"192";"196";"186";"58";"54";"70";"2011-10-16 20:00:00"
"12449";"CS";"2011-10-21";"K";"151";"267";"211";"45";"86";"54";"2011-10-23 20:00:00"
"12462";"CS";"2011-10-21";"M";"205";"211";"217";"62";"55";"70";"2011-10-23 20:00:00"
"12475";"CS";"2011-10-28";"K";"261";"238";"87";"68";"75";"41";"2011-11-02 00:00:00"
"12488";"CS";"2011-10-28";"M";"201";"204";"180";"64";"54";"64";"2011-11-02 00:00:00"
"12501";"CS";"2011-11-04";"K";"181";"259";"141";"57";"80";"45";"2011-11-06 20:00:00"
"12514";"CS";"2011-11-04";"M";"181";"198";"197";"55";"68";"60";"2011-11-06 20:00:00"
"12527";"CS";"2011-11-11";"K";"172";"298";"154";"52";"91";"44";"2011-11-13 20:00:00"
"12540";"CS";"2011-11-11";"M";"190";"223";"208";"54";"67";"70";"2011-11-13 20:00:00"
"12553";"CS";"2011-11-18";"K";"124";"290";"209";"33";"81";"80";"2011-11-20 20:00:00"
"12566";"CS";"2011-11-18";"M";"169";"232";"222";"64";"57";"77";"2011-11-20 20:00:00"
"12579";"CS";"2011-11-25";"K";"124";"250";"236";"44";"71";"91";"2011-11-27 20:00:00"
"12592";"CS";"2011-11-25";"M";"161";"206";"241";"61";"65";"82";"2011-11-27 20:00:00"
"12605";"CS";"2011-12-02";"K";"214";"270";"118";"65";"69";"53";"2011-12-04 20:00:00"
"12618";"CS";"2011-12-02";"M";"185";"189";"224";"56";"56";"75";"2011-12-04 20:00:00"
"12631";"CS";"2011-12-09";"K";"147";"287";"173";"52";"85";"56";"2011-12-11 20:00:00"
"12644";"CS";"2011-12-09";"M";"153";"222";"233";"59";"59";"77";"2011-12-11 20:00:00"
"12657";"CS";"2011-12-16";"K";"127";"283";"179";"43";"93";"75";"2011-12-18 20:00:00"
"12670";"CS";"2011-12-16";"M";"153";"193";"247";"59";"64";"88";"2011-12-18 20:00:00"
"12683";"CS";"2011-12-23";"K";"132";"242";"118";"32";"65";"51";"2011-12-25 20:00:00"
"12696";"CS";"2011-12-23";"M";"134";"155";"207";"44";"43";"62";"2011-12-25 20:00:00"
"12709";"CS";"2011-12-30";"K";"143";"268";"142";"45";"61";"52";"2012-01-01 20:00:00"
"12722";"CS";"2011-12-30";"M";"156";"201";"196";"51";"50";"57";"2012-01-01 20:00:00"
"12735";"CS";"2012-01-06";"K";"155";"279";"136";"38";"78";"61";"2012-01-08 20:00:00"
"12748";"CS";"2012-01-06";"M";"172";"209";"188";"49";"58";"71";"2012-01-08 20:00:00"
"12761";"CS";"2012-01-13";"K";"176";"276";"154";"71";"78";"50";"2012-01-15 20:00:00"
"12774";"CS";"2012-01-13";"M";"202";"199";"201";"76";"72";"50";"2012-01-15 20:00:00"
"12787";"CS";"2012-01-20";"K";"202";"263";"140";"68";"85";"41";"2012-01-22 20:00:00"
"12800";"CS";"2012-01-20";"M";"222";"204";"177";"73";"58";"62";"2012-01-22 20:00:00"
"12813";"CS";"2012-01-27";"K";"222";"245";"134";"68";"81";"45";"2012-01-29 20:00:00"
"12826";"CS";"2012-01-27";"M";"249";"179";"169";"84";"57";"53";"2012-01-29 20:00:00"
"12839";"CS";"2012-02-03";"K";"260";"234";"96";"82";"88";"36";"2012-02-05 20:00:00"
"12852";"CS";"2012-02-03";"M";"263";"194";"131";"93";"62";"50";"2012-02-05 20:00:00"
"12865";"CS";"2012-02-10";"K";"203";"248";"117";"62";"90";"43";"2012-02-12 20:00:00"
"12878";"CS";"2012-02-10";"M";"237";"190";"141";"86";"65";"45";"2012-02-12 20:00:00"
"12891";"CS";"2012-02-17";"K";"205";"272";"114";"81";"80";"40";"2012-02-19 20:00:00"
"12904";"CS";"2012-02-17";"M";"252";"186";"150";"101";"57";"43";"2012-02-19 20:00:00"
"12917";"CS";"2012-02-24";"K";"195";"270";"122";"81";"96";"21";"2012-02-26 20:00:00"
"12930";"CS";"2012-02-24";"M";"268";"189";"133";"96";"59";"44";"2012-02-26 20:00:00"
"12943";"CS";"2012-03-02";"K";"215";"272";"87";"83";"89";"30";"2012-03-04 20:00:00"
"12956";"CS";"2012-03-02";"M";"266";"180";"122";"114";"56";"32";"2012-03-04 20:00:00"
"12969";"CS";"2012-03-09";"K";"202";"264";"101";"65";"89";"27";"2012-03-11 20:00:00"
"12982";"CS";"2012-03-09";"M";"267";"185";"112";"79";"65";"37";"2012-03-11 20:00:00"
"12995";"CS";"2012-03-16";"K";"223";"243";"87";"61";"82";"33";"2012-03-18 20:00:00"
"13008";"CS";"2012-03-16";"M";"234";"191";"128";"77";"58";"41";"2012-03-18 20:00:00"
"13021";"CS";"2012-03-23";"K";"128";"275";"158";"32";"91";"67";"2012-03-25 20:00:00"
"13034";"CS";"2012-03-23";"M";"219";"206";"137";"70";"68";"52";"2012-03-25 20:00:00"
"13047";"CS";"2012-03-30";"K";"134";"274";"156";"33";"83";"64";"2012-04-01 20:00:00"
"13060";"CS";"2012-03-30";"M";"203";"218";"141";"68";"63";"49";"2012-04-01 20:00:00"
"13073";"CS";"2012-04-06";"K";"104";"249";"208";"32";"87";"51";"2012-04-08 20:00:00"
"13086";"CS";"2012-04-06";"M";"209";"213";"133";"71";"63";"38";"2012-04-08 20:00:00"
"13099";"CS";"2012-04-13";"K";"126";"256";"176";"39";"91";"44";"2012-04-15 20:00:00"
"13112";"CS";"2012-04-13";"M";"211";"199";"146";"81";"59";"33";"2012-04-15 20:00:00"
"13125";"CS";"2012-04-20";"K";"136";"296";"147";"53";"102";"49";"2012-04-22 20:00:00"
"13138";"CS";"2012-04-20";"M";"222";"200";"153";"96";"67";"40";"2012-04-22 20:00:00"
"13151";"CS";"2012-04-27";"K";"140";"304";"101";"48";"102";"29";"2012-04-29 20:00:00"
"13164";"CS";"2012-04-27";"M";"216";"198";"131";"80";"58";"40";"2012-04-29 20:00:00"
"13177";"CS";"2012-05-04";"K";"121";"263";"151";"53";"100";"42";"2012-05-06 20:00:00"
"13190";"CS";"2012-05-04";"M";"218";"190";"125";"95";"58";"43";"2012-05-06 20:00:00"
"13203";"CS";"2012-05-11";"K";"100";"270";"158";"47";"90";"45";"2012-05-13 20:00:00"
"13216";"CS";"2012-05-11";"M";"210";"189";"129";"92";"51";"39";"2012-05-13 20:00:00"
"13229";"CS";"2012-05-18";"K";"92";"220";"206";"32";"53";"56";"2012-05-20 20:00:00"
"13242";"CS";"2012-05-18";"M";"180";"191";"146";"55";"50";"37";"2012-05-20 20:00:00"
"13255";"CS";"2012-05-25";"K";"106";"248";"177";"51";"87";"57";"2012-05-27 20:00:00"
"13268";"CS";"2012-05-25";"M";"214";"181";"133";"89";"60";"44";"2012-05-27 20:00:00"
"13281";"CS";"2012-06-01";"K";"95";"223";"234";"41";"69";"67";"2012-06-03 20:00:00"
"13294";"CS";"2012-06-01";"M";"194";"204";"154";"71";"66";"39";"2012-06-03 20:00:00"
"13307";"CS";"2012-06-08";"K";"124";"241";"175";"51";"63";"58";"2012-06-10 20:00:00"
"13320";"CS";"2012-06-08";"M";"205";"174";"161";"68";"54";"51";"2012-06-10 20:00:00"
"13333";"CS";"2012-06-15";"K";"124";"274";"145";"58";"84";"41";"2012-06-17 20:00:00"
"13346";"CS";"2012-06-15";"M";"208";"194";"148";"77";"64";"41";"2012-06-17 20:00:00"
"13359";"CS";"2012-06-22";"K";"94";"268";"198";"34";"81";"67";"2012-06-24 20:00:00"
"13372";"CS";"2012-06-22";"M";"198";"193";"168";"55";"86";"41";"2012-06-24 20:00:00"
"13385";"CS";"2012-06-29";"K";"115";"270";"162";"65";"82";"39";"2012-07-01 20:00:00"
"13398";"CS";"2012-06-29";"M";"181";"185";"174";"73";"56";"58";"2012-07-01 20:00:00"
"13411";"CS";"2012-07-06";"K";"120";"262";"175";"34";"87";"56";"2012-07-08 20:00:00"
"13424";"CS";"2012-07-06";"M";"175";"185";"193";"62";"66";"49";"2012-07-08 20:00:00"
"13437";"CS";"2012-07-13";"K";"107";"275";"178";"41";"87";"58";"2012-07-15 20:00:00"
"13450";"CS";"2012-07-13";"M";"165";"196";"197";"75";"58";"54";"2012-07-15 20:00:00"
"13463";"CS";"2012-07-20";"K";"124";"255";"162";"40";"99";"43";"2012-07-22 20:00:00"
"13476";"CS";"2012-07-20";"M";"170";"193";"179";"62";"65";"55";"2012-07-22 20:00:00"
"13489";"CS";"2012-07-27";"K";"116";"251";"163";"33";"94";"42";"2012-07-29 20:00:00"
"13502";"CS";"2012-07-27";"M";"177";"166";"189";"61";"58";"50";"2012-07-29 20:00:00"
"13515";"CS";"2012-08-03";"K";"117";"268";"161";"40";"95";"58";"2012-08-05 20:00:00"
"13528";"CS";"2012-08-03";"M";"181";"181";"182";"66";"76";"50";"2012-08-05 20:00:00"
"13541";"CS";"2012-08-10";"K";"131";"281";"149";"48";"88";"39";"2012-08-12 20:00:00"
"13554";"CS";"2012-08-10";"M";"191";"201";"164";"78";"55";"42";"2012-08-12 20:00:00"
"13567";"CS";"2012-08-17";"K";"157";"247";"117";"53";"81";"38";"2012-08-19 20:00:00"
"13580";"CS";"2012-08-17";"M";"202";"178";"139";"75";"55";"41";"2012-08-19 20:00:00"
"13593";"CS";"2012-08-24";"K";"91";"252";"200";"25";"90";"59";"2012-08-26 20:00:00"
"13606";"CS";"2012-08-24";"M";"207";"175";"157";"71";"59";"43";"2012-08-26 20:00:00"
"13619";"CS";"2012-08-31";"K";"82";"277";"207";"27";"89";"75";"2012-09-02 20:00:00"
"13632";"CS";"2012-08-31";"M";"209";"187";"163";"77";"68";"46";"2012-09-02 20:00:00"
"13645";"CS";"2012-09-07";"K";"190";"227";"109";"69";"67";"28";"2012-09-09 20:00:00"
"13658";"CS";"2012-09-07";"M";"204";"173";"143";"89";"51";"24";"2012-09-09 20:00:00"
"13671";"CS";"2012-09-14";"K";"203";"271";"112";"74";"83";"30";"2012-09-16 20:00:00"
"13684";"CS";"2012-09-14";"M";"249";"197";"139";"81";"67";"39";"2012-09-16 20:00:00"
"13697";"CS";"2012-09-21";"K";"143";"285";"145";"41";"108";"35";"2012-09-23 20:00:00"
"13710";"CS";"2012-09-21";"M";"230";"187";"149";"74";"73";"37";"2012-09-23 20:00:00"
"13723";"CS";"2012-09-28";"K";"141";"288";"139";"45";"100";"49";"2012-09-30 20:00:00"
"13736";"CS";"2012-09-28";"M";"248";"194";"124";"94";"66";"35";"2012-09-30 20:00:00"
"13749";"CS";"2012-10-05";"K";"173";"277";"125";"66";"91";"30";"2012-10-07 20:00:00"
"13762";"CS";"2012-10-05";"M";"251";"187";"132";"105";"50";"31";"2012-10-07 20:00:00"
"13775";"CS";"2012-10-12";"K";"172";"275";"138";"95";"80";"21";"2012-10-14 20:00:00"
"13788";"CS";"2012-10-12";"M";"268";"174";"143";"117";"51";"28";"2012-10-14 20:00:00"
"13801";"CS";"2012-10-19";"K";"235";"253";"87";"92";"79";"23";"2012-10-21 20:00:00"
"13814";"CS";"2012-10-19";"M";"301";"159";"118";"115";"52";"27";"2012-10-21 20:00:00"
"13827";"CS";"2012-10-26";"K";"198";"291";"115";"71";"100";"27";"2012-10-28 20:00:00"
"13840";"CS";"2012-10-26";"M";"280";"189";"138";"120";"51";"25";"2012-10-28 20:00:00"
"13853";"CS";"2012-11-02";"K";"258";"252";"79";"95";"73";"17";"2012-11-04 20:00:00"
"13866";"CS";"2012-11-02";"M";"302";"175";"108";"114";"45";"27";"2012-11-04 20:00:00"
"13879";"CS";"2012-11-09";"K";"179";"271";"160";"67";"106";"42";"2012-11-11 20:00:00"
"13892";"CS";"2012-11-09";"M";"299";"173";"136";"119";"62";"35";"2012-11-11 20:00:00"
"13905";"CS";"2012-11-16";"K";"139";"275";"164";"68";"93";"43";"2012-11-18 20:00:00"
"13918";"CS";"2012-11-16";"M";"259";"178";"141";"113";"61";"29";"2012-11-18 20:00:00"
"13931";"CS";"2012-11-23";"K";"268";"253";"76";"101";"79";"24";"2012-11-25 20:00:00"
"13944";"CS";"2012-11-23";"M";"314";"169";"110";"123";"55";"27";"2012-11-25 20:00:00"
"13957";"CS";"2012-11-30";"K";"277";"239";"89";"92";"86";"17";"2012-12-02 20:00:00"
"13970";"CS";"2012-11-30";"M";"307";"194";"101";"120";"53";"22";"2012-12-02 20:00:00"
"13983";"CS";"2012-12-07";"K";"291";"214";"68";"111";"75";"18";"2012-12-09 20:00:00"
"13996";"CS";"2012-12-07";"M";"302";"153";"114";"127";"52";"25";"2012-12-09 20:00:00"
"14009";"CS";"2012-12-14";"K";"288";"235";"70";"108";"69";"14";"2012-12-16 20:00:00"
"14022";"CS";"2012-12-14";"M";"314";"174";"101";"125";"45";"22";"2012-12-16 20:00:00"
"14035";"CS";"2012-12-21";"K";"271";"222";"86";"88";"74";"21";"2012-12-23 20:00:00"
"14048";"CS";"2012-12-21";"M";"319";"163";"95";"120";"39";"23";"2012-12-23 20:00:00"
"14061";"CS";"2012-12-28";"K";"226";"217";"82";"66";"72";"18";"2012-12-30 20:00:00"
"14074";"CS";"2012-12-28";"M";"287";"144";"93";"101";"32";"24";"2012-12-30 20:00:00"
"14087";"CS";"2013-01-04";"K";"334";"201";"59";"112";"73";"19";"2013-01-06 20:00:00"
"14100";"CS";"2013-01-04";"M";"352";"157";"80";"141";"43";"20";"2013-01-06 20:00:00"
"14113";"CS";"2013-01-11";"K";"328";"234";"59";"102";"90";"21";"2013-01-13 20:00:00"
"14126";"CS";"2013-01-11";"M";"388";"161";"72";"159";"37";"15";"2013-01-13 20:00:00"
"14139";"CS";"2013-01-18";"K";"305";"236";"78";"122";"71";"23";"2013-01-20 20:00:00"
"14152";"CS";"2013-01-18";"M";"397";"137";"84";"154";"43";"18";"2013-01-20 20:00:00"
"14165";"CS";"2013-01-25";"K";"323";"227";"63";"121";"78";"18";"2013-01-27 20:00:00"
"14178";"CS";"2013-01-25";"M";"384";"151";"82";"149";"45";"23";"2013-01-27 20:00:00"
"14191";"CS";"2013-02-01";"K";"286";"279";"82";"104";"88";"25";"2013-02-03 20:00:00"
"14204";"CS";"2013-02-01";"M";"375";"171";"97";"142";"53";"24";"2013-02-03 20:00:00"
"14217";"CS";"2013-02-08";"K";"264";"280";"105";"95";"92";"45";"2013-02-10 20:00:00"
"14230";"CS";"2013-02-08";"M";"400";"160";"88";"156";"47";"29";"2013-02-10 20:00:00"
"14243";"CS";"2013-02-15";"K";"243";"306";"106";"82";"110";"30";"2013-02-17 20:00:00"
"14256";"CS";"2013-02-15";"M";"392";"178";"79";"161";"40";"21";"2013-02-17 20:00:00"
"14269";"CS";"2013-02-22";"K";"166";"305";"139";"61";"105";"50";"2013-02-24 20:00:00"
"14282";"CS";"2013-02-22";"M";"337";"182";"87";"140";"51";"25";"2013-02-24 20:00:00"
"14295";"CS";"2013-03-01";"K";"216";"314";"106";"79";"98";"28";"2013-03-03 20:00:00"
"14308";"CS";"2013-03-01";"M";"335";"195";"108";"121";"57";"28";"2013-03-03 20:00:00"
"14321";"CS";"2013-03-08";"K";"308";"267";"67";"87";"97";"23";"2013-03-10 20:00:00"
"14334";"CS";"2013-03-08";"M";"323";"204";"117";"107";"65";"35";"2013-03-10 20:00:00"
"14347";"CS";"2013-03-15";"K";"239";"283";"113";"61";"99";"43";"2013-03-17 20:00:00"
"14360";"CS";"2013-03-15";"M";"290";"208";"137";"106";"61";"36";"2013-03-17 20:00:00"
"14373";"CS";"2013-03-22";"K";"160";"329";"114";"49";"117";"41";"2013-03-24 20:00:00"
"14386";"CS";"2013-03-22";"M";"263";"219";"122";"97";"70";"40";"2013-03-24 20:00:00"
"14399";"CS";"2013-03-29";"K";"144";"310";"137";"40";"94";"48";"2013-03-31 20:00:00"
"14412";"CS";"2013-03-29";"M";"252";"216";"123";"85";"66";"30";"2013-03-31 20:00:00"
"14425";"CS";"2013-04-05";"K";"140";"292";"173";"42";"114";"49";"2013-04-07 20:00:00"
"14438";"CS";"2013-04-05";"M";"243";"222";"142";"93";"80";"32";"2013-04-07 20:00:00"
"14451";"CS";"2013-04-12";"K";"170";"328";"108";"49";"108";"41";"2013-04-14 20:00:00"
"14464";"CS";"2013-04-12";"M";"242";"227";"141";"101";"62";"36";"2013-04-14 20:00:00"
"14477";"CS";"2013-04-19";"K";"112";"304";"188";"49";"108";"58";"2013-04-21 20:00:00"
"14490";"CS";"2013-04-19";"M";"220";"229";"155";"104";"79";"32";"2013-04-21 20:00:00"
"14503";"CS";"2013-04-26";"K";"177";"305";"105";"70";"117";"40";"2013-04-28 20:00:00"
"14516";"CS";"2013-04-26";"M";"235";"217";"136";"100";"83";"43";"2013-04-28 20:00:00"
"14529";"CS";"2013-05-03";"K";"197";"301";"91";"82";"108";"32";"2013-05-05 20:00:00"
"14542";"CS";"2013-05-03";"M";"262";"199";"125";"115";"68";"38";"2013-05-05 20:00:00"
"14555";"CS";"2013-05-10";"K";"249";"249";"64";"75";"75";"25";"2013-05-12 20:00:00"
"14568";"CS";"2013-05-10";"M";"256";"199";"105";"86";"58";"32";"2013-05-12 20:00:00"
"14581";"CS";"2013-05-17";"K";"232";"282";"98";"58";"100";"33";"2013-05-19 20:00:00"
"14594";"CS";"2013-05-17";"M";"275";"215";"121";"91";"70";"28";"2013-05-19 20:00:00"
"14607";"CS";"2013-05-24";"K";"119";"294";"192";"41";"112";"56";"2013-05-26 20:00:00"
"14620";"CS";"2013-05-24";"M";"233";"232";"142";"90";"80";"38";"2013-05-26 20:00:00"
"14633";"CS";"2013-05-31";"K";"122";"322";"143";"41";"98";"38";"2013-06-02 20:00:00"
"14646";"CS";"2013-05-31";"M";"220";"211";"151";"85";"59";"33";"2013-06-02 20:00:00"
"14659";"CS";"2013-06-07";"K";"116";"321";"141";"47";"115";"37";"2013-06-09 20:00:00"
"14672";"CS";"2013-06-07";"M";"234";"208";"132";"89";"71";"39";"2013-06-09 20:00:00"
"14685";"CS";"2013-06-14";"K";"117";"297";"176";"43";"117";"44";"2013-06-16 20:00:00"
"14698";"CS";"2013-06-14";"M";"227";"199";"159";"90";"79";"34";"2013-06-16 20:00:00"
"14711";"CS";"2013-06-21";"K";"89";"257";"238";"31";"88";"74";"2013-06-23 20:00:00"
"14724";"CS";"2013-06-21";"M";"190";"208";"182";"64";"79";"50";"2013-06-23 20:00:00"
"14737";"CS";"2013-06-28";"K";"128";"304";"191";"56";"112";"52";"2013-06-30 20:00:00"
"14750";"CS";"2013-06-28";"M";"205";"227";"188";"81";"88";"50";"2013-06-30 20:00:00"
"14763";"CS";"2013-07-05";"K";"115";"321";"157";"57";"96";"46";"2013-07-07 20:00:00"
"14776";"CS";"2013-07-05";"M";"185";"225";"180";"82";"75";"43";"2013-07-07 20:00:00"
"14789";"CS";"2013-07-12";"K";"152";"290";"122";"68";"96";"37";"2013-07-14 20:00:00"
"14802";"CS";"2013-07-12";"M";"196";"223";"138";"83";"78";"38";"2013-07-14 20:00:00"
"14815";"CS";"2013-07-19";"K";"133";"294";"131";"41";"108";"56";"2013-07-21 20:00:00"
"14828";"CS";"2013-07-19";"M";"174";"226";"157";"67";"82";"56";"2013-07-21 20:00:00"
"14841";"CS";"2013-07-26";"K";"85";"298";"166";"36";"107";"65";"2013-07-28 20:00:00"
"14854";"CS";"2013-07-26";"M";"182";"193";"171";"65";"87";"55";"2013-07-28 20:00:00"
"14867";"CS";"2013-08-02";"K";"138";"305";"129";"52";"105";"46";"2013-08-04 20:00:00"
"14880";"CS";"2013-08-02";"M";"209";"206";"156";"79";"80";"43";"2013-08-04 20:00:00"
"14893";"CS";"2013-08-09";"K";"109";"306";"163";"25";"97";"48";"2013-08-11 20:00:00"
"14906";"CS";"2013-08-09";"M";"209";"211";"160";"69";"60";"39";"2013-08-11 20:00:00"
"14919";"CS";"2013-08-16";"K";"102";"299";"165";"35";"115";"44";"2013-08-18 20:00:00"
"14932";"CS";"2013-08-16";"M";"213";"194";"158";"90";"73";"31";"2013-08-18 20:00:00"
"14945";"CS";"2013-08-23";"K";"138";"305";"143";"41";"109";"47";"2013-08-25 20:00:00"
"14958";"CS";"2013-08-23";"M";"237";"190";"160";"78";"83";"35";"2013-08-25 20:00:00"
"14971";"CS";"2013-08-30";"K";"68";"289";"180";"32";"93";"64";"2013-09-01 20:00:00"
"14984";"CS";"2013-08-30";"M";"206";"197";"129";"85";"74";"30";"2013-09-01 20:00:00"
"14997";"CS";"2013-09-06";"K";"138";"267";"160";"40";"109";"39";"2013-09-08 20:00:00"
"15010";"CS";"2013-09-06";"M";"241";"202";"125";"91";"60";"35";"2013-09-08 20:00:00"
"15023";"CS";"2013-09-13";"K";"215";"275";"84";"88";"86";"27";"2013-09-15 20:00:00"
"15036";"CS";"2013-09-13";"M";"285";"188";"103";"129";"51";"18";"2013-09-15 20:00:00"
"15049";"CS";"2013-09-20";"K";"227";"268";"80";"74";"90";"31";"2013-09-22 20:00:00"
"15062";"CS";"2013-09-20";"M";"304";"165";"108";"119";"48";"26";"2013-09-22 20:00:00"
"15075";"CS";"2013-09-27";"K";"160";"276";"103";"63";"107";"34";"2013-09-29 20:00:00"
"15088";"CS";"2013-09-27";"M";"260";"188";"93";"117";"66";"20";"2013-09-29 20:00:00"
"15101";"CS";"2013-10-04";"K";"147";"319";"110";"55";"103";"40";"2013-10-06 20:00:00"
"15114";"CS";"2013-10-04";"M";"285";"201";"89";"114";"60";"22";"2013-10-06 20:00:00"
"15153";"CS";"2013-10-11";"K";"223";"285";"76";"97";"101";"21";"2013-10-13 20:00:00"
"15166";"CS";"2013-10-11";"M";"294";"195";"97";"120";"68";"29";"2013-10-13 20:00:00"
"15179";"CS";"2013-10-18";"K";"214";"264";"95";"83";"96";"23";"2013-10-20 20:00:00"
"15192";"CS";"2013-10-18";"M";"281";"182";"110";"115";"54";"33";"2013-10-20 20:00:00"
"15205";"CS";"2013-10-25";"K";"187";"269";"102";"62";"106";"40";"2013-10-27 20:00:00"
"15218";"CS";"2013-10-25";"M";"240";"195";"123";"102";"70";"35";"2013-10-27 20:00:00"
"15231";"CS";"2013-11-01";"K";"157";"282";"108";"45";"71";"34";"2013-11-03 20:00:00"
"15244";"CS";"2013-11-01";"M";"236";"217";"96";"71";"52";"27";"2013-11-03 20:00:00"
"15257";"CS";"2013-11-08";"K";"162";"294";"123";"57";"96";"51";"2013-11-10 20:00:00"
"15270";"CS";"2013-11-08";"M";"232";"219";"126";"96";"71";"36";"2013-11-10 20:00:00"
"15283";"CS";"2013-11-15";"K";"220";"287";"82";"83";"86";"21";"2013-11-17 20:00:00"
"15296";"CS";"2013-11-15";"M";"247";"225";"115";"96";"71";"22";"2013-11-17 20:00:00"
"15309";"CS";"2013-11-22";"K";"245";"258";"72";"97";"87";"20";"2013-11-24 20:00:00"
"15322";"CS";"2013-11-22";"M";"254";"191";"132";"113";"63";"25";"2013-11-24 20:00:00"
"15335";"CS";"2013-11-29";"K";"292";"242";"65";"97";"88";"20";"2013-12-01 20:00:00"
"15348";"CS";"2013-11-29";"M";"280";"190";"130";"111";"61";"32";"2013-12-01 20:00:00"
"15361";"CS";"2013-12-06";"K";"191";"290";"88";"84";"87";"22";"2013-12-08 20:00:00"
"15374";"CS";"2013-12-06";"M";"264";"180";"127";"106";"62";"23";"2013-12-08 20:00:00"
"15387";"CS";"2013-12-13";"K";"166";"298";"120";"73";"99";"29";"2013-12-15 20:00:00"
"15400";"CS";"2013-12-13";"M";"265";"198";"123";"119";"54";"28";"2013-12-15 20:00:00"
"15413";"CS";"2013-12-20";"K";"210";"262";"74";"64";"101";"24";"2013-12-22 20:00:00"
"15426";"CS";"2013-12-20";"M";"250";"186";"111";"94";"72";"22";"2013-12-22 20:00:00"
"15439";"CS";"2013-12-27";"K";"190";"233";"74";"62";"75";"18";"2013-12-29 20:00:00"
"15452";"CS";"2013-12-27";"M";"204";"178";"114";"79";"53";"22";"2013-12-29 20:00:00"
"15465";"CS";"2014-01-03";"K";"146";"312";"136";"52";"108";"43";"2014-01-05 20:00:00"
"15478";"CS";"2014-01-03";"M";"245";"214";"131";"100";"74";"28";"2014-01-05 20:00:00"
"15491";"CS";"2014-01-10";"K";"148";"315";"142";"55";"120";"50";"2014-01-12 20:00:00"
"15504";"CS";"2014-01-10";"M";"218";"235";"146";"114";"79";"32";"2014-01-12 20:00:00"
"15517";"CS";"2014-01-17";"K";"171";"303";"109";"58";"115";"33";"2014-01-19 20:00:00"
"15530";"CS";"2014-01-17";"M";"222";"227";"132";"102";"69";"34";"2014-01-19 20:00:00"
"15543";"CS";"2014-01-24";"K";"92";"281";"224";"50";"97";"64";"2014-01-26 20:00:00"
"15556";"CS";"2014-01-24";"M";"209";"229";"162";"105";"66";"38";"2014-01-26 20:00:00"
"15569";"CS";"2014-01-31";"K";"105";"281";"208";"39";"102";"65";"2014-02-02 20:00:00"
"15582";"CS";"2014-01-31";"M";"196";"229";"171";"97";"81";"28";"2014-02-02 20:00:00"
"15595";"CS";"2014-02-07";"K";"157";"307";"148";"66";"120";"40";"2014-02-09 20:00:00"
"15608";"CS";"2014-02-07";"M";"220";"232";"156";"99";"86";"38";"2014-02-09 20:00:00"
"15621";"CS";"2014-02-14";"K";"195";"301";"91";"87";"104";"33";"2014-02-16 20:00:00"
"15634";"CS";"2014-02-14";"M";"207";"238";"141";"96";"89";"36";"2014-02-16 20:00:00"
"15647";"CS";"2014-02-21";"K";"131";"318";"144";"47";"117";"47";"2014-02-23 20:00:00"
"15660";"CS";"2014-02-21";"M";"178";"246";"169";"93";"74";"40";"2014-02-23 20:00:00"
"15673";"CS";"2014-02-28";"K";"127";"313";"170";"54";"102";"54";"2014-03-02 20:00:00"
"15686";"CS";"2014-02-28";"M";"191";"227";"192";"76";"82";"49";"2014-03-02 20:00:00"
"15699";"CS";"2014-03-07";"K";"118";"327";"145";"47";"104";"53";"2014-03-09 20:00:00"
"15712";"CS";"2014-03-07";"M";"168";"224";"194";"93";"66";"42";"2014-03-09 20:00:00"
"15725";"CS";"2014-03-14";"K";"98";"228";"269";"37";"87";"76";"2014-03-16 20:00:00"
"15738";"CS";"2014-03-14";"M";"143";"238";"208";"72";"77";"48";"2014-03-16 20:00:00"
"15751";"CS";"2014-03-21";"K";"99";"310";"198";"54";"103";"51";"2014-03-23 20:00:00"
"15764";"CS";"2014-03-21";"M";"156";"244";"200";"84";"73";"49";"2014-03-23 20:00:00"
"15777";"CS";"2014-03-28";"K";"146";"278";"164";"63";"121";"39";"2014-03-30 20:00:00"
"15790";"CS";"2014-03-28";"M";"174";"220";"193";"93";"78";"48";"2014-03-30 20:00:00"
"15803";"CS";"2014-04-04";"K";"147";"275";"135";"65";"104";"30";"2014-04-06 20:00:00"
"15816";"CS";"2014-04-04";"M";"184";"217";"155";"82";"67";"49";"2014-04-06 20:00:00"
"15829";"CS";"2014-04-11";"K";"93";"279";"201";"37";"104";"50";"2014-04-13 20:00:00"
"15842";"CS";"2014-04-11";"M";"173";"211";"189";"87";"62";"36";"2014-04-13 20:00:00"
"15855";"CS";"2014-04-18";"K";"126";"267";"133";"47";"109";"38";"2014-04-20 20:00:00"
"15868";"CS";"2014-04-18";"M";"155";"205";"162";"83";"79";"31";"2014-04-20 20:00:00"
"15881";"CS";"2014-04-25";"K";"101";"310";"173";"34";"117";"50";"2014-04-27 20:00:00"
"15894";"CS";"2014-04-25";"M";"173";"226";"179";"84";"76";"39";"2014-04-27 20:00:00"
"15907";"CS";"2014-05-02";"K";"94";"303";"158";"30";"115";"37";"2014-05-04 20:00:00"
"15920";"CS";"2014-05-02";"M";"169";"215";"173";"72";"69";"41";"2014-05-04 20:00:00"
"15933";"CS";"2014-05-09";"K";"104";"317";"165";"34";"123";"53";"2014-05-11 20:00:00"
"15946";"CS";"2014-05-09";"M";"164";"226";"195";"68";"82";"58";"2014-05-11 20:00:00"
"15959";"CS";"2014-05-16";"K";"106";"303";"172";"39";"121";"63";"2014-05-18 20:00:00"
"15972";"CS";"2014-05-16";"M";"169";"217";"195";"76";"83";"63";"2014-05-18 20:00:00"
"15985";"CS";"2014-05-23";"K";"147";"302";"126";"60";"107";"46";"2014-05-25 20:00:00"
"15998";"CS";"2014-05-23";"M";"187";"219";"166";"83";"77";"50";"2014-05-25 20:00:00"
"16011";"CS";"2014-05-30";"K";"148";"303";"112";"56";"113";"24";"2014-06-01 20:00:00"
"16024";"CS";"2014-05-30";"M";"176";"225";"160";"71";"78";"42";"2014-06-01 20:00:00"
"16037";"CS";"2014-06-06";"K";"177";"298";"102";"49";"107";"30";"2014-06-08 20:00:00"
"16050";"CS";"2014-06-06";"M";"191";"225";"156";"76";"60";"47";"2014-06-08 20:00:00"
"16063";"CS";"2014-06-13";"K";"150";"302";"125";"57";"105";"37";"2014-06-15 20:00:00"
"16076";"CS";"2014-06-13";"M";"198";"217";"161";"84";"80";"35";"2014-06-15 20:00:00"
"16089";"CS";"2014-06-20";"K";"164";"289";"99";"47";"115";"16";"2014-06-22 20:00:00"
"16102";"CS";"2014-06-20";"M";"198";"208";"149";"72";"75";"29";"2014-06-22 20:00:00"
"16115";"CS";"2014-06-27";"K";"118";"299";"135";"46";"124";"37";"2014-06-29 20:00:00"
"16128";"CS";"2014-06-27";"M";"201";"214";"137";"84";"84";"38";"2014-06-29 20:00:00"
"16141";"CS";"2014-07-04";"K";"222";"281";"84";"79";"92";"18";"2014-07-06 20:00:00"
"16154";"CS";"2014-07-04";"M";"253";"205";"129";"93";"67";"29";"2014-07-06 20:00:00"
"16167";"CS";"2014-07-11";"K";"117";"318";"162";"42";"115";"35";"2014-07-13 20:00:00"
"16180";"CS";"2014-07-11";"M";"227";"216";"148";"89";"76";"27";"2014-07-13 20:00:00"
"16193";"CS";"2014-07-18";"K";"142";"295";"139";"52";"111";"38";"2014-07-20 20:00:00"
"16206";"CS";"2014-07-18";"M";"238";"188";"146";"91";"73";"35";"2014-07-20 20:00:00"
"16219";"CS";"2014-07-25";"K";"192";"300";"108";"85";"97";"24";"2014-07-27 20:00:00"
"16232";"CS";"2014-07-25";"M";"292";"184";"123";"113";"63";"28";"2014-07-27 20:00:00"
"16245";"CS";"2014-08-01";"K";"146";"252";"168";"63";"92";"37";"2014-08-03 20:00:00"
"16258";"CS";"2014-08-01";"M";"277";"184";"104";"101";"64";"25";"2014-08-03 20:00:00"
"16271";"CS";"2014-08-08";"K";"150";"283";"163";"66";"93";"48";"2014-08-10 20:00:00"
"16284";"CS";"2014-08-08";"M";"281";"179";"130";"123";"58";"26";"2014-08-10 20:00:00"
"16297";"CS";"2014-08-15";"K";"192";"297";"103";"74";"73";"25";"2014-08-17 20:00:00"
"16310";"CS";"2014-08-15";"M";"271";"207";"112";"91";"54";"27";"2014-08-17 20:00:00"
"16323";"CS";"2014-08-22";"K";"200";"266";"116";"72";"96";"38";"2014-08-24 20:00:00"
"16336";"CS";"2014-08-22";"M";"258";"208";"120";"109";"71";"27";"2014-08-24 20:00:00"
"16349";"CS";"2014-08-29";"K";"151";"294";"138";"57";"115";"38";"2014-08-31 20:00:00"
"16362";"CS";"2014-08-29";"M";"275";"201";"102";"117";"66";"26";"2014-08-31 20:00:00"
"16375";"CS";"2014-09-05";"K";"260";"236";"80";"93";"73";"26";"2014-09-07 20:00:00"
"16388";"CS";"2014-09-05";"M";"303";"169";"101";"121";"49";"19";"2014-09-07 20:00:00"
"16401";"CS";"2014-09-12";"K";"236";"305";"105";"66";"102";"26";"2014-09-14 20:00:00"
"16414";"CS";"2014-09-12";"M";"349";"194";"105";"117";"49";"28";"2014-09-14 20:00:00"
"16427";"CS";"2014-09-19";"K";"245";"257";"79";"88";"90";"22";"2014-09-21 20:00:00"
"16440";"CS";"2014-09-19";"M";"300";"166";"111";"122";"59";"18";"2014-09-21 20:00:00"
"16453";"CS";"2014-09-26";"K";"126";"300";"140";"57";"122";"35";"2014-09-28 20:00:00"
"16466";"CS";"2014-09-26";"M";"273";"196";"94";"128";"64";"22";"2014-09-28 20:00:00"
"16479";"CS";"2014-10-03";"K";"111";"293";"176";"50";"97";"54";"2014-10-05 20:00:00"
"16492";"CS";"2014-10-03";"M";"232";"217";"123";"109";"62";"29";"2014-10-05 20:00:00"
"16505";"CS";"2014-10-10";"K";"118";"298";"207";"42";"106";"56";"2014-10-12 20:00:00"
"16518";"CS";"2014-10-10";"M";"231";"238";"147";"104";"71";"29";"2014-10-12 20:00:00"
"16531";"CS";"2014-10-17";"K";"150";"284";"175";"70";"109";"34";"2014-10-19 20:00:00"
"16544";"CS";"2014-10-17";"M";"251";"228";"132";"116";"69";"29";"2014-10-19 20:00:00"
"16557";"CS";"2014-10-24";"K";"177";"317";"114";"69";"112";"23";"2014-10-26 20:00:00"
"16570";"CS";"2014-10-24";"M";"256";"217";"131";"112";"64";"29";"2014-10-26 20:00:00"
"16583";"CS";"2014-10-31";"K";"245";"276";"101";"91";"87";"21";"2014-11-02 20:00:00"
"16596";"CS";"2014-10-31";"M";"261";"215";"141";"91";"79";"29";"2014-11-02 20:00:00"
"16609";"CS";"2014-11-07";"K";"216";"304";"87";"87";"112";"24";"2014-11-09 20:00:00"
"16622";"CS";"2014-11-07";"M";"248";"227";"129";"109";"88";"26";"2014-11-09 20:00:00"
"16635";"CS";"2014-11-14";"K";"244";"306";"88";"90";"96";"31";"2014-11-16 20:00:00"
"16648";"CS";"2014-11-14";"M";"297";"215";"121";"113";"74";"31";"2014-11-16 20:00:00"
"16661";"CS";"2014-11-21";"K";"251";"279";"68";"98";"92";"25";"2014-11-23 20:00:00"
"16674";"CS";"2014-11-21";"M";"267";"219";"109";"109";"65";"38";"2014-11-23 20:00:00"
"16687";"CS";"2014-11-28";"K";"276";"267";"86";"101";"102";"24";"2014-11-30 20:00:00"
"16700";"CS";"2014-11-28";"M";"284";"213";"130";"123";"75";"28";"2014-11-30 20:00:00"
"16713";"CS";"2014-12-05";"K";"283";"228";"73";"96";"95";"29";"2014-12-07 20:00:00"
"16726";"CS";"2014-12-05";"M";"286";"184";"117";"128";"69";"23";"2014-12-07 20:00:00"
"16739";"CS";"2014-12-12";"K";"177";"280";"129";"60";"107";"49";"2014-12-14 20:00:00"
"16752";"CS";"2014-12-12";"M";"252";"202";"136";"120";"59";"35";"2014-12-14 20:00:00"
"16765";"CS";"2014-12-19";"K";"256";"268";"63";"81";"81";"31";"2014-12-21 20:00:00"
"16778";"CS";"2014-12-19";"M";"307";"184";"100";"113";"53";"26";"2014-12-21 20:00:00"
"16791";"CS";"2014-12-26";"K";"217";"257";"64";"60";"86";"20";"2014-12-28 20:00:00"
"16804";"CS";"2014-12-26";"M";"280";"162";"95";"97";"49";"18";"2014-12-28 20:00:00"
"16817";"CS";"2015-01-02";"K";"190";"273";"97";"70";"83";"21";"2015-01-04 20:00:00"
"16830";"CS";"2015-01-02";"M";"304";"174";"83";"109";"51";"15";"2015-01-04 20:00:00"
"16843";"CS";"2015-01-09";"K";"233";"295";"100";"77";"106";"40";"2015-01-11 20:00:00"
"16856";"CS";"2015-01-09";"M";"337";"195";"96";"147";"53";"24";"2015-01-11 20:00:00"
"16869";"CS";"2015-01-16";"K";"249";"257";"89";"74";"105";"34";"2015-01-18 20:00:00"
"16882";"CS";"2015-01-16";"M";"303";"208";"86";"126";"59";"25";"2015-01-18 20:00:00"
"16895";"CS";"2015-01-23";"K";"267";"282";"69";"98";"100";"23";"2015-01-25 20:00:00"
"16908";"CS";"2015-01-23";"M";"339";"188";"92";"138";"51";"31";"2015-01-25 20:00:00"
"16921";"CS";"2015-01-30";"K";"187";"325";"97";"70";"116";"29";"2015-02-01 20:00:00"
"16934";"CS";"2015-01-30";"M";"319";"216";"75";"136";"59";"21";"2015-02-01 20:00:00"
"16947";"CS";"2015-02-06";"K";"187";"357";"108";"63";"104";"45";"2015-02-08 20:00:00"
"16960";"CS";"2015-02-06";"M";"328";"218";"109";"126";"55";"30";"2015-02-08 20:00:00"
"16973";"CS";"2015-02-13";"K";"235";"304";"76";"84";"103";"30";"2015-02-15 20:00:00"
"16986";"CS";"2015-02-13";"M";"301";"209";"105";"137";"57";"22";"2015-02-15 20:00:00"
"16999";"CS";"2015-02-20";"K";"239";"285";"88";"82";"121";"15";"2015-02-22 20:00:00"
"17012";"CS";"2015-02-20";"M";"309";"213";"88";"137";"68";"13";"2015-02-22 20:00:00"
"17025";"CS";"2015-02-27";"K";"261";"267";"84";"90";"88";"32";"2015-03-01 20:00:00"
"17038";"CS";"2015-02-27";"M";"317";"199";"95";"130";"58";"21";"2015-03-01 20:00:00"
"17051";"CS";"2015-03-06";"K";"214";"316";"101";"79";"108";"40";"2015-03-08 20:00:00"
"17064";"CS";"2015-03-06";"M";"305";"217";"109";"135";"63";"28";"2015-03-08 20:00:00"
"17077";"CS";"2015-03-13";"K";"228";"314";"101";"77";"110";"29";"2015-03-15 20:00:00"
"17090";"CS";"2015-03-13";"M";"299";"234";"110";"131";"62";"21";"2015-03-15 20:00:00"
"17103";"CS";"2015-03-20";"K";"250";"271";"95";"97";"106";"19";"2015-03-22 20:00:00"
"17116";"CS";"2015-03-20";"M";"327";"187";"102";"138";"65";"21";"2015-03-22 20:00:00"
"17129";"CS";"2015-03-27";"K";"193";"329";"102";"69";"116";"31";"2015-03-29 20:00:00"
"17142";"CS";"2015-03-27";"M";"342";"194";"92";"137";"57";"23";"2015-03-29 20:00:00"
"17155";"CS";"2015-04-03";"K";"234";"285";"65";"87";"94";"24";"2015-04-05 20:00:00"
"17168";"CS";"2015-04-03";"M";"309";"178";"98";"128";"54";"18";"2015-04-05 20:00:00"
"17181";"CS";"2015-04-10";"K";"336";"218";"55";"118";"72";"21";"2015-04-12 20:00:00"
"17194";"CS";"2015-04-10";"M";"316";"195";"92";"126";"59";"24";"2015-04-12 20:00:00"
"17207";"CS";"2015-04-17";"K";"215";"284";"111";"65";"107";"45";"2015-04-19 20:00:00"
"17220";"CS";"2015-04-17";"M";"303";"181";"124";"111";"67";"40";"2015-04-19 20:00:00"
"17233";"CS";"2015-04-24";"K";"237";"281";"110";"80";"100";"48";"2015-04-26 20:00:00"
"17246";"CS";"2015-04-24";"M";"296";"201";"127";"128";"63";"34";"2015-04-26 20:00:00"
"17259";"CS";"2015-05-01";"K";"192";"296";"141";"57";"103";"53";"2015-05-03 20:00:00"
"17272";"CS";"2015-05-01";"M";"319";"187";"120";"109";"75";"29";"2015-05-03 20:00:00"
"17285";"CS";"2015-05-08";"K";"177";"311";"139";"60";"114";"39";"2015-05-10 20:00:00"
"17298";"CS";"2015-05-08";"M";"296";"222";"115";"111";"70";"30";"2015-05-10 20:00:00"
"17311";"CS";"2015-05-15";"K";"191";"306";"115";"49";"102";"33";"2015-05-17 20:00:00"
"17324";"CS";"2015-05-15";"M";"284";"212";"117";"97";"58";"24";"2015-05-17 20:00:00"
"17337";"CS";"2015-05-22";"K";"242";"297";"78";"79";"114";"28";"2015-05-24 20:00:00"
"17350";"CS";"2015-05-22";"M";"281";"221";"111";"109";"68";"45";"2015-05-24 20:00:00"
"17363";"CS";"2015-05-29";"K";"159";"308";"142";"54";"101";"67";"2015-05-31 20:00:00"
"17376";"CS";"2015-05-29";"M";"255";"202";"155";"85";"80";"53";"2015-05-31 20:00:00"
"17389";"CS";"2015-06-05";"K";"132";"274";"173";"41";"98";"54";"2015-06-07 20:00:00"
"17402";"CS";"2015-06-05";"M";"204";"212";"157";"71";"63";"58";"2015-06-07 20:00:00"
"17415";"CS";"2015-06-12";"K";"151";"296";"155";"62";"103";"46";"2015-06-14 20:00:00"
"17428";"CS";"2015-06-12";"M";"187";"227";"188";"85";"65";"61";"2015-06-14 20:00:00"
"17441";"CS";"2015-06-19";"K";"133";"309";"197";"36";"109";"78";"2015-06-21 20:00:00"
"17454";"CS";"2015-06-19";"M";"211";"230";"192";"63";"84";"76";"2015-06-21 20:00:00"
"17467";"CS";"2015-06-26";"K";"104";"260";"253";"35";"77";"101";"2015-06-28 20:00:00"
"17480";"CS";"2015-06-26";"M";"193";"226";"192";"79";"70";"60";"2015-06-28 20:00:00"
"17493";"CS";"2015-07-03";"K";"95";"267";"276";"34";"94";"93";"2015-07-05 20:00:00"
"17506";"CS";"2015-07-03";"M";"203";"249";"188";"78";"83";"60";"2015-07-05 20:00:00"
"17519";"CS";"2015-07-10";"K";"153";"242";"250";"73";"91";"53";"2015-07-12 20:00:00"
"17532";"CS";"2015-07-10";"M";"174";"264";"201";"62";"95";"59";"2015-07-12 20:00:00"
"17545";"CS";"2015-07-17";"K";"129";"322";"180";"53";"114";"54";"2015-07-19 20:00:00"
"17558";"CS";"2015-07-17";"M";"187";"248";"196";"81";"80";"60";"2015-07-19 20:00:00"
"17571";"CS";"2015-07-24";"K";"108";"333";"205";"43";"120";"69";"2015-07-26 20:00:00"
"17584";"CS";"2015-07-24";"M";"178";"253";"219";"76";"86";"69";"2015-07-26 20:00:00"
"17597";"CS";"2015-07-31";"K";"64";"257";"293";"28";"97";"98";"2015-08-02 20:00:00"
"17610";"CS";"2015-07-31";"M";"126";"236";"244";"68";"94";"60";"2015-08-02 20:00:00"
"17623";"CS";"2015-08-07";"K";"71";"320";"254";"40";"116";"72";"2015-08-09 20:00:00"
"17636";"CS";"2015-08-07";"M";"162";"246";"232";"84";"90";"57";"2015-08-09 20:00:00"
"17649";"CS";"2015-08-14";"K";"105";"267";"264";"41";"108";"77";"2015-08-16 20:00:00"
"17662";"CS";"2015-08-14";"M";"183";"243";"211";"80";"90";"58";"2015-08-16 20:00:00"
"17675";"CS";"2015-08-21";"K";"54";"155";"418";"17";"66";"132";"2015-08-23 20:00:00"
"17688";"CS";"2015-08-21";"M";"164";"213";"249";"60";"86";"70";"2015-08-23 20:00:00"
"17701";"CS";"2015-08-28";"K";"110";"242";"286";"56";"90";"77";"2015-08-30 20:00:00"
"17714";"CS";"2015-08-28";"M";"196";"233";"217";"64";"84";"75";"2015-08-30 20:00:00"
"17727";"CS";"2015-09-04";"K";"65";"219";"345";"25";"88";"103";"2015-09-06 20:00:00"
"17740";"CS";"2015-09-04";"M";"179";"242";"205";"71";"89";"56";"2015-09-06 20:00:00"
"17753";"CS";"2015-09-11";"K";"79";"279";"296";"25";"92";"95";"2015-09-13 20:00:00"
"17766";"CS";"2015-09-11";"M";"194";"249";"213";"82";"75";"54";"2015-09-13 20:00:00"
"17779";"CS";"2015-09-18";"K";"82";"267";"295";"27";"113";"91";"2015-09-20 20:00:00"
"17792";"CS";"2015-09-18";"M";"200";"253";"186";"74";"93";"64";"2015-09-20 20:00:00"
"17805";"CS";"2015-09-25";"K";"78";"280";"286";"40";"113";"80";"2015-09-27 20:00:00"
"17818";"CS";"2015-09-25";"M";"173";"244";"219";"85";"88";"58";"2015-09-27 20:00:00"
"17831";"CS";"2015-10-02";"K";"108";"288";"233";"55";"111";"59";"2015-10-04 20:00:00"
"17844";"CS";"2015-10-02";"M";"191";"237";"198";"94";"74";"57";"2015-10-04 20:00:00"
"17857";"CS";"2015-10-09";"K";"178";"312";"139";"85";"113";"37";"2015-10-11 20:00:00"
"17870";"CS";"2015-10-09";"M";"218";"244";"163";"93";"86";"57";"2015-10-11 20:00:00"
"17883";"CS";"2015-10-16";"K";"182";"300";"148";"91";"120";"28";"2015-10-18 20:00:00"
"17896";"CS";"2015-10-16";"M";"233";"234";"162";"105";"88";"45";"2015-10-18 20:00:00"
"17909";"CS";"2015-10-23";"K";"248";"290";"98";"109";"100";"25";"2015-10-25 20:00:00"
"17922";"CS";"2015-10-23";"M";"265";"223";"142";"107";"92";"35";"2015-10-25 20:00:00"
"17935";"CS";"2015-10-30";"K";"193";"370";"86";"78";"126";"31";"2015-11-01 20:00:00"
"17948";"CS";"2015-10-30";"M";"258";"244";"149";"102";"89";"41";"2015-11-01 20:00:00"
"17961";"CS";"2015-11-06";"K";"243";"308";"94";"99";"121";"31";"2015-11-08 20:00:00"
"17974";"CS";"2015-11-06";"M";"260";"256";"129";"123";"86";"42";"2015-11-08 20:00:00"
"17987";"CS";"2015-11-13";"K";"193";"334";"121";"64";"121";"48";"2015-11-15 20:00:00"
"18000";"CS";"2015-11-13";"M";"269";"235";"141";"105";"87";"38";"2015-11-15 20:00:00"
"18013";"CS";"2015-11-20";"K";"275";"296";"68";"95";"122";"17";"2015-11-22 20:00:00"
"18026";"CS";"2015-11-20";"M";"262";"234";"135";"98";"94";"42";"2015-11-22 20:00:00"
"18039";"CS";"2015-11-27";"K";"243";"302";"109";"65";"118";"46";"2015-11-29 20:00:00"
"18052";"CS";"2015-11-27";"M";"257";"241";"146";"78";"104";"46";"2015-11-29 20:00:00"
"18065";"CS";"2015-12-04";"K";"171";"335";"147";"64";"145";"46";"2015-12-06 20:00:00"
"18078";"CS";"2015-12-04";"M";"260";"231";"160";"100";"100";"52";"2015-12-06 20:00:00"
"18091";"CS";"2015-12-11";"K";"133";"338";"179";"48";"134";"48";"2015-12-13 20:00:00"
"18104";"CS";"2015-12-11";"M";"208";"267";"178";"89";"91";"49";"2015-12-13 20:00:00"
"18117";"CS";"2015-12-18";"K";"172";"315";"120";"62";"130";"35";"2015-12-20 20:00:00"
"18130";"CS";"2015-12-18";"M";"191";"230";"181";"81";"85";"60";"2015-12-20 20:00:00"
"18143";"CS";"2015-12-25";"K";"173";"294";"107";"54";"103";"24";"2015-12-27 20:00:00"
"18156";"CS";"2015-12-25";"M";"191";"191";"193";"68";"65";"45";"2015-12-27 20:00:00"
"18169";"CS";"2016-01-01";"K";"150";"313";"133";"42";"107";"40";"2016-01-03 20:00:00"
"18182";"CS";"2016-01-01";"M";"187";"208";"198";"58";"75";"56";"2016-01-03 20:00:00"
"18195";"CS";"2016-01-08";"K";"71";"173";"448";"40";"84";"114";"2016-01-10 20:00:00"
"18208";"CS";"2016-01-08";"M";"138";"220";"329";"54";"80";"105";"2016-01-10 20:00:00"
"18221";"CS";"2016-01-15";"K";"90";"240";"381";"35";"96";"122";"2016-01-17 20:00:00"
"18234";"CS";"2016-01-15";"M";"141";"246";"316";"66";"91";"95";"2016-01-17 20:00:00"
"18247";"CS";"2016-01-22";"K";"142";"258";"309";"79";"104";"69";"2016-01-24 20:00:00"
"18260";"CS";"2016-01-22";"M";"159";"242";"304";"64";"92";"96";"2016-01-24 20:00:00"
"18273";"CS";"2016-01-29";"K";"107";"271";"338";"50";"111";"84";"2016-01-31 20:00:00"
"18286";"CS";"2016-01-29";"M";"156";"226";"331";"66";"82";"95";"2016-01-31 20:00:00"
"18299";"CS";"2016-02-05";"K";"87";"263";"360";"40";"104";"102";"2016-02-07 20:00:00"
"18312";"CS";"2016-02-05";"M";"169";"229";"313";"72";"86";"90";"2016-02-07 20:00:00"
"18325";"CS";"2016-02-12";"K";"99";"250";"382";"52";"92";"95";"2016-02-14 20:00:00"
"18338";"CS";"2016-02-12";"M";"174";"247";"303";"77";"88";"76";"2016-02-14 20:00:00"
"18351";"CS";"2016-02-19";"K";"134";"355";"214";"57";"130";"68";"2016-02-21 20:00:00"
"18364";"CS";"2016-02-19";"M";"177";"241";"289";"83";"93";"78";"2016-02-21 20:00:00"
"18377";"CS";"2016-02-26";"K";"122";"339";"230";"56";"124";"61";"2016-02-28 20:00:00"
"18390";"CS";"2016-02-26";"M";"177";"249";"262";"76";"76";"91";"2016-02-28 20:00:00"
"18403";"CS";"2016-03-04";"K";"162";"356";"173";"62";"137";"41";"2016-03-06 20:00:00"
"18416";"CS";"2016-03-04";"M";"186";"261";"242";"80";"83";"78";"2016-03-06 20:00:00"
"18429";"CS";"2016-03-11";"K";"122";"346";"207";"47";"130";"63";"2016-03-13 20:00:00"
"18442";"CS";"2016-03-11";"M";"188";"226";"262";"79";"81";"80";"2016-03-13 20:00:00"
"18455";"CS";"2016-03-18";"K";"149";"368";"171";"57";"127";"50";"2016-03-20 20:00:00"
"18468";"CS";"2016-03-18";"M";"213";"246";"224";"80";"80";"71";"2016-03-20 20:00:00"
"18481";"CS";"2016-03-25";"K";"128";"337";"173";"41";"128";"60";"2016-03-27 20:00:00"
"18494";"CS";"2016-03-25";"M";"213";"227";"189";"72";"87";"71";"2016-03-27 20:00:00"
"18507";"CS";"2016-04-01";"K";"136";"345";"167";"44";"108";"63";"2016-04-03 20:00:00"
"18520";"CS";"2016-04-01";"M";"190";"258";"197";"75";"82";"57";"2016-04-03 20:00:00"
"18533";"CS";"2016-04-08";"K";"91";"336";"222";"40";"149";"58";"2016-04-10 20:00:00"
"18546";"CS";"2016-04-08";"M";"183";"246";"223";"79";"98";"68";"2016-04-10 20:00:00"
"18559";"CS";"2016-04-15";"K";"219";"336";"117";"79";"113";"42";"2016-04-17 20:00:00"
"18572";"CS";"2016-04-15";"M";"259";"233";"175";"89";"88";"57";"2016-04-17 20:00:00"
"18585";"CS";"2016-04-22";"K";"211";"327";"135";"62";"120";"53";"2016-04-24 20:00:00"
"18598";"CS";"2016-04-22";"M";"247";"244";"175";"99";"78";"55";"2016-04-24 20:00:00"
"18611";"CS";"2016-04-29";"K";"124";"353";"181";"43";"134";"61";"2016-05-01 20:00:00"
"18624";"CS";"2016-04-29";"M";"236";"245";"179";"94";"83";"57";"2016-05-01 20:00:00"
"18637";"CS";"2016-05-06";"K";"97";"320";"198";"29";"103";"66";"2016-05-08 20:00:00"
"18650";"CS";"2016-05-06";"M";"209";"223";"175";"64";"80";"50";"2016-05-08 20:00:00"
"18663";"CS";"2016-05-13";"K";"93";"332";"232";"35";"122";"73";"2016-05-15 20:00:00"
"18676";"CS";"2016-05-13";"M";"209";"254";"195";"72";"85";"71";"2016-05-15 20:00:00"
"18689";"CS";"2016-05-20";"K";"96";"324";"209";"37";"131";"66";"2016-05-22 20:00:00"
"18702";"CS";"2016-05-20";"M";"207";"240";"181";"91";"83";"56";"2016-05-22 20:00:00"
"18715";"CS";"2016-05-27";"K";"178";"331";"109";"50";"107";"30";"2016-05-29 20:00:00"
"18728";"CS";"2016-05-27";"M";"214";"248";"149";"71";"73";"42";"2016-05-29 20:00:00"
"18741";"CS";"2016-06-03";"K";"170";"356";"130";"50";"133";"45";"2016-06-05 20:00:00"
"18754";"CS";"2016-06-03";"M";"241";"234";"177";"91";"79";"56";"2016-06-05 20:00:00"
"18767";"CS";"2016-06-10";"K";"118";"360";"177";"45";"142";"53";"2016-06-12 20:00:00"
"18780";"CS";"2016-06-10";"M";"238";"253";"162";"108";"81";"48";"2016-06-12 20:00:00"
"18793";"CS";"2016-06-17";"K";"127";"313";"194";"71";"125";"41";"2016-06-19 20:00:00"
"18806";"CS";"2016-06-17";"M";"216";"257";"166";"89";"100";"46";"2016-06-19 20:00:00"
"18819";"CS";"2016-06-24";"K";"170";"389";"244";"41";"144";"87";"2016-06-26 20:00:00"
"18832";"CS";"2016-06-24";"M";"275";"340";"189";"104";"114";"53";"2016-06-26 20:00:00"
"18845";"CS";"2016-07-01";"K";"156";"365";"150";"58";"124";"42";"2016-07-03 20:00:00"
"18858";"CS";"2016-07-01";"M";"244";"259";"161";"85";"85";"52";"2016-07-03 20:00:00"
"18871";"CS";"2016-07-08";"K";"150";"329";"152";"49";"142";"35";"2016-07-10 20:00:00"
"18884";"CS";"2016-07-08";"M";"224";"246";"161";"96";"83";"45";"2016-07-10 20:00:00"
"18897";"CS";"2016-07-15";"K";"236";"314";"99";"88";"103";"28";"2016-07-17 20:00:00"
"18910";"CS";"2016-07-15";"M";"271";"238";"137";"100";"93";"25";"2016-07-17 20:00:00"
"18923";"CS";"2016-07-22";"K";"194";"313";"104";"70";"111";"41";"2016-07-24 20:00:00"
"18936";"CS";"2016-07-22";"M";"263";"226";"122";"110";"72";"41";"2016-07-24 20:00:00"
"18949";"CS";"2016-07-29";"K";"162";"332";"116";"57";"117";"43";"2016-07-31 20:00:00"
"18962";"CS";"2016-07-29";"M";"255";"226";"123";"110";"71";"36";"2016-07-31 20:00:00"
"18975";"CS";"2016-08-05";"K";"149";"353";"95";"45";"133";"41";"2016-08-07 20:00:00"
"18988";"CS";"2016-08-05";"M";"269";"216";"111";"105";"80";"36";"2016-08-07 20:00:00"
"19001";"CS";"2016-08-12";"K";"254";"296";"69";"86";"106";"38";"2016-08-14 20:00:00"
"19014";"CS";"2016-08-12";"M";"302";"203";"114";"125";"67";"35";"2016-08-14 20:00:00"
"19027";"CS";"2016-08-19";"K";"225";"264";"98";"82";"113";"34";"2016-08-21 20:00:00"
"19040";"CS";"2016-08-19";"M";"296";"174";"116";"131";"68";"28";"2016-08-21 20:00:00"
"19053";"CS";"2016-08-26";"K";"164";"291";"105";"65";"106";"37";"2016-08-28 20:00:00"
"19066";"CS";"2016-08-26";"M";"282";"173";"105";"109";"70";"28";"2016-08-28 20:00:00"
"19079";"CS";"2016-09-02";"K";"169";"304";"88";"66";"111";"32";"2016-09-04 20:00:00"
"19092";"CS";"2016-09-02";"M";"261";"196";"101";"113";"65";"31";"2016-09-04 20:00:00"
"19134";"CS";"2016-09-09";"K";"211";"326";"117";"72";"117";"46";"2016-09-11 20:00:00"
"19102";"CS";"2016-09-09";"M";"345";"193";"118";"138";"64";"33";"2016-09-11 20:00:00"
"19203";"CS";"2016-09-16";"K";"168";"310";"117";"62";"114";"45";"2016-09-18 20:00:00"
"19168";"CS";"2016-09-16";"M";"305";"189";"95";"130";"69";"22";"2016-09-18 20:00:00"
"19272";"CS";"2016-09-23";"K";"248";"298";"87";"89";"111";"40";"2016-09-25 20:00:00"
"19238";"CS";"2016-09-23";"M";"315";"205";"110";"120";"78";"40";"2016-09-25 20:00:00"
"19336";"CS";"2016-09-30";"K";"179";"323";"105";"66";"114";"41";"2016-10-02 20:00:00"
"19304";"CS";"2016-09-30";"M";"302";"189";"112";"123";"70";"28";"2016-10-02 20:00:00"
"19403";"CS";"2016-10-07";"K";"184";"314";"105";"74";"126";"26";"2016-10-09 20:00:00"
"19369";"CS";"2016-10-07";"M";"304";"188";"110";"128";"69";"27";"2016-10-09 20:00:00"
"19475";"CS";"2016-10-14";"K";"190";"363";"182";"73";"153";"38";"2016-10-16 20:00:00"
"19438";"CS";"2016-10-14";"M";"330";"228";"178";"143";"83";"36";"2016-10-16 20:00:00"
"19544";"CS";"2016-10-21";"K";"220";"316";"87";"88";"121";"25";"2016-10-23 20:00:00"
"19510";"CS";"2016-10-21";"M";"315";"200";"117";"127";"77";"29";"2016-10-23 20:00:00"
"19614";"CS";"2016-10-28";"K";"234";"294";"93";"76";"125";"32";"2016-10-30 20:00:00"
"19578";"CS";"2016-10-28";"M";"325";"182";"112";"132";"76";"24";"2016-10-30 20:00:00"
"19688";"CS";"2016-11-04";"K";"178";"308";"136";"69";"119";"38";"2016-11-06 20:00:00"
"19650";"CS";"2016-11-04";"M";"304";"207";"107";"117";"78";"29";"2016-11-06 20:00:00"
"19755";"CS";"2016-11-11";"K";"240";"313";"89";"97";"119";"25";"2016-11-13 20:00:00"
"19722";"CS";"2016-11-11";"M";"261";"241";"138";"127";"73";"39";"2016-11-13 20:00:00"
"19826";"CS";"2016-11-18";"K";"227";"317";"84";"88";"120";"27";"2016-11-20 20:00:00"
"19790";"CS";"2016-11-18";"M";"275";"239";"114";"114";"82";"36";"2016-11-20 20:00:00"
"19892";"CS";"2016-11-25";"K";"245";"294";"73";"87";"134";"26";"2016-11-27 20:00:00"
"19859";"CS";"2016-11-25";"M";"281";"214";"114";"122";"94";"32";"2016-11-27 20:00:00"
"19961";"CS";"2016-12-02";"K";"188";"298";"94";"82";"128";"29";"2016-12-04 20:00:00"
"19926";"CS";"2016-12-02";"M";"280";"195";"106";"125";"78";"34";"2016-12-04 20:00:00"
"20028";"CS";"2016-12-09";"K";"321";"223";"61";"108";"108";"24";"2016-12-11 20:00:00"
"19995";"CS";"2016-12-09";"M";"268";"222";"104";"112";"88";"37";"2016-12-11 20:00:00"
"20092";"CS";"2016-12-16";"K";"228";"297";"94";"74";"140";"29";"2016-12-18 20:00:00"
"20060";"CS";"2016-12-16";"M";"250";"248";"113";"110";"93";"40";"2016-12-18 20:00:00"
"20163";"CS";"2016-12-23";"K";"145";"326";"101";"58";"117";"34";"2016-12-25 20:00:00"
"20127";"CS";"2016-12-23";"M";"228";"218";"121";"86";"79";"41";"2016-12-25 20:00:00"
"20230";"CS";"2016-12-30";"K";"170";"301";"114";"50";"112";"29";"2017-01-01 20:00:00"
"20197";"CS";"2016-12-30";"M";"240";"224";"116";"71";"92";"28";"2017-01-01 20:00:00"
"20301";"CS";"2017-01-06";"K";"217";"315";"82";"50";"106";"36";"2017-01-08 20:00:00"
"20266";"CS";"2017-01-06";"M";"291";"213";"104";"76";"70";"45";"2017-01-08 20:00:00"
"20373";"CS";"2017-01-13";"K";"178";"316";"128";"69";"130";"38";"2017-01-15 20:00:00"
"20336";"CS";"2017-01-13";"M";"259";"245";"113";"102";"92";"41";"2017-01-15 20:00:00"
"20443";"CS";"2017-01-20";"K";"183";"337";"111";"70";"135";"33";"2017-01-22 20:00:00"
"20408";"CS";"2017-01-20";"M";"266";"234";"127";"95";"106";"36";"2017-01-22 20:00:00"
"20516";"CS";"2017-01-27";"K";"270";"369";"101";"100";"135";"30";"2017-01-29 20:00:00"
"20480";"CS";"2017-01-27";"M";"281";"297";"155";"113";"107";"45";"2017-01-29 20:00:00"
"20578";"CS";"2017-02-03";"K";"162";"377";"121";"65";"147";"39";"2017-02-05 20:00:00"
"20549";"CS";"2017-02-03";"M";"270";"244";"139";"97";"105";"46";"2017-02-05 20:00:00"
"20648";"CS";"2017-02-10";"K";"215";"329";"116";"76";"138";"30";"2017-02-12 20:00:00"
"20610";"CS";"2017-02-10";"M";"269";"238";"149";"99";"106";"38";"2017-02-12 20:00:00"
"20721";"CS";"2017-02-17";"K";"227";"337";"114";"72";"129";"36";"2017-02-19 20:00:00"
"20685";"CS";"2017-02-17";"M";"265";"268";"141";"92";"104";"40";"2017-02-19 20:00:00"
"20796";"CS";"2017-02-24";"K";"189";"299";"112";"51";"141";"43";"2017-02-26 20:00:00"
"20758";"CS";"2017-02-24";"M";"234";"245";"122";"91";"98";"44";"2017-02-26 20:00:00"
"20867";"CS";"2017-03-03";"K";"215";"335";"105";"50";"133";"44";"2017-03-05 20:00:00"
"20832";"CS";"2017-03-03";"M";"254";"279";"123";"96";"83";"46";"2017-03-05 20:00:00"
"20942";"CS";"2017-03-10";"K";"169";"359";"122";"55";"128";"32";"2017-03-12 20:00:00"
"20904";"CS";"2017-03-10";"M";"230";"273";"143";"91";"83";"39";"2017-03-12 20:00:00"
"21021";"CS";"2017-03-17";"K";"222";"330";"114";"72";"116";"46";"2017-03-19 20:00:00"
"20979";"CS";"2017-03-17";"M";"245";"260";"158";"89";"93";"50";"2017-03-19 20:00:00"
"21104";"CS";"2017-03-24";"K";"156";"340";"126";"56";"137";"39";"2017-03-26 20:00:00"
"21062";"CS";"2017-03-24";"M";"217";"259";"141";"94";"97";"40";"2017-03-26 20:00:00"
"21182";"CS";"2017-03-31";"K";"229";"377";"114";"79";"128";"42";"2017-04-02 20:00:00"
"21143";"CS";"2017-03-31";"M";"255";"284";"176";"102";"94";"54";"2017-04-02 20:00:00"
"21265";"CS";"2017-04-07";"K";"137";"355";"130";"63";"108";"48";"2017-04-09 20:00:00"
"21224";"CS";"2017-04-07";"M";"196";"254";"166";"89";"89";"41";"2017-04-09 20:00:00"
"21343";"CS";"2017-04-14";"K";"136";"360";"155";"44";"136";"50";"2017-04-16 20:00:00"
"21305";"CS";"2017-04-14";"M";"230";"251";"165";"91";"90";"44";"2017-04-16 20:00:00"
"21422";"CS";"2017-04-21";"K";"157";"344";"130";"68";"125";"35";"2017-04-23 20:00:00"
"21380";"CS";"2017-04-21";"M";"232";"254";"145";"106";"75";"47";"2017-04-23 20:00:00"
"21505";"CS";"2017-04-28";"K";"180";"332";"108";"59";"132";"44";"2017-04-30 20:00:00"
"21464";"CS";"2017-04-28";"M";"224";"242";"153";"94";"95";"45";"2017-04-30 20:00:00"
"21583";"CS";"2017-05-05";"K";"166";"312";"136";"53";"135";"54";"2017-05-07 20:00:00"
"21545";"CS";"2017-05-05";"M";"195";"241";"178";"82";"94";"66";"2017-05-07 20:00:00"
"21661";"CS";"2017-05-12";"K";"151";"324";"159";"36";"119";"67";"2017-05-14 20:00:00"
"21620";"CS";"2017-05-12";"M";"178";"275";"175";"73";"100";"47";"2017-05-14 20:00:00"
"21744";"CS";"2017-05-19";"K";"111";"320";"187";"40";"126";"60";"2017-05-21 20:00:00"
"21702";"CS";"2017-05-19";"M";"204";"233";"176";"72";"103";"48";"2017-05-21 20:00:00"
"21822";"CS";"2017-05-26";"K";"127";"317";"119";"35";"114";"52";"2017-05-28 20:00:00"
"21783";"CS";"2017-05-26";"M";"181";"211";"161";"58";"73";"65";"2017-05-28 20:00:00"
"21902";"CS";"2017-06-02";"K";"158";"315";"94";"70";"113";"32";"2017-06-04 20:00:00"
"21864";"CS";"2017-06-02";"M";"198";"224";"138";"75";"95";"45";"2017-06-04 20:00:00"
"21976";"CS";"2017-06-09";"K";"142";"329";"106";"62";"132";"34";"2017-06-11 20:00:00"
"21937";"CS";"2017-06-09";"M";"208";"218";"148";"102";"78";"45";"2017-06-11 20:00:00"
"22056";"CS";"2017-06-16";"K";"148";"351";"149";"52";"126";"44";"2017-06-18 20:00:00"
"22017";"CS";"2017-06-16";"M";"233";"256";"151";"87";"77";"55";"2017-06-18 20:00:00"
"22132";"CS";"2017-06-23";"K";"153";"303";"101";"57";"133";"33";"2017-06-25 20:00:00"
"22094";"CS";"2017-06-23";"M";"205";"211";"141";"104";"73";"44";"2017-06-25 20:00:00"
"22206";"CS";"2017-06-30";"K";"111";"285";"171";"49";"111";"54";"2017-07-02 20:00:00"
"22168";"CS";"2017-06-30";"M";"206";"217";"143";"93";"79";"40";"2017-07-02 20:00:00"
"22278";"CS";"2017-07-07";"K";"132";"297";"160";"49";"132";"50";"2017-07-09 20:00:00"
"22242";"CS";"2017-07-07";"M";"250";"205";"132";"101";"90";"38";"2017-07-09 20:00:00"
"22359";"CS";"2017-07-14";"K";"218";"349";"110";"78";"117";"23";"2017-07-16 20:00:00"
"22317";"CS";"2017-07-14";"M";"276";"254";"145";"103";"76";"37";"2017-07-16 20:00:00"
"22438";"CS";"2017-07-21";"K";"145";"291";"120";"61";"104";"45";"2017-07-23 20:00:00"
"22399";"CS";"2017-07-21";"M";"224";"210";"121";"94";"74";"41";"2017-07-23 20:00:00"
"22517";"CS";"2017-07-28";"K";"135";"298";"134";"46";"114";"46";"2017-07-30 20:00:00"
"22476";"CS";"2017-07-28";"M";"239";"207";"121";"98";"76";"30";"2017-07-30 20:00:00"
"22599";"CS";"2017-08-04";"K";"163";"332";"126";"43";"113";"51";"2017-08-06 20:00:00"
"22557";"CS";"2017-08-04";"M";"274";"229";"119";"89";"72";"42";"2017-08-06 20:00:00"
"22677";"CS";"2017-08-11";"K";"84";"252";"227";"28";"90";"93";"2017-08-13 20:00:00"
"22638";"CS";"2017-08-11";"M";"221";"223";"120";"83";"90";"38";"2017-08-13 20:00:00"
"22755";"CS";"2017-08-18";"K";"123";"284";"169";"38";"124";"55";"2017-08-20 20:00:00"
"22717";"CS";"2017-08-18";"M";"271";"187";"115";"101";"77";"38";"2017-08-20 20:00:00"
"22830";"CS";"2017-08-25";"K";"144";"305";"124";"57";"105";"42";"2017-08-27 20:00:00"
"22791";"CS";"2017-08-25";"M";"260";"197";"116";"101";"66";"33";"2017-08-27 20:00:00"
"22905";"CS";"2017-09-01";"K";"169";"276";"118";"74";"124";"37";"2017-09-03 20:00:00"
"22869";"CS";"2017-09-01";"M";"258";"204";"102";"129";"76";"28";"2017-09-03 20:00:00"
"22981";"CS";"2017-09-08";"K";"182";"286";"104";"72";"112";"29";"2017-09-10 20:00:00"
"22941";"CS";"2017-09-08";"M";"273";"200";"100";"116";"69";"25";"2017-09-10 20:00:00"
"23065";"CS";"2017-09-15";"K";"186";"277";"108";"74";"100";"29";"2017-09-17 20:00:00"
"23022";"CS";"2017-09-15";"M";"273";"200";"101";"103";"67";"31";"2017-09-17 20:00:00"
"23144";"CS";"2017-09-22";"K";"191";"276";"95";"62";"115";"37";"2017-09-24 20:00:00"
"23104";"CS";"2017-09-22";"M";"256";"204";"99";"104";"70";"38";"2017-09-24 20:00:00"
"23227";"CS";"2017-09-29";"K";"217";"284";"79";"78";"111";"29";"2017-10-01 20:00:00"
"23186";"CS";"2017-09-29";"M";"279";"195";"105";"106";"78";"34";"2017-10-01 20:00:00"
"23311";"CS";"2017-10-06";"K";"244";"252";"80";"88";"101";"34";"2017-10-08 20:00:00"
"23268";"CS";"2017-10-06";"M";"301";"167";"108";"105";"79";"37";"2017-10-08 20:00:00"
"23391";"CS";"2017-10-13";"K";"250";"283";"76";"81";"112";"20";"2017-10-15 20:00:00"
"23351";"CS";"2017-10-13";"M";"291";"189";"130";"104";"74";"33";"2017-10-15 20:00:00"
"23474";"CS";"2017-10-20";"K";"223";"267";"101";"72";"106";"26";"2017-10-22 20:00:00"
"23433";"CS";"2017-10-20";"M";"287";"181";"119";"101";"66";"36";"2017-10-22 20:00:00"
"23554";"CS";"2017-10-27";"K";"275";"227";"73";"117";"96";"28";"2017-10-29 20:00:00"
"23514";"CS";"2017-10-27";"M";"269";"197";"106";"117";"80";"41";"2017-10-29 20:00:00"
"23631";"CS";"2017-11-03";"K";"235";"254";"88";"87";"114";"27";"2017-11-05 20:00:00"
"23594";"CS";"2017-11-03";"M";"239";"209";"125";"103";"83";"40";"2017-11-05 20:00:00"
"23708";"CS";"2017-11-10";"K";"197";"276";"108";"56";"125";"46";"2017-11-12 20:00:00"
"23668";"CS";"2017-11-10";"M";"273";"197";"107";"102";"73";"50";"2017-11-12 20:00:00"
"23784";"CS";"2017-11-17";"K";"208";"276";"86";"72";"108";"31";"2017-11-19 20:00:00"
"23748";"CS";"2017-11-17";"M";"259";"204";"103";"90";"79";"41";"2017-11-19 20:00:00"
"23862";"CS";"2017-11-24";"K";"222";"263";"88";"59";"119";"31";"2017-11-26 20:00:00"
"23821";"CS";"2017-11-24";"M";"251";"206";"118";"91";"63";"51";"2017-11-26 20:00:00"
"23938";"CS";"2017-12-01";"K";"189";"278";"106";"65";"108";"37";"2017-12-03 20:00:00"
"23901";"CS";"2017-12-01";"M";"231";"211";"133";"87";"73";"49";"2017-12-03 20:00:00"
"24020";"CS";"2017-12-08";"K";"165";"307";"96";"59";"117";"29";"2017-12-10 20:00:00"
"23977";"CS";"2017-12-08";"M";"224";"203";"140";"85";"67";"54";"2017-12-10 20:00:00"
"24101";"CS";"2017-12-15";"K";"169";"299";"82";"52";"112";"32";"2017-12-17 20:00:00"
"24061";"CS";"2017-12-15";"M";"216";"195";"139";"84";"66";"45";"2017-12-17 20:00:00"
"24179";"CS";"2017-12-22";"K";"166";"265";"94";"59";"103";"41";"2017-12-24 20:00:00"
"24140";"CS";"2017-12-22";"M";"223";"182";"122";"88";"66";"46";"2017-12-24 20:00:00"
"24260";"CS";"2017-12-29";"K";"154";"289";"111";"57";"89";"33";"2017-12-31 20:00:00"
"24221";"CS";"2017-12-29";"M";"238";"176";"131";"77";"66";"35";"2017-12-31 20:00:00"
"24337";"CS";"2018-01-05";"K";"266";"227";"56";"105";"80";"19";"2018-01-07 20:00:00"
"24296";"CS";"2018-01-05";"M";"261";"179";"106";"90";"81";"32";"2018-01-07 20:00:00"
"24419";"CS";"2018-01-12";"K";"275";"297";"82";"102";"110";"21";"2018-01-14 20:00:00"
"24378";"CS";"2018-01-12";"M";"287";"227";"137";"102";"89";"38";"2018-01-14 20:00:00"
"24496";"CS";"2018-01-19";"K";"264";"254";"70";"91";"104";"23";"2018-01-21 20:00:00"
"24458";"CS";"2018-01-19";"M";"231";"232";"118";"92";"80";"44";"2018-01-21 20:00:00"
"24579";"CS";"2018-01-26";"K";"228";"255";"89";"77";"103";"36";"2018-01-28 20:00:00"
"24536";"CS";"2018-01-26";"M";"233";"210";"127";"91";"80";"43";"2018-01-28 20:00:00"
"24659";"CS";"2018-02-02";"K";"147";"267";"162";"54";"108";"54";"2018-02-04 20:00:00"
"24620";"CS";"2018-02-02";"M";"236";"204";"136";"91";"77";"46";"2018-02-04 20:00:00"
"24735";"CS";"2018-02-09";"K";"109";"258";"233";"55";"95";"77";"2018-02-11 20:00:00"
"24695";"CS";"2018-02-09";"M";"222";"211";"163";"106";"73";"46";"2018-02-11 20:00:00"
"24813";"CS";"2018-02-16";"K";"181";"295";"124";"76";"112";"28";"2018-02-18 20:00:00"
"24775";"CS";"2018-02-16";"M";"230";"214";"160";"89";"79";"45";"2018-02-18 20:00:00"
"24891";"CS";"2018-02-23";"K";"155";"311";"135";"67";"117";"42";"2018-02-25 20:00:00"
"24851";"CS";"2018-02-23";"M";"211";"226";"162";"84";"88";"54";"2018-02-25 20:00:00"
"24975";"CS";"2018-03-02";"K";"103";"281";"228";"39";"97";"79";"2018-03-04 20:00:00"
"24932";"CS";"2018-03-02";"M";"216";"224";"167";"77";"84";"52";"2018-03-04 20:00:00"
"25061";"CS";"2018-03-09";"K";"189";"282";"104";"67";"124";"24";"2018-03-11 20:00:00"
"25018";"CS";"2018-03-09";"M";"204";"205";"167";"80";"70";"63";"2018-03-11 20:00:00"
"25145";"CS";"2018-03-16";"K";"150";"329";"141";"54";"148";"47";"2018-03-18 20:00:00"
"25104";"CS";"2018-03-16";"M";"198";"232";"183";"82";"100";"62";"2018-03-18 20:00:00"
"25225";"CS";"2018-03-23";"K";"76";"227";"293";"25";"88";"114";"2018-03-25 20:00:00"
"25186";"CS";"2018-03-23";"M";"166";"223";"208";"62";"98";"64";"2018-03-25 20:00:00"
"25307";"CS";"2018-03-30";"K";"143";"260";"157";"50";"104";"41";"2018-04-01 20:00:00"
"25264";"CS";"2018-03-30";"M";"178";"208";"173";"64";"85";"45";"2018-04-01 20:00:00"
"25387";"CS";"2018-04-06";"K";"156";"282";"147";"52";"114";"49";"2018-04-08 20:00:00"
"25347";"CS";"2018-04-06";"M";"160";"212";"212";"75";"73";"62";"2018-04-08 20:00:00"
"25467";"CS";"2018-04-13";"K";"162";"276";"115";"70";"129";"30";"2018-04-15 20:00:00"
"25425";"CS";"2018-04-13";"M";"165";"220";"169";"75";"96";"55";"2018-04-15 20:00:00"
"25547";"CS";"2018-04-20";"K";"147";"290";"130";"60";"117";"48";"2018-04-22 20:00:00"
"25507";"CS";"2018-04-20";"M";"163";"235";"166";"78";"82";"61";"2018-04-22 20:00:00"
"25622";"CS";"2018-04-27";"K";"130";"302";"124";"65";"120";"26";"2018-04-29 20:00:00"
"25585";"CS";"2018-04-27";"M";"163";"230";"161";"74";"86";"49";"2018-04-29 20:00:00"
"25704";"CS";"2018-05-04";"K";"141";"297";"110";"59";"118";"53";"2018-05-06 20:00:00"
"25662";"CS";"2018-05-04";"M";"154";"213";"178";"74";"95";"57";"2018-05-06 20:00:00"
"25789";"CS";"2018-05-11";"K";"181";"261";"94";"59";"102";"40";"2018-05-13 20:00:00"
"25747";"CS";"2018-05-11";"M";"173";"202";"164";"53";"92";"52";"2018-05-13 20:00:00"
"25874";"CS";"2018-05-18";"K";"156";"278";"111";"71";"136";"42";"2018-05-20 20:00:00"
"25831";"CS";"2018-05-18";"M";"170";"209";"164";"75";"111";"60";"2018-05-20 20:00:00"
"25958";"CS";"2018-05-25";"K";"116";"266";"149";"36";"117";"48";"2018-05-27 20:00:00"
"25916";"CS";"2018-05-25";"M";"166";"201";"163";"75";"83";"41";"2018-05-27 20:00:00"
"26042";"CS";"2018-06-01";"K";"92";"267";"179";"40";"111";"50";"2018-06-03 20:00:00"
"26001";"CS";"2018-06-01";"M";"173";"188";"173";"70";"76";"51";"2018-06-03 20:00:00"
"26123";"CS";"2018-06-08";"K";"126";"311";"118";"40";"125";"58";"2018-06-10 20:00:00"
"26083";"CS";"2018-06-08";"M";"184";"203";"165";"80";"89";"52";"2018-06-10 20:00:00"
"26205";"CS";"2018-06-15";"K";"160";"279";"139";"64";"127";"57";"2018-06-17 20:00:00"
"26163";"CS";"2018-06-15";"M";"191";"211";"173";"72";"111";"61";"2018-06-17 20:00:00"
"26287";"CS";"2018-06-22";"K";"57";"236";"252";"23";"94";"100";"2018-06-24 20:00:00"
"26247";"CS";"2018-06-22";"M";"136";"216";"195";"65";"86";"63";"2018-06-24 20:00:00"
"26367";"CS";"2018-06-29";"K";"87";"220";"247";"46";"104";"64";"2018-07-01 20:00:00"
"26327";"CS";"2018-06-29";"M";"139";"210";"205";"78";"70";"65";"2018-07-01 20:00:00"
"26447";"CS";"2018-07-06";"K";"74";"241";"227";"41";"106";"61";"2018-07-08 20:00:00"
"26407";"CS";"2018-07-06";"M";"124";"191";"226";"70";"73";"61";"2018-07-08 20:00:00"
"26529";"CS";"2018-07-13";"K";"88";"273";"223";"37";"119";"77";"2018-07-15 20:00:00"
"26487";"CS";"2018-07-13";"M";"150";"215";"212";"75";"93";"63";"2018-07-15 20:00:00"
"26611";"CS";"2018-07-20";"K";"99";"274";"225";"42";"132";"84";"2018-07-22 20:00:00"
"26571";"CS";"2018-07-20";"M";"165";"207";"220";"71";"103";"84";"2018-07-22 20:00:00"
"26694";"CS";"2018-07-27";"K";"156";"300";"165";"58";"124";"65";"2018-07-29 20:00:00"
"26651";"CS";"2018-07-27";"M";"181";"238";"205";"83";"103";"58";"2018-07-29 20:00:00"
"26775";"CS";"2018-08-03";"K";"56";"243";"258";"30";"94";"88";"2018-08-05 20:00:00"
"26734";"CS";"2018-08-03";"M";"150";"206";"200";"73";"76";"60";"2018-08-05 20:00:00"
"26856";"CS";"2018-08-10";"K";"72";"272";"240";"29";"110";"102";"2018-08-12 20:00:00"
"26816";"CS";"2018-08-10";"M";"181";"199";"197";"81";"87";"68";"2018-08-12 20:00:00"
"26938";"CS";"2018-08-17";"K";"72";"238";"260";"33";"92";"93";"2018-08-19 20:00:00"
"26896";"CS";"2018-08-17";"M";"178";"201";"190";"85";"70";"61";"2018-08-19 20:00:00"
"27022";"CS";"2018-08-24";"K";"94";"315";"236";"40";"129";"84";"2018-08-26 20:00:00"
"26980";"CS";"2018-08-24";"M";"210";"207";"226";"84";"103";"63";"2018-08-26 20:00:00"
"27106";"CS";"2018-08-31";"K";"81";"254";"201";"28";"106";"78";"2018-09-02 20:00:00"
"27063";"CS";"2018-08-31";"M";"169";"207";"162";"75";"88";"45";"2018-09-02 20:00:00"
"27192";"CS";"2018-09-07";"K";"62";"270";"324";"26";"102";"98";"2018-09-09 20:00:00"
"27149";"CS";"2018-09-07";"M";"208";"254";"198";"85";"76";"63";"2018-09-09 20:00:00"
"27277";"CS";"2018-09-14";"K";"116";"260";"196";"51";"107";"54";"2018-09-16 20:00:00"
"27235";"CS";"2018-09-14";"M";"223";"189";"159";"100";"71";"37";"2018-09-16 20:00:00"
"27359";"CS";"2018-09-21";"K";"166";"273";"142";"82";"120";"47";"2018-09-23 20:00:00"
"27319";"CS";"2018-09-21";"M";"218";"215";"146";"108";"87";"49";"2018-09-23 20:00:00"
"27439";"CS";"2018-09-28";"K";"133";"260";"142";"59";"102";"32";"2018-09-30 20:00:00"
"27399";"CS";"2018-09-28";"M";"210";"176";"151";"96";"65";"30";"2018-09-30 20:00:00"
"27517";"CS";"2018-10-05";"K";"110";"254";"196";"40";"105";"68";"2018-10-07 20:00:00"
"27479";"CS";"2018-10-05";"M";"216";"201";"143";"100";"65";"46";"2018-10-07 20:00:00"
"27597";"CS";"2018-10-12";"K";"101";"240";"286";"67";"91";"83";"2018-10-14 20:00:00"
"27555";"CS";"2018-10-12";"M";"203";"207";"214";"100";"87";"49";"2018-10-14 20:00:00"
"27679";"CS";"2018-10-19";"K";"84";"229";"257";"56";"104";"91";"2018-10-21 20:00:00"
"27639";"CS";"2018-10-19";"M";"159";"219";"192";"103";"77";"67";"2018-10-21 20:00:00"
"27759";"CS";"2018-10-26";"K";"116";"249";"305";"72";"88";"90";"2018-10-28 20:00:00"
"27719";"CS";"2018-10-26";"M";"193";"230";"243";"101";"78";"72";"2018-10-28 20:00:00"
"27838";"CS";"2018-11-02";"K";"196";"244";"141";"106";"104";"38";"2018-11-04 20:00:00"
"27799";"CS";"2018-11-02";"M";"209";"191";"176";"95";"91";"60";"2018-11-04 20:00:00"
"27916";"CS";"2018-11-09";"K";"161";"280";"161";"70";"100";"53";"2018-11-11 20:00:00"
"27877";"CS";"2018-11-09";"M";"203";"216";"179";"83";"77";"61";"2018-11-11 20:00:00"
"27993";"CS";"2018-11-16";"K";"151";"259";"158";"87";"125";"40";"2018-11-18 20:00:00"
"27954";"CS";"2018-11-16";"M";"194";"189";"181";"100";"91";"57";"2018-11-18 20:00:00"
"28072";"CS";"2018-11-23";"K";"148";"269";"194";"82";"100";"47";"2018-11-25 20:00:00"
"28033";"CS";"2018-11-23";"M";"191";"210";"211";"87";"85";"55";"2018-11-25 20:00:00"
"28151";"CS";"2018-11-30";"K";"177";"287";"129";"82";"99";"31";"2018-12-02 20:00:00"
"28111";"CS";"2018-11-30";"M";"191";"194";"202";"81";"77";"53";"2018-12-02 20:00:00"
"28232";"CS";"2018-12-07";"K";"105";"271";"292";"71";"98";"77";"2018-12-09 20:00:00"
"28191";"CS";"2018-12-07";"M";"185";"231";"244";"106";"79";"60";"2018-12-09 20:00:00"
"28313";"CS";"2018-12-14";"K";"129";"290";"181";"59";"106";"63";"2018-12-16 20:00:00"
"28273";"CS";"2018-12-14";"M";"188";"218";"190";"85";"76";"65";"2018-12-16 20:00:00"
"28393";"CS";"2018-12-21";"K";"91";"234";"271";"74";"90";"78";"2018-12-23 20:00:00"
"28353";"CS";"2018-12-21";"M";"171";"205";"217";"96";"87";"60";"2018-12-23 20:00:00"
"28473";"CS";"2018-12-28";"K";"130";"241";"218";"66";"72";"35";"2018-12-30 20:00:00"
"28433";"CS";"2018-12-28";"M";"184";"198";"203";"83";"53";"33";"2018-12-30 20:00:00"
"28553";"CS";"2019-01-04";"K";"147";"246";"241";"87";"86";"41";"2019-01-06 20:00:00"
"28513";"CS";"2019-01-04";"M";"209";"215";"216";"94";"74";"45";"2019-01-06 20:00:00"
"28633";"CS";"2019-01-11";"K";"158";"313";"156";"75";"103";"49";"2019-01-13 20:00:00"
"28593";"CS";"2019-01-11";"M";"215";"218";"195";"104";"71";"52";"2019-01-13 20:00:00"
