Datum;Dax_Is;ESX50_Is;SP500_Is;NASDAQ_Is;Nikkei_Is;;
23.02.2001;-0.462585034;-0.492063492;-0.408163265;-0.4575;-0.548752834;;
02.03.2001;-0.44921875;-0.439125911;-0.530273438;-0.422405877;-0.510742188;;
09.03.2001;-0.55359001;-0.63;-0.563614744;-0.446666667;-0.655612245;;
16.03.2001;-0.553571429;-0.666666667;-0.665294925;-0.594387755;-0.533163265;;
23.03.2001;-0.416;-0.447916667;-0.464;-0.4448;-0.5728;;
30.03.2001;-0.48;-0.510204082;-0.563333333;-0.555555556;-0.600475624;;
20.04.2001;-0.561436673;-0.608695652;-0.506616257;-0.461247637;-0.714876033;;
27.04.2001;-0.493055556;-0.491319444;-0.491319444;-0.421875;-0.447916667;;
04.05.2001;-0.40877915;-0.412721893;-0.431952663;-0.423868313;-0.76183432;;
11.05.2001;-0.540816327;-0.580357143;-0.580357143;-0.530612245;-0.820153061;;
18.05.2001;-0.535123967;-0.518595041;-0.45557656;-0.461247637;-0.805;;
25.05.2001;-0.581111111;-0.64803805;-0.613333333;-0.613333333;-1.089179548;;
01.06.2001;-0.713541667;-0.713541667;-0.7248;-0.6592;-0.926275992;;
08.06.2001;-0.543367347;-0.641975309;-0.580357143;-0.588477366;-0.802469136;;
15.06.2001;-0.5568;-0.628472222;-0.5008;-0.5008;-0.81852552;;
22.06.2001;-0.479289941;-0.511772853;-0.518737673;-0.518737673;-0.605551497;;
29.06.2001;-0.66706302;-0.673008323;-0.677295918;-0.662306778;-0.665816327;;
06.07.2001;-0.539833532;-0.524375743;-0.529131986;-0.539833532;-0.582639715;;
13.07.2001;-0.510742188;-0.4765625;-0.494140625;-0.428710938;-0.686666667;;
20.07.2001;-0.402366864;-0.42867036;-0.418145957;-0.400394477;-0.483379501;;
27.07.2001;-0.490451389;-0.460389316;-0.502037121;-0.442708333;-0.552930057;;
03.08.2001;-0.594752187;-0.60546875;-0.584756352;-0.501457726;-0.652331372;;
10.08.2001;-0.422390481;-0.462585034;-0.482422931;-0.482422931;-0.57625;;
17.08.2001;-0.494617455;-0.494;-0.502303696;-0.4987;-0.566655105;;
24.08.2001;-0.490451389;-0.502037121;-0.541232639;-0.461371528;-0.584120983;;
31.08.2001;-0.565866908;-0.576086957;-0.615784499;-0.634676324;-0.640493827;;
07.09.2001;-0.51595457;-0.532312925;-0.557057869;-0.538669551;-0.643050297;;
14.09.2001;-0.406913786;-0.402332362;-0.445231154;-0.4412;-0.443639656;;
21.09.2001;-0.42867036;-0.42147553;-0.448060942;-0.42867036;-0.604821037;;
28.09.2001;-0.525047259;-0.555555556;-0.577777778;-0.52345679;-0.662706612;;
05.10.2001;-0.67867036;-0.707815924;-0.669101534;-0.682249817;-0.828703704;;
12.10.2001;-0.43100189;-0.453333333;-0.445652174;-0.419187146;-0.662706612;;
19.10.2001;-0.461247637;-0.460740741;-0.470226843;-0.458884688;-0.68241966;;
26.10.2001;-0.480216576;-0.538252603;-0.546440972;-0.574652778;-0.787172012;;
09.11.2001;-0.458884688;-0.460246914;-0.445652174;-0.413043478;-0.691632231;;
16.11.2001;-0.49219563;-0.522372529;-0.46201873;-0.438085328;-0.766909469;;
23.11.2001;-0.529375;-0.566074951;-0.614375;-0.57625;-0.966875;;
30.11.2001;-0.497829861;-0.48392938;-0.4765625;-0.49609375;-0.65879017;;
07.12.2001;-0.441043084;-0.454375;-0.444444444;-0.446712018;-0.813711911;;
14.12.2001;-0.584775087;-0.582257393;-0.5472;-0.5472;-0.68359375;;
04.01.2002;-0.586956522;-0.592458678;-0.541728395;-0.571851852;-0.785714286;;
11.01.2002;-0.501730104;-0.524413687;-0.62283737;-0.549404075;-0.708038317;;
18.01.2002;-0.467632413;-0.519376181;-0.518786781;-0.55454957;-0.525047259;;
25.01.2002;-0.53600823;-0.518518519;-0.493484225;-0.493484225;-0.778546713;;
01.02.2002;-0.519031142;-0.5072;-0.617454825;-0.549404075;-0.595155709;;
08.02.2002;-0.412886259;-0.408284024;-0.426692965;-0.439842209;-0.479289941;;
15.02.2002;-0.513536027;-0.513536027;-0.491461891;-0.538109121;-0.897135417;;
22.02.2002;-0.502362949;-0.549149338;-0.521266541;-0.536862004;-0.641975309;;
01.03.2002;-0.5288;-0.5388;-0.5288;-0.574;-0.571428571;;
08.03.2002;-0.505;-0.529375;-0.546875;-0.56125;-0.581854043;;
15.03.2002;-0.527777778;-0.541152263;-0.50994513;-0.555555556;-0.521819527;;
22.03.2002;-0.43289225;-0.436200378;-0.450864198;-0.435555556;-0.617202268;;
05.04.2002;-0.632086168;-0.573129252;-0.813492063;-0.659297052;-0.726948245;;
12.04.2002;-0.53600823;-0.629286694;-0.566529492;-0.496227709;-0.862139918;;
19.04.2002;-0.519669421;-0.500165289;-0.543801653;-0.508099174;-0.767011834;;
26.04.2002;-0.5032;-0.5472;-0.5008;-0.486;-0.6953125;;
03.05.2002;-0.460740741;-0.466942149;-0.48;-0.431111111;-0.690102758;;
10.05.2002;-0.763038549;-0.725056689;-0.763038549;-0.573129252;-1.096875;;
17.05.2002;-0.604821037;-0.604821037;-0.669101534;-0.509130752;-0.663580247;;
24.05.2002;-0.445213379;-0.470044379;-0.504068047;-0.470044379;-0.577085736;;
31.05.2002;-0.412114657;-0.430502975;-0.435911303;-0.441860465;-0.653866955;;
07.06.2002;-0.418741512;-0.418741512;-0.422815754;-0.442281575;-0.739152893;;
14.06.2002;-0.421875;-0.427951389;-0.430237401;-0.425239484;-0.495210329;;
21.06.2002;-0.400607639;-0.400666389;-0.423573511;-0.441899209;-0.541232639;;
28.06.2002;-0.526029878;-0.531009507;-0.549117248;-0.51471254;-0.620740741;;
05.07.2002;-0.484798001;-0.484798001;-0.481466056;-0.495210329;-0.55859375;;
12.07.2002;-0.430803571;-0.441326531;-0.412946429;-0.415497449;-0.546875;;
19.07.2002;-0.405325444;-0.403106509;-0.406434911;-0.415310651;-0.588921283;;
26.07.2002;-0.513429752;-0.493285124;-0.449896694;-0.42303719;-0.489152893;;
02.08.2002;-0.419187146;-0.419187146;-0.43100189;-0.428166352;-0.782024793;;
09.08.2002;-0.500208247;-0.50728863;-0.516867972;-0.486880466;-0.607062019;;
16.08.2002;-0.488657845;-0.502222222;-0.472592593;-0.487901235;-0.662190083;;
23.08.2002;-0.4492;-0.4492;-0.436;-0.484;-0.544704861;;
30.08.2002;-0.4812;-0.4812;-0.4508;-0.4672;-0.560434586;;
06.09.2002;-0.45553719;-0.45553719;-0.453884298;-0.51338843;-0.461934156;;
13.09.2002;-0.461474386;-0.461474386;-0.463556851;-0.478550604;-0.465821639;;
20.09.2002;-0.418367347;-0.416772959;-0.404017857;-0.409256198;-0.494876033;;
27.09.2002;-0.466605109;-0.474607572;-0.493074792;-0.428571429;-0.53553719;;
04.10.2002;-0.428911362;-0.428911362;-0.469958358;-0.495152355;-0.522160665;;
11.10.2002;-0.657372401;-0.657372401;-0.564744802;-0.585185185;-0.525510204;;
18.10.2002;-0.515943878;-0.515943878;-0.494876033;-0.459821429;-0.643966942;;
25.10.2002;-0.527777778;-0.541152263;-0.527777778;-0.50617284;-0.656434911;;
01.11.2002;-0.537146614;-0.537146614;-0.560157791;-0.569944598;-0.727839335;;
08.11.2002;-0.517265931;-0.517265931;-0.515841937;-0.515841937;-0.508505917;;
15.11.2002;-0.559012346;-0.571358025;-0.542222222;-0.517561983;-0.581728395;;
22.11.2002;-0.5152;-0.5192;-0.4972;-0.496;-0.511090991;;
29.11.2002;-0.5;-0.509637188;-0.496031746;-0.486020226;-0.584176086;;
06.12.2002;-0.447187929;-0.447187929;-0.444444444;-0.470044379;-0.564398308;;
13.12.2002;-0.55859375;-0.543701172;-0.566162109;-0.617787856;-0.601944444;;
20.12.2002;-0.429606157;-0.439112721;-0.451335446;-0.451323251;-0.487901235;;
03.01.2003;-0.52260591;-0.557137771;-0.52260591;-0.561707036;-0.6828;;
10.01.2003;-0.558349609;-0.555175781;-0.576904297;-0.508944318;-0.664606289;;
17.01.2003;-0.503381894;-0.539802289;-0.539802289;-0.539802289;-0.656956005;;
24.01.2003;-0.526472338;-0.526472338;-0.49256395;-0.551875;-0.62625;;
31.01.2003;-0.458333333;-0.450833333;-0.446388889;-0.44351962;-0.579964328;;
07.02.2003;-0.466745562;-0.463431953;-0.438343195;-0.465860418;-0.651925078;;
14.02.2003;-0.433783396;-0.433783396;-0.419706981;-0.419143876;-0.540781779;;
21.02.2003;-0.512465374;-0.512465374;-0.510310865;-0.564732143;-0.688271605;;
28.02.2003;-0.433127572;-0.423868313;-0.475308642;-0.448914204;-0.611249555;;
07.03.2003;-0.415310651;-0.415310651;-0.428994083;-0.4288;-0.4732;;
14.03.2003;-0.498086735;-0.495854592;-0.510204082;-0.540123457;-0.50617284;;
21.03.2003;-0.666454082;-0.683354592;-0.612561983;-0.624065504;-0.788408779;;
28.03.2003;-0.4752;-0.5032;-0.4928;-0.5372;-0.757037037;;
04.04.2003;-0.582589286;-0.61065051;-0.553571429;-0.591715976;-0.667820069;;
11.04.2003;-0.548611111;-0.548611111;-0.556111111;-0.509512485;-0.5575;;
25.04.2003;-0.486077077;-0.532189797;-0.512167126;-0.485431842;-0.610229277;;
02.05.2003;-0.521903732;-0.547322877;-0.480800433;-0.486394558;-0.773944081;;
09.05.2003;-0.474288338;-0.48553719;-0.566115702;-0.515976331;-0.679656006;;
16.05.2003;-0.460628863;-0.460628863;-0.465466273;-0.452222222;-0.58353151;;
23.05.2003;-0.5032;-0.5472;-0.531445231;-0.656;-0.67904029;;
30.05.2003;-0.527700831;-0.561634349;-0.511772853;-0.476260044;-0.616512346;;
06.06.2003;-0.495057232;-0.49635796;-0.497984413;-0.474166667;-0.546967895;;
13.06.2003;-0.444444444;-0.427641252;-0.447880623;-0.446280992;-0.518266566;;
20.06.2003;-0.493656286;-0.493656286;-0.5372;-0.5372;-0.826738859;;
27.06.2003;-0.512110727;-0.561322568;-0.569780854;-0.5548;-0.578089633;;
04.07.2003;-0.597106802;-0.624499846;-0.602646968;-0.597106802;-0.598765432;;
11.07.2003;-0.510204082;-0.541446208;-0.627110103;-0.506243496;-0.654166667;;
18.07.2003;-0.572823901;-0.564492962;-0.553002011;-0.546967895;-0.618303571;;
25.07.2003;-0.515277778;-0.535555556;-0.525;-0.536666667;-0.665326056;;
01.08.2003;-0.437333333;-0.449052355;-0.514133333;-0.502893519;-0.649691358;;
08.08.2003;-0.542924037;-0.534859521;-0.575442248;-0.536414942;-0.749798441;;
15.08.2003;-0.560434586;-0.598008148;-0.734404537;-0.608888889;-0.622222222;;
22.08.2003;-0.426575505;-0.461950059;-0.447978597;-0.480763312;-0.59218221;;
29.08.2003;-0.456;-0.456;-0.602249063;-0.466145833;-0.617926664;;
05.09.2003;-0.46308532;-0.469381688;-0.54610744;-0.493622449;-0.571428571;;
12.09.2003;-0.486942149;-0.478395062;-0.529586777;-0.545745817;-0.490740741;;
19.09.2003;-0.457063712;-0.492984694;-0.551977041;-0.49322314;-0.572561983;;
26.09.2003;-0.58984375;-0.610229277;-0.611328125;-0.615772235;-0.821822091;;
03.10.2003;-0.518904321;-0.517361111;-0.571566358;-0.535806388;-0.637891199;;
10.10.2003;-0.478948541;-0.521496993;-0.478948541;-0.433884298;-0.600097656;;
17.10.2003;-0.436252888;-0.427641252;-0.467548834;-0.433949655;-0.467364669;;
24.10.2003;-0.450902599;-0.460424519;-0.445348145;-0.466734694;-0.555345516;;
31.10.2003;-0.445206523;-0.44921875;-0.477366255;-0.450197239;-0.656434475;;
07.11.2003;-0.449654242;-0.45353348;-0.446112329;-0.438019391;-0.470486111;;
14.11.2003;-0.430059172;-0.437786961;-0.448994083;-0.438343195;-0.547455621;;
21.11.2003;-0.457121411;-0.473886048;-0.482834186;-0.461226852;-0.545130418;;
28.11.2003;-0.46162928;-0.490133243;-0.508011469;-0.494012481;-0.561244444;;
05.12.2003;-0.45755102;-0.45557656;-0.465028355;-0.427043885;-0.572287815;;
12.12.2003;-0.44982699;-0.44550173;-0.442690311;-0.43773669;-0.634297521;;
19.12.2003;-0.478163265;-0.478163265;-0.442244898;-0.469649233;-0.584481175;;
02.01.2004;-0.478277586;-0.478277586;-0.446366782;-0.44982699;-0.535563245;;
09.01.2004;-0.421656266;-0.442174515;-0.444257042;-0.441389779;-0.522666667;;
16.01.2004;-0.439644444;-0.443022222;-0.438755556;-0.434790767;-0.496720679;;
23.01.2004;-0.418838592;-0.414375;-0.43796875;-0.432302516;-0.466398831;;
30.01.2004;-0.426234384;-0.438500229;-0.447798929;-0.43359375;-0.616533333;;
06.02.2004;-0.461045706;-0.453866667;-0.467278393;-0.527527701;-0.625091308;;
13.02.2004;-0.485535832;-0.539447732;-0.524490467;-0.4752;-0.697777778;;
20.02.2004;-0.460342894;-0.48149335;-0.540433925;-0.579224195;-0.597673109;;
27.02.2004;-0.522506925;-0.537915512;-0.611029949;-0.490311111;-0.59660336;;
05.03.2004;-0.500913075;-0.500913075;-0.535244704;-0.484375;-0.569444444;;
12.03.2004;-0.496877055;-0.484220907;-0.483892731;-0.491988531;-0.596734847;;
19.03.2004;-0.485544754;-0.506804069;-0.540547521;-0.508928571;-0.586592971;;
26.03.2004;-0.447798929;-0.457465794;-0.469066032;-0.463648834;-0.530844416;;
02.04.2004;-0.439588392;-0.452769106;-0.463637415;-0.428373222;-0.521148393;;
08.04.2004;-0.50862924;-0.539972228;-0.509025987;-0.494544733;-0.505235019;;
16.04.2004;-0.480852427;-0.505207499;-0.463547508;-0.495433424;-0.497922438;;
23.04.2004;-0.520775623;-0.508365651;-0.534626039;-0.55454957;-0.592319768;;
30.04.2004;-0.467238985;-0.485923495;-0.483524807;-0.496401969;-0.604591837;;
07.05.2004;-0.468927336;-0.461309524;-0.496608997;-0.467404844;-0.548239598;;
14.05.2004;-0.428585433;-0.4303;-0.453877071;-0.447897265;-0.520512287;;
21.05.2004;-0.500217738;-0.500217738;-0.493158834;-0.511685295;-0.598583235;;
28.05.2004;-0.49635796;-0.51127298;-0.507797732;-0.496799903;-0.578841055;;
04.06.2004;-0.569453975;-0.6283;-0.5967;-0.5568;-0.548254848;;
11.06.2004;-0.497836668;-0.535830178;-0.496484586;-0.525536332;-0.595847751;;
18.06.2004;-0.59062837;-0.63268307;-0.6258;-0.5692;-0.529280476;;
25.06.2004;-0.531072779;-0.514444444;-0.526023427;-0.514430624;-0.505036157;;
02.07.2004;-0.492756904;-0.496473581;-0.478668054;-0.483061626;-0.468753945;;
09.07.2004;-0.457115528;-0.480110803;-0.490637119;-0.476454294;-0.458896982;;
16.07.2004;-0.435221354;-0.452256944;-0.456177285;-0.466814404;-0.530127599;;
23.07.2004;-0.435454655;-0.436179205;-0.433755165;-0.420325413;-0.57598702;;
30.07.2004;-0.452806122;-0.444302721;-0.466250544;-0.445663771;-0.48359375;;
06.08.2004;-0.45865421;-0.465219038;-0.495092975;-0.48902376;-0.461330449;;
13.08.2004;-0.463580247;-0.472592593;-0.475594008;-0.46254459;-0.553309552;;
20.08.2004;-0.493605442;-0.512653061;-0.525442177;-0.499293053;-0.656705539;;
27.08.2004;-0.547097554;-0.541386724;-0.599207704;-0.551091025;-0.636824197;;
03.09.2004;-0.546790033;-0.591916241;-0.587438017;-0.597632609;-0.58073334;;
10.09.2004;-0.618453;-0.627126654;-0.695179584;-0.668639053;-0.703488372;;
17.09.2004;-0.602437673;-0.60199446;-0.566206428;-0.517249527;-0.73404677;;
24.09.2004;-0.480360243;-0.513454861;-0.49609375;-0.496473581;-0.528847368;;
01.10.2004;-0.445986395;-0.504715237;-0.496579142;-0.472029988;-0.495210329;;
08.10.2004;-0.426182238;-0.4316609;-0.445054406;-0.446587083;-0.545495699;;
15.10.2004;-0.486436632;-0.500498615;-0.558051215;-0.559556787;-0.608641975;;
22.10.2004;-0.473840666;-0.497391304;-0.503742911;-0.506033058;-0.678240741;;
29.10.2004;-0.50154321;-0.52301511;-0.518123854;-0.500801207;-0.633798417;;
05.11.2004;-0.519292092;-0.520818115;-0.515950413;-0.525291495;-0.616031805;;
12.11.2004;-0.478531856;-0.478531856;-0.509486607;-0.508481454;-0.589506173;;
19.11.2004;-0.488332342;-0.517984542;-0.515389351;-0.509486607;-0.672418147;;
26.11.2004;-0.485999513;-0.486198347;-0.545492804;-0.596246107;-0.741495932;;
03.12.2004;-0.541992648;-0.53445188;-0.537750966;-0.529456122;-0.63671875;;
10.12.2004;-0.539096036;-0.529391213;-0.563979387;-0.570268146;-0.79649054;;
17.12.2004;-0.47826087;-0.492382271;-0.484072022;-0.466438138;-0.690503652;;
24.12.2004;-0.558116768;-0.556734694;-0.552776789;-0.532244898;-0.510742188;;
31.12.2004;-0.478371772;-0.490885417;-0.485134549;-0.485568576;-0.591813017;;
07.01.2005;-0.470527969;-0.468541667;-0.522915048;-0.523545706;-0.53950975;;
14.01.2005;-0.471715976;-0.495523106;-0.51547383;-0.492404985;-0.626951093;;
21.01.2005;-0.576397146;-0.599799938;-0.591104955;-0.541027514;-0.661712353;;
28.01.2005;-0.553792014;-0.54072613;-0.645554825;-0.644990548;-0.645747599;;
04.02.2005;-0.538049941;-0.535500945;-0.576946753;-0.584530476;-0.628061611;;
11.02.2005;-0.463701151;-0.481026786;-0.504132231;-0.547195844;-0.531810607;;
18.02.2005;-0.468610974;-0.483673022;-0.575425524;-0.620790416;-0.585702479;;
25.02.2005;-0.482152778;-0.494685435;-0.560157791;-0.52654663;-0.559126694;;
04.03.2005;-0.464378052;-0.47600263;-0.501172023;-0.538550323;-0.48851166;;
11.03.2005;-0.54481946;-0.599622771;-0.64008544;-0.580680272;-0.5687;;
18.03.2005;-0.580228878;-0.618213955;-0.577107438;-0.551663901;-0.638043171;;
25.03.2005;-0.517061043;-0.52729496;-0.561409754;-0.543945578;-0.657272127;;
01.04.2005;-0.585785124;-0.57262643;-0.586762689;-0.597606778;-0.621972318;;
08.04.2005;-0.561360947;-0.573364258;-0.573195266;-0.525390625;-0.597980369;;
15.04.2005;-0.464009518;-0.492273582;-0.468892771;-0.485485964;-0.51705104;;
22.04.2005;-0.454375;-0.465958058;-0.457268026;-0.445595463;-0.513172292;;
29.04.2005;-0.455243167;-0.46311176;-0.471938776;-0.478395062;-0.597606778;;
06.05.2005;-0.48232687;-0.518786781;-0.500565867;-0.52823724;-0.748096886;;
13.05.2005;-0.518220924;-0.57235614;-0.562561983;-0.590186011;-0.690441483;;
20.05.2005;-0.55359001;-0.562348831;-0.558158596;-0.574394464;-0.649379109;;
27.05.2005;-0.506841716;-0.540484494;-0.532849467;-0.486815018;-0.563821873;;
03.06.2005;-0.457403924;-0.478366031;-0.526875;-0.506461408;-0.576552588;;
10.06.2005;-0.47464526;-0.496353666;-0.600493572;-0.518554688;-0.701357162;;
17.06.2005;-0.439029906;-0.453897903;-0.543732782;-0.534201183;-0.580356533;;
24.06.2005;-0.525194637;-0.534751615;-0.539095567;-0.544801854;-0.697204045;;
01.07.2005;-0.473370944;-0.506029709;-0.580715284;-0.573907872;-0.601152;;
08.07.2005;-0.433553201;-0.446090535;-0.544386278;-0.517619376;-0.642770761;;
15.07.2005;-0.470781893;-0.474883047;-0.45741506;-0.453578511;-0.565876648;;
22.07.2005;-0.457120244;-0.486021386;-0.541636045;-0.530796574;-0.670965342;;
29.07.2005;-0.442484949;-0.459807956;-0.523072702;-0.495367403;-0.574327451;;
05.08.2005;-0.58883075;-0.63895545;-0.63303829;-0.619119093;-0.660640496;;
12.08.2005;-0.485710373;-0.518533944;-0.546825208;-0.590395618;-0.570765306;;
19.08.2005;-0.494794024;-0.531785714;-0.61415669;-0.582990398;-0.617858887;;
26.08.2005;-0.53739645;-0.556028203;-0.601466258;-0.59782061;-0.56396421;;
02.09.2005;-0.566162109;-0.645690918;-0.655944824;-0.663328294;-0.558183284;;
09.09.2005;-0.494625101;-0.53984144;-0.729253466;-0.702827087;-0.550758026;;
16.09.2005;-0.469960958;-0.544306703;-0.659618972;-0.594260355;-0.570518599;;
23.09.2005;-0.644445419;-0.651067936;-0.728355556;-0.662882342;-0.504436728;;
30.09.2005;-0.505852013;-0.5171097;-0.665840111;-0.63;-0.515919722;;
07.10.2005;-0.494792899;-0.514160156;-0.611816406;-0.644672;-0.512421956;;
14.10.2005;-0.5;-0.51296875;-0.624058273;-0.556613573;-0.572454986;;
21.10.2005;-0.420303511;-0.463945646;-0.500232907;-0.482220589;-0.581887048;;
28.10.2005;-0.460965339;-0.485738412;-0.529512446;-0.527353657;-0.588044115;;
04.11.2005;-0.507117781;-0.518848147;-0.530804358;-0.54830385;-0.548835577;;
11.11.2005;-0.554985837;-0.547793584;-0.556662701;-0.526870105;-0.541157025;;
18.11.2005;-0.524120535;-0.520570133;-0.570416588;-0.516167427;-0.562806183;;
25.11.2005;-0.513164834;-0.515558441;-0.524942472;-0.541774484;-0.523372576;;
02.12.2005;-0.493604997;-0.490143127;-0.515898438;-0.485832349;-0.505700028;;
09.12.2005;-0.481109799;-0.482805758;-0.55137156;-0.546440972;-0.454601665;;
16.12.2005;-0.504427391;-0.5203127;-0.543124439;-0.569333333;-0.509466667;;
23.12.2005;-0.493285124;-0.496999009;-0.592632654;-0.598144531;-0.482366864;;
30.12.2005;-0.419130533;-0.428967155;-0.547345726;-0.508106509;-0.488552371;;
06.01.2006;-0.433141648;-0.454918033;-0.550372242;-0.526213732;-0.457430556;;
13.01.2006;-0.483767718;-0.484512025;-0.5521262;-0.537814453;-0.507355358;;
20.01.2006;-0.533259871;-0.593962889;-0.649589136;-0.659546695;-0.518586765;;
27.01.2006;-0.501061394;-0.505639958;-0.579777009;-0.589466667;-0.523372576;;
03.02.2006;-0.483777632;-0.5065391;-0.616888319;-0.584091589;-0.557610125;;
10.02.2006;-0.469375192;-0.482507438;-0.706837996;-0.590571089;-0.552595156;;
17.02.2006;-0.520893746;-0.539722222;-0.627292097;-0.670696261;-0.568440083;;
24.02.2006;-0.495353027;-0.523452268;-0.598240741;-0.628382385;-0.583225723;;
03.03.2006;-0.507180021;-0.550343392;-0.633304806;-0.61516035;-0.682425684;;
10.03.2006;-0.521015842;-0.519958803;-0.64668518;-0.651671291;-0.589311666;;
17.03.2006;-0.502148438;-0.510742188;-0.536857479;-0.552095348;-0.611830095;;
24.03.2006;-0.489035718;-0.497127888;-0.578383673;-0.575017301;-0.602318821;;
31.03.2006;-0.532493075;-0.557683156;-0.58574551;-0.557744565;-0.573028906;;
07.04.2006;-0.51047034;-0.530677551;-0.626926717;-0.559204932;-0.538365473;;
14.04.2006;-0.533713166;-0.557265987;-0.615022569;-0.603537981;-0.596291939;;
21.04.2006;-0.546344437;-0.584518798;-0.570363958;-0.545118343;-0.600024035;;
28.04.2006;-0.609234945;-0.64294938;-0.700086182;-0.648255814;-0.593158464;;
05.05.2006;-0.651756096;-0.707433213;-0.684184727;-0.71978357;-0.61016508;;
12.05.2006;-0.452763957;-0.470681603;-0.544733067;-0.515496824;-0.560662645;;
19.05.2006;-0.558330443;-0.568356465;-0.617075232;-0.567194799;-0.634910899;;
26.05.2006;-0.5788;-0.58393766;-0.634130752;-0.628791308;-0.583989437;;
02.06.2006;-0.563289302;-0.599338843;-0.662313222;-0.615402872;-0.684418146;;
09.06.2006;-0.411861665;-0.430304191;-0.456816327;-0.472906574;-0.445538798;;
16.06.2006;-0.507823987;-0.504768501;-0.541728395;-0.50573921;-0.491887614;;
23.06.2006;-0.509481373;-0.55146466;-0.611666667;-0.566628571;-0.592548553;;
30.06.2006;-0.574085006;-0.581870221;-0.596189361;-0.570838807;-0.638287753;;
07.07.2006;-0.592490869;-0.598435307;-0.771820988;-0.733792971;-0.743771429;;
14.07.2006;-0.512622107;-0.519008264;-0.544536272;-0.536465478;-0.548204159;;
21.07.2006;-0.555849403;-0.536548186;-0.601813748;-0.554829811;-0.625500721;;
28.07.2006;-0.573079585;-0.59189104;-0.694834184;-0.664065902;-0.622694825;;
04.08.2006;-0.616089902;-0.571786654;-0.618231009;-0.652312959;-0.747894239;;
11.08.2006;-0.584921319;-0.61918905;-0.672660898;-0.616623041;-0.603750583;;
18.08.2006;-0.539016183;-0.527283054;-0.625515088;-0.58;-0.616977778;;
25.08.2006;-0.567944134;-0.584115741;-0.59528728;-0.62137741;-0.621363243;;
01.09.2006;-0.459666707;-0.476795356;-0.508972878;-0.521565083;-0.609730612;;
08.09.2006;-0.595828826;-0.601203353;-0.708719723;-0.686574839;-0.704193932;;
15.09.2006;-0.510393456;-0.529427573;-0.573703704;-0.568227521;-0.626646436;;
22.09.2006;-0.447918951;-0.447918951;-0.444214225;-0.457899306;-0.583140432;;
29.09.2006;-0.430859926;-0.4408988;-0.448445244;-0.480355407;-0.613389004;;
06.10.2006;-0.439258819;-0.440811204;-0.471572472;-0.455569728;-0.570541781;;
13.10.2006;-0.473991998;-0.483031368;-0.469848567;-0.454046202;-0.494747033;;
20.10.2006;-0.442481129;-0.445162248;-0.460291407;-0.449099277;-0.544352214;;
27.10.2006;-0.495145975;-0.509878447;-0.542773186;-0.520581768;-0.576566077;;
03.11.2006;-0.487392478;-0.515186467;-0.586611987;-0.606829803;-0.63440755;;
10.11.2006;-0.465618025;-0.486160702;-0.551880587;-0.540360111;-0.645278688;;
17.11.2006;-0.477824242;-0.495619792;-0.532942168;-0.540744997;-0.670938791;;
24.11.2006;-0.477993229;-0.487842413;-0.553217993;-0.625669244;-0.606270466;;
01.12.2006;-0.511908637;-0.525753132;-0.570308782;-0.556026297;-0.644333201;;
08.12.2006;-0.52559762;-0.528961938;-0.58005516;-0.56515775;-0.765026911;;
15.12.2006;-0.578054532;-0.584237672;-0.591575356;-0.602269385;-0.59575258;;
22.12.2006;-0.530565167;-0.537352839;-0.604873615;-0.606369082;-0.647448313;;
29.12.2006;-0.536519268;-0.555428648;-0.59490472;-0.607019278;-0.613120023;;
05.01.2007;-0.459897381;-0.486625514;-0.513203125;-0.496690947;-0.59188885;;
12.01.2007;-0.492314695;-0.502118273;-0.571268513;-0.557228916;-0.6602271;;
19.01.2007;-0.485228502;-0.487945009;-0.560795848;-0.511685295;-0.62761012;;
26.01.2007;-0.461921187;-0.494716822;-0.564207442;-0.56556689;-0.584026952;;
02.02.2007;-0.490933491;-0.502637246;-0.556034345;-0.584336128;-0.673225727;;
09.02.2007;-0.458333333;-0.488364198;-0.543580247;-0.583225723;-0.594982699;;
16.02.2007;-0.541757084;-0.560974121;-0.547790527;-0.563487342;-0.62064256;;
23.02.2007;-0.495259983;-0.52266128;-0.585711519;-0.582244646;-0.566440576;;
02.03.2007;-0.49665628;-0.503133644;-0.551696369;-0.539968769;-0.590082645;;
09.03.2007;-0.497146814;-0.493407239;-0.549760645;-0.533440467;-0.548529064;;
16.03.2007;-0.543141479;-0.537958478;-0.590490363;-0.614131224;-0.633143889;;
23.03.2007;-0.550482195;-0.559475309;-0.665667214;-0.691769058;-0.614757977;;
30.03.2007;-0.518842318;-0.522997861;-0.583261515;-0.570082529;-0.591937716;;
06.04.2007;-0.484203954;-0.505312869;-0.543557092;-0.517422222;-0.534839477;;
13.04.2007;-0.456892961;-0.460086075;-0.505350773;-0.528393944;-0.684153994;;
20.04.2007;-0.459477618;-0.469980761;-0.514991182;-0.521870517;-0.541419163;;
27.04.2007;-0.44962963;-0.455154321;-0.47400873;-0.481883601;-0.628312601;;
04.05.2007;-0.496097815;-0.494024836;-0.529583638;-0.517244468;-0.66513454;;
11.05.2007;-0.482053856;-0.52411345;-0.51134856;-0.533810836;-0.691468214;;
18.05.2007;-0.495017847;-0.495502277;-0.492754714;-0.496474924;-0.648074922;;
25.05.2007;-0.457816833;-0.489690373;-0.532383787;-0.521824807;-0.597124468;;
01.06.2007;-0.455109741;-0.455292571;-0.474112426;-0.470355556;-0.513397196;;
08.06.2007;-0.463869225;-0.465155709;-0.505605536;-0.506625567;-0.60707912;;
15.06.2007;-0.494628571;-0.491718496;-0.521208163;-0.532283737;-0.609917355;;
22.06.2007;-0.461305391;-0.478033077;-0.505112991;-0.486073553;-0.593785431;;
29.06.2007;-0.519965639;-0.520762656;-0.5919622;-0.531838491;-0.592344777;;
06.07.2007;-0.527117189;-0.56233099;-0.568280151;-0.570259354;-0.636005354;;
13.07.2007;-0.529318397;-0.534166667;-0.538410554;-0.554300103;-0.611638248;;
20.07.2007;-0.498236634;-0.523211519;-0.50603094;-0.522971031;-0.661046832;;
27.07.2007;-0.458733425;-0.461136822;-0.501281846;-0.517181224;-0.539084141;;
03.08.2007;-0.508928299;-0.507341046;-0.55191358;-0.603817549;-0.593371429;;
10.08.2007;-0.521275643;-0.519834561;-0.532413628;-0.524312445;-0.530677551;;
17.08.2007;-0.435426269;-0.431519184;-0.441574074;-0.441769058;-0.480385585;;
24.08.2007;-0.476780889;-0.492577288;-0.485604956;-0.476454294;-0.561518435;;
31.08.2007;-0.556558515;-0.519678253;-0.575217849;-0.569758224;-0.574056975;;
07.09.2007;-0.560922594;-0.599371204;-0.604038576;-0.584080293;-0.682548699;;
14.09.2007;-0.536587755;-0.521403092;-0.5078125;-0.505796655;-0.567284592;;
21.09.2007;-0.461106484;-0.457275431;-0.472885187;-0.468375;-0.572071006;;
28.09.2007;-0.479911725;-0.497340426;-0.515637646;-0.482761744;-0.560662645;;
05.10.2007;-0.497654908;-0.515119115;-0.519300973;-0.529603305;-0.622550443;;
12.10.2007;-0.452296594;-0.455183673;-0.450671488;-0.480496214;-0.574502831;;
19.10.2007;-0.484099256;-0.49793242;-0.518647914;-0.487120559;-0.613387755;;
26.10.2007;-0.507908226;-0.533383724;-0.508048487;-0.527381395;-0.654955587;;
02.11.2007;-0.524961491;-0.518333376;-0.547398799;-0.537430443;-0.61046019;;
09.11.2007;-0.445745332;-0.456414749;-0.493495562;-0.540625996;-0.563851312;;
16.11.2007;-0.507764955;-0.520034013;-0.537354227;-0.559733073;-0.560055402;;
23.11.2007;-0.431728158;-0.450260299;-0.493091687;-0.498612126;-0.50884555;;
30.11.2007;-0.462686567;-0.484765229;-0.479279467;-0.487304688;-0.545407198;;
07.12.2007;-0.490993047;-0.493272569;-0.508566103;-0.521106836;-0.638426408;;
14.12.2007;-0.51227749;-0.51076253;-0.558302041;-0.582302041;-0.698060942;;
21.12.2007;-0.576054624;-0.634768794;-0.649540292;-0.633574263;-0.601813748;;
28.12.2007;-0.482906175;-0.483807036;-0.517850621;-0.505497685;-0.547166121;;
04.01.2008;-0.527177047;-0.538084502;-0.558761436;-0.565827579;-0.579099072;;
11.01.2008;-0.579836526;-0.593084078;-0.587850099;-0.590244033;-0.602160665;;
18.01.2008;-0.4188;-0.4288;-0.447479849;-0.446567117;-0.472086589;;
25.01.2008;-0.54950985;-0.573923084;-0.599893227;-0.613949143;-0.600473373;;
01.02.2008;-0.462825485;-0.469023824;-0.474479402;-0.494660494;-0.532505228;;
08.02.2008;-0.457472608;-0.448940833;-0.5048822;-0.505664617;-0.469953289;;
15.02.2008;-0.481425413;-0.478075178;-0.569061857;-0.540092045;-0.603730471;;
22.02.2008;-0.496250093;-0.509195317;-0.551223454;-0.561988522;-0.525321501;;
29.02.2008;-0.483484554;-0.472663139;-0.522863107;-0.519713803;-0.497977297;;
07.03.2008;-0.501408226;-0.503986684;-0.524875346;-0.531458091;-0.538132089;;
14.03.2008;-0.462058299;-0.455954441;-0.472486544;-0.485467539;-0.478093988;;
21.03.2008;-0.419651056;-0.432371928;-0.45020304;-0.452506929;-0.476648199;;
28.03.2008;-0.482067276;-0.505754808;-0.51786571;-0.529134115;-0.575276693;;
04.04.2008;-0.506709699;-0.510930301;-0.56664439;-0.598895464;-0.629761873;;
11.04.2008;-0.515217538;-0.509714517;-0.534099494;-0.572349792;-0.654886776;;
18.04.2008;-0.496462993;-0.496190476;-0.50929179;-0.520878196;-0.49872478;;
25.04.2008;-0.493605766;-0.495123027;-0.51892629;-0.505798817;-0.537451524;;
02.05.2008;-0.446506973;-0.45642449;-0.442938776;-0.450189802;-0.453115705;;
09.05.2008;-0.468079697;-0.48839682;-0.527481861;-0.516763848;-0.556920041;;
16.05.2008;-0.476943465;-0.468435374;-0.479754487;-0.495170127;-0.517050187;;
23.05.2008;-0.531523324;-0.538004998;-0.579915365;-0.551488461;-0.552073488;;
30.05.2008;-0.526173581;-0.530239135;-0.59548105;-0.545806926;-0.593279766;;
06.06.2008;-0.534333231;-0.561545002;-0.531262584;-0.489594173;-0.540744722;;
13.06.2008;-0.474985582;-0.483564014;-0.5035;-0.507100862;-0.541980757;;
20.06.2008;-0.455878853;-0.469291509;-0.487443053;-0.477168352;-0.529163807;;
27.06.2008;-0.480846443;-0.48013939;-0.496857331;-0.490885417;-0.524869851;;
04.07.2008;-0.425770375;-0.422601884;-0.436697383;-0.433649225;-0.478345201;;
11.07.2008;-0.415882914;-0.422865014;-0.433353088;-0.431367285;-0.551748271;;
18.07.2008;-0.484501153;-0.499793734;-0.485124007;-0.485460667;-0.60718461;;
25.07.2008;-0.465009862;-0.461786756;-0.481639919;-0.479882067;-0.52870274;;
01.08.2008;-0.512339501;-0.514169693;-0.519737034;-0.541985898;-0.569699122;;
08.08.2008;-0.49230307;-0.49165588;-0.527270181;-0.529163807;-0.593060183;;
15.08.2008;-0.482993197;-0.494228158;-0.535206382;-0.509782974;-0.592502255;;
22.08.2008;-0.515437933;-0.520828958;-0.52540316;-0.541575;-0.566066222;;
29.08.2008;-0.511984616;-0.529223232;-0.520571376;-0.520431589;-0.597734167;;
05.09.2008;-0.522717312;-0.521753104;-0.530008453;-0.533467394;-0.533057851;;
12.09.2008;-0.467201856;-0.472177284;-0.493217147;-0.498715522;-0.488638353;;
19.09.2008;-0.48030599;-0.482113977;-0.473810924;-0.487773153;-0.477294716;;
26.09.2008;-0.441326531;-0.434344776;-0.42952474;-0.423420397;-0.441877091;;
03.10.2008;-0.423607967;-0.42853101;-0.442620607;-0.430503562;-0.447281633;;
10.10.2008;-0.401219335;-0.400203223;-0.400130643;-0.400320073;-0.401920439;;
17.10.2008;-0.463416704;-0.472304041;-0.474505991;-0.477925493;-0.460360118;;
24.10.2008;-0.413799604;-0.413135039;-0.413206459;-0.409308621;-0.425772076;;
31.10.2008;-0.4743;-0.464937754;-0.493878176;-0.473808284;-0.507824529;;
07.11.2008;-0.439697134;-0.442790698;-0.468183554;-0.454558062;-0.45650222;;
14.11.2008;-0.471839608;-0.471456994;-0.463608913;-0.465651879;-0.474736964;;
21.11.2008;-0.401025227;-0.400749923;-0.400214264;-0.400472005;-0.411105686;;
28.11.2008;-0.459902475;-0.458563794;-0.460603266;-0.459538281;-0.498671926;;
05.12.2008;-0.490377191;-0.481054648;-0.469389525;-0.482037037;-0.530572056;;
12.12.2008;-0.462770262;-0.461382819;-0.497861024;-0.517376543;-0.526232015;;
19.12.2008;-0.573452764;-0.56870631;-0.559497676;-0.578150352;-0.612683351;;
26.12.2008;-0.526177519;-0.53401201;-0.535137925;-0.547117218;-0.599215331;;
02.01.2009;-0.481866667;-0.485644444;-0.495644444;-0.492413793;-0.512152183;;
09.01.2009;-0.466615324;-0.466288595;-0.487961361;-0.550658096;-0.520125497;;
16.01.2009;-0.4298089;-0.433357579;-0.437411559;-0.450493754;-0.495644155;;
23.01.2009;-0.459044208;-0.465123951;-0.476010934;-0.462984173;-0.481022443;;
30.01.2009;-0.476392844;-0.480884354;-0.503857512;-0.504962508;-0.525346405;;
06.02.2009;-0.495949074;-0.498521091;-0.49807137;-0.495974235;-0.520708754;;
13.02.2009;-0.463823823;-0.471547733;-0.482358031;-0.453587278;-0.47579885;;
20.02.2009;-0.456475634;-0.45882213;-0.469048023;-0.4607;-0.459400574;;
27.02.2009;-0.407687461;-0.411234801;-0.431402583;-0.423454865;-0.425956607;;
06.03.2009;-0.440750617;-0.440493827;-0.450793208;-0.45031838;-0.453216954;;
13.03.2009;-0.502139925;-0.505317729;-0.500244749;-0.491814528;-0.51725;;
20.03.2009;-0.435407366;-0.438402162;-0.43879402;-0.445977216;-0.482868319;;
27.03.2009;-0.502135272;-0.505074812;-0.506363067;-0.49090021;-0.512017307;;
03.04.2009;-0.48132342;-0.483502168;-0.479286455;-0.484552552;-0.478027613;;
10.04.2009;-0.477704099;-0.485060002;-0.508116343;-0.478668054;-0.4752374;;
17.04.2009;-0.430107247;-0.4398714;-0.442183016;-0.4375;-0.478292288;;
24.04.2009;-0.447479339;-0.451491837;-0.467391535;-0.464285714;-0.502676978;;
01.05.2009;-0.453561016;-0.452864279;-0.462965449;-0.452898855;-0.479882067;;
08.05.2009;-0.447842431;-0.444435587;-0.432980278;-0.445148729;-0.436854753;;
15.05.2009;-0.479238754;-0.48255073;-0.500575;-0.502441406;-0.534940535;;
22.05.2009;-0.448839976;-0.448839976;-0.458172219;-0.47129701;-0.466056191;;
29.05.2009;-0.426748529;-0.439875318;-0.444444444;-0.434783951;-0.439662965;;
05.06.2009;-0.441529254;-0.437786961;-0.428481262;-0.430335097;-0.457531689;;
12.06.2009;-0.549444444;-0.573827284;-0.585090266;-0.547463337;-0.572689033;;
19.06.2009;-0.45968046;-0.457512489;-0.478517878;-0.466175;-0.509454306;;
26.06.2009;-0.480694932;-0.499703677;-0.499843815;-0.480415512;-0.543849;;
03.07.2009;-0.47952381;-0.487102441;-0.491445568;-0.4844378;-0.521580046;;
10.07.2009;-0.451984857;-0.445494862;-0.450968723;-0.445635781;-0.475516071;;
17.07.2009;-0.487449327;-0.495279948;-0.49990406;-0.517808619;-0.520081221;;
24.07.2009;-0.447131939;-0.447131939;-0.45824585;-0.4375;-0.485246914;;
31.07.2009;-0.450314098;-0.459485569;-0.452794481;-0.46475102;-0.473875433;;
07.08.2009;-0.421772754;-0.425965975;-0.436634948;-0.42503316;-0.454810496;;
14.08.2009;-0.445348145;-0.435861728;-0.452393253;-0.437865515;-0.469557621;;
21.08.2009;-0.458424317;-0.462253962;-0.458392666;-0.456603421;-0.489175;;
28.08.2009;-0.444434172;-0.444339712;-0.462986318;-0.455922865;-0.489107062;;
04.09.2009;-0.46047619;-0.463450928;-0.496925851;-0.474468454;-0.518519503;;
11.09.2009;-0.450327186;-0.449853187;-0.463459465;-0.461871612;-0.459391276;;
18.09.2009;-0.443206577;-0.440623526;-0.446643157;-0.43100189;-0.457274768;;
25.09.2009;-0.507848666;-0.51104705;-0.513007284;-0.532818619;-0.517949827;;
02.10.2009;-0.500323183;-0.500987504;-0.510121241;-0.512755807;-0.527826087;;
09.10.2009;-0.500251362;-0.497295341;-0.493533058;-0.501768713;-0.514388407;;
16.10.2009;-0.434790767;-0.438913547;-0.433191872;-0.436289096;-0.498968672;;
23.10.2009;-0.470541559;-0.473544856;-0.486894802;-0.458195871;-0.552864827;;
30.10.2009;-0.454196674;-0.448718226;-0.477352377;-0.470792784;-0.549910767;;
06.11.2009;-0.426168846;-0.428851124;-0.434450733;-0.42786371;-0.5;;
13.11.2009;-0.49277538;-0.479231546;-0.496612797;-0.481345882;-0.555574063;;
20.11.2009;-0.437037037;-0.434133333;-0.43395202;-0.445815371;-0.500165311;;
27.11.2009;-0.421780196;-0.418483293;-0.418632802;-0.418341906;-0.484352464;;
04.12.2009;-0.509183342;-0.514288805;-0.512271814;-0.512643306;-0.62288011;;
11.12.2009;-0.52336256;-0.519148638;-0.516698173;-0.51725;-0.53400999;;
18.12.2009;-0.525713324;-0.522669838;-0.540442724;-0.532872128;-0.597702807;;
25.12.2009;-0.50094518;-0.515437933;-0.520268851;-0.520268851;-0.567257785;;
01.01.2010;-0.480361006;-0.486986209;-0.498073283;-0.497604877;-0.610959782;;
08.01.2010;-0.487782679;-0.486091612;-0.486091612;-0.494740229;-0.561545002;;
15.01.2010;-0.477295261;-0.482765514;-0.490999001;-0.479908847;-0.553199512;;
22.01.2010;-0.462775309;-0.467773438;-0.470892236;-0.461556266;-0.493945578;;
29.01.2010;-0.446959789;-0.453366528;-0.483705104;-0.486706085;-0.515948381;;
05.02.2010;-0.417958819;-0.42215522;-0.424;-0.424725652;-0.449340554;;
12.02.2010;-0.451003542;-0.450037807;-0.457447417;-0.471202473;-0.504650282;;
19.02.2010;-0.448628864;-0.455038644;-0.462098692;-0.457651343;-0.488491736;;
26.02.2010;-0.534944032;-0.514196907;-0.560518621;-0.541920299;-0.58389379;;
05.03.2010;-0.483440471;-0.493490267;-0.515285996;-0.511522776;-0.559775598;;
12.03.2010;-0.46673901;-0.481301653;-0.474628099;-0.471394882;-0.506452474;;
19.03.2010;-0.466585873;-0.459198984;-0.479743767;-0.488909892;-0.485639575;;
26.03.2010;-0.460023341;-0.462500768;-0.464384431;-0.460455062;-0.475586313;;
02.04.2010;-0.47011372;-0.469535873;-0.468342318;-0.466301356;-0.49778738;;
09.04.2010;-0.473615702;-0.473615702;-0.47661157;-0.484355697;-0.488027211;;
16.04.2010;-0.461950059;-0.470793276;-0.47714623;-0.476761798;-0.525984802;;
23.04.2010;-0.492160887;-0.498171985;-0.528998166;-0.519508136;-0.573096886;;
30.04.2010;-0.494850638;-0.488523986;-0.478243802;-0.485575274;-0.536533757;;
07.05.2010;-0.441190031;-0.440025237;-0.436;-0.437255859;-0.441983498;;
14.05.2010;-0.479905501;-0.485194233;-0.510027115;-0.503381894;-0.551098771;;
21.05.2010;-0.458125199;-0.465591455;-0.476618132;-0.488116234;-0.499401023;;
28.05.2010;-0.494985509;-0.525826446;-0.554958678;-0.54402786;-0.574842115;;
04.06.2010;-0.480053191;-0.478737997;-0.465199185;-0.476216071;-0.483840424;;
11.06.2010;-0.500589122;-0.503204826;-0.505584881;-0.508403257;-0.536481029;;
18.06.2010;-0.471394882;-0.487117361;-0.49644132;-0.489388979;-0.492182139;;
25.06.2010;-0.457337756;-0.46027998;-0.468393195;-0.48370668;-0.52621922;;
02.07.2010;-0.472424558;-0.458076132;-0.452846365;-0.471269841;-0.494433942;;
09.07.2010;-0.459084024;-0.477678571;-0.466657366;-0.485739769;-0.554122859;;
16.07.2010;-0.475461688;-0.501223943;-0.502306166;-0.491509332;-0.509130752;;
23.07.2010;-0.528355879;-0.525002891;-0.55335877;-0.559369093;-0.688423179;;
30.07.2010;-0.51216792;-0.535960422;-0.549572478;-0.58734843;-0.631456612;;
06.08.2010;-0.475529544;-0.489420573;-0.49983724;-0.512282307;-0.565722739;;
13.08.2010;-0.543515165;-0.563956647;-0.588854203;-0.576604938;-0.566759259;;
20.08.2010;-0.531957651;-0.545608274;-0.602584094;-0.582064431;-0.616829631;;
27.08.2010;-0.471100535;-0.46477097;-0.507364664;-0.49755127;-0.49704142;;
03.09.2010;-0.509732911;-0.524954731;-0.529085559;-0.534690638;-0.551104081;;
10.09.2010;-0.543665755;-0.541309266;-0.568675509;-0.573015833;-0.711370262;;
17.09.2010;-0.465850986;-0.456138272;-0.486348055;-0.482618021;-0.534444419;;
24.09.2010;-0.464288613;-0.458569644;-0.468401409;-0.444444444;-0.559259174;;
01.10.2010;-0.487971968;-0.502936988;-0.519023674;-0.487495377;-0.570189197;;
08.10.2010;-0.493289225;-0.500467192;-0.513061711;-0.510713416;-0.552297668;;
15.10.2010;-0.568898634;-0.551957422;-0.52958563;-0.518083951;-0.556570248;;
22.10.2010;-0.533645833;-0.529840164;-0.510862905;-0.501620643;-0.584253527;;
29.10.2010;-0.446361293;-0.446280716;-0.468712425;-0.469317139;-0.620094645;;
05.11.2010;-0.508634192;-0.507557365;-0.502181825;-0.509132228;-0.566905482;;
12.11.2010;-0.470286361;-0.490209803;-0.509219179;-0.48586233;-0.522879464;;
19.11.2010;-0.519876033;-0.531466942;-0.525826446;-0.544392523;-0.54368848;;
26.11.2010;-0.506419775;-0.518123854;-0.546161237;-0.517620898;-0.542857143;;
03.12.2010;-0.6188;-0.58225;-0.589;-0.590561224;-0.588559557;;
10.12.2010;-0.564364712;-0.545417524;-0.566749594;-0.566727483;-0.573039857;;
17.12.2010;-0.516791516;-0.505701969;-0.49726454;-0.512684873;-0.577847633;;
24.12.2010;-0.47904519;-0.5;-0.486995398;-0.493074792;-0.555087144;;
31.12.2010;-0.448643655;-0.465860418;-0.494794024;-0.475159499;-0.50075748;;
07.01.2011;-0.501715326;-0.508341974;-0.517501487;-0.510840731;-0.528279523;;
14.01.2011;-0.48268595;-0.467004132;-0.555020661;-0.521355577;-0.558464511;;
21.01.2011;-0.4401739;-0.461739991;-0.474312789;-0.47196281;-0.496200542;;
28.01.2011;-0.445135807;-0.456082819;-0.463598492;-0.468968201;-0.528843435;;
04.02.2011;-0.454699458;-0.461774554;-0.455875319;-0.459199562;-0.522074544;;
11.02.2011;-0.48417396;-0.491606668;-0.51601535;-0.498099174;-0.576388889;;
18.02.2011;-0.446821774;-0.431016107;-0.453000553;-0.45748537;-0.530161855;;
25.02.2011;-0.515515535;-0.499835044;-0.55855389;-0.559820816;-0.561883134;;
04.03.2011;-0.588439061;-0.581935149;-0.564830458;-0.572345848;-0.61130835;;
11.03.2011;-0.497245141;-0.497245141;-0.499806094;-0.504578214;-0.508240741;;
18.03.2011;-0.488216867;-0.487582154;-0.490335898;-0.486861283;-0.418595679;;
25.03.2011;-0.525418736;-0.540063968;-0.552082227;-0.565355053;-0.532355518;;
01.04.2011;-0.496043172;-0.496634313;-0.525104403;-0.522620376;-0.574283743;;
08.04.2011;-0.504509221;-0.524092802;-0.511534025;-0.509925498;-0.601525214;;
15.04.2011;-0.612673549;-0.618881274;-0.640068027;-0.618201527;-0.681914145;;
22.04.2011;-0.555172524;-0.556449296;-0.561466942;-0.564242304;-0.744595543;;
29.04.2011;-0.500673344;-0.509694408;-0.514520919;-0.525145437;-0.651987211;;
06.05.2011;-0.51138322;-0.539685447;-0.580410278;-0.596583668;-0.743570704;;
13.05.2011;-0.486394558;-0.482760944;-0.48877551;-0.513973984;-0.567174787;;
20.05.2011;-0.628648612;-0.67832378;-0.699152839;-0.709383872;-0.736976339;;
27.05.2011;-0.509333333;-0.532047194;-0.572148148;-0.605020661;-0.591174985;;
03.06.2011;-0.555943947;-0.535277778;-0.54888442;-0.564372417;-0.652148034;;
10.06.2011;-0.57663515;-0.555573361;-0.60022151;-0.599217841;-0.658033111;;
17.06.2011;-0.523446378;-0.499482336;-0.549254039;-0.554535238;-0.58975026;;
24.06.2011;-0.521959184;-0.51764898;-0.543018477;-0.548845986;-0.626133787;;
01.07.2011;-0.498551245;-0.513605442;-0.511972789;-0.512086697;-0.551959597;;
08.07.2011;-0.491745152;-0.528614958;-0.512135718;-0.52659267;-0.54418634;;
15.07.2011;-0.601939058;-0.568614958;-0.613486231;-0.586512346;-0.746388889;;
22.07.2011;-0.551432292;-0.551974826;-0.567117129;-0.603949751;-0.629500415;;
29.07.2011;-0.492664932;-0.508469187;-0.466741493;-0.463798763;-0.587690868;;
05.08.2011;-0.416959189;-0.422087238;-0.423114135;-0.421126531;-0.453995403;;
12.08.2011;-0.526769724;-0.542843546;-0.525999616;-0.550645469;-0.611518738;;
19.08.2011;-0.467980296;-0.472600725;-0.479805901;-0.473379372;-0.527165595;;
26.08.2011;-0.506747314;-0.521792296;-0.492663115;-0.515708437;-0.565926486;;
02.09.2011;-0.525208333;-0.543355333;-0.561171359;-0.571681188;-0.640365912;;
09.09.2011;-0.47480598;-0.474421769;-0.539386095;-0.553916486;-0.5893033;;
16.09.2011;-0.481115939;-0.473811945;-0.525002356;-0.520808561;-0.569584375;;
23.09.2011;-0.455724443;-0.46535124;-0.460289511;-0.476926671;-0.534238798;;
30.09.2011;-0.443102432;-0.451506721;-0.469175391;-0.467551751;-0.576769586;;
07.10.2011;-0.499522181;-0.4740012;-0.518790363;-0.491105973;-0.597263534;;
14.10.2011;-0.480959563;-0.467881044;-0.520064398;-0.556046564;-0.611828405;;
21.10.2011;-0.544010226;-0.549394976;-0.575688073;-0.587362826;-0.678878513;;
28.10.2011;-0.462368848;-0.464920981;-0.472630385;-0.469290657;-0.51799197;;
04.11.2011;-0.52295221;-0.476787774;-0.502487562;-0.478961066;-0.610134549;;
11.11.2011;-0.534052539;-0.548684406;-0.542566872;-0.500371211;-0.643483437;;
18.11.2011;-0.55095332;-0.529094292;-0.507160428;-0.525195062;-0.594521605;;
25.11.2011;-0.416116665;-0.418879316;-0.455584776;-0.441286448;-0.485471142;;
02.12.2011;-0.474272123;-0.46677568;-0.480366941;-0.497518025;-0.532585827;;
09.12.2011;-0.478552855;-0.467004132;-0.519316556;-0.505738865;-0.604263039;;
16.12.2011;-0.5194762;-0.523153341;-0.553191489;-0.567774217;-0.636780247;;
23.12.2011;-0.475324936;-0.476761669;-0.492356623;-0.50134272;-0.688960819;;
30.12.2011;-0.438651938;-0.439360822;-0.469840599;-0.471575856;-0.526952041;;
06.01.2012;-0.469441894;-0.459391899;-0.497683257;-0.494238227;-0.591981666;;
13.01.2012;-0.45613481;-0.451323251;-0.47618498;-0.488899075;-0.5728738;;
20.01.2012;-0.440839139;-0.454365503;-0.480303861;-0.462173174;-0.592409817;;
27.01.2012;-0.459224832;-0.464710744;-0.497424991;-0.481055346;-0.560904224;;
03.02.2012;-0.473191489;-0.467215935;-0.511122069;-0.498845799;-0.650864198;;
10.02.2012;-0.491555556;-0.514765432;-0.557457749;-0.561716186;-0.697414534;;
17.02.2012;-0.466319936;-0.482032933;-0.5059249;-0.542131696;-0.525520648;;
24.02.2012;-0.525160589;-0.524054416;-0.573222258;-0.588142196;-0.610218431;;
02.03.2012;-0.530666667;-0.528059259;-0.547085202;-0.538405997;-0.608977826;;
09.03.2012;-0.486469994;-0.496442906;-0.54792524;-0.545225848;-0.530728627;;
16.03.2012;-0.457886464;-0.459388868;-0.467504006;-0.453929967;-0.521495377;;
23.03.2012;-0.53518595;-0.535687232;-0.518285498;-0.523034074;-0.565143214;;
30.03.2012;-0.564991988;-0.607503063;-0.573297095;-0.560617156;-0.603271484;;
06.04.2012;-0.488062279;-0.502821181;-0.576625011;-0.622750875;-0.629722222;;
13.04.2012;-0.519643767;-0.555315586;-0.55705;-0.575255102;-0.684444319;;
20.04.2012;-0.506576992;-0.504080016;-0.557350165;-0.566352103;-0.558283251;;
27.04.2012;-0.521047448;-0.537343128;-0.612048752;-0.623747535;-0.688405387;;
04.05.2012;-0.536749181;-0.553178226;-0.61131017;-0.617856175;-0.618620562;;
11.05.2012;-0.512943787;-0.530602811;-0.588251768;-0.580731558;-0.622110579;;
18.05.2012;-0.466596409;-0.481350446;-0.487172563;-0.479170005;-0.498961219;;
25.05.2012;-0.488725782;-0.465207521;-0.518070124;-0.539108728;-0.529801;;
01.06.2012;-0.471105774;-0.465518086;-0.50045;-0.505798817;-0.490523782;;
08.06.2012;-0.426400255;-0.440441354;-0.473945341;-0.457501826;-0.513705104;;
15.06.2012;-0.482403331;-0.481737061;-0.536188005;-0.542461049;-0.603040327;;
22.06.2012;-0.487447948;-0.477004037;-0.527681661;-0.524075;-0.584418374;;
29.06.2012;-0.501179219;-0.481413266;-0.569973215;-0.625919028;-0.60695437;;
06.07.2012;-0.501325724;-0.507588192;-0.531036615;-0.511636194;-0.594808648;;
13.07.2012;-0.529676086;-0.534578047;-0.562328618;-0.586630571;-0.584838984;;
20.07.2012;-0.479757753;-0.482090678;-0.51045271;-0.523180119;-0.669870391;;
27.07.2012;-0.556979039;-0.590408648;-0.606308445;-0.589865329;-0.693829998;;
03.08.2012;-0.483231814;-0.501083985;-0.513125648;-0.550675;-0.63624417;;
10.08.2012;-0.488233195;-0.489756098;-0.564895598;-0.566942801;-0.639829257;;
17.08.2012;-0.441326531;-0.43781237;-0.472093211;-0.467377773;-0.579284509;;
24.08.2012;-0.53423175;-0.537426886;-0.547558309;-0.549886068;-0.573216557;;
31.08.2012;-0.474690083;-0.481474531;-0.540867769;-0.515195076;-0.608435374;;
07.09.2012;-0.479833138;-0.488521628;-0.491762835;-0.507335068;-0.558395062;;
14.09.2012;-0.458571429;-0.465946292;-0.483230695;-0.4752;-0.542456268;;
21.09.2012;-0.600106324;-0.592871672;-0.580059488;-0.57283907;-0.69025;;
28.09.2012;-0.515318576;-0.485386696;-0.533414781;-0.53755785;-0.60022151;;
05.10.2012;-0.578409951;-0.560638484;-0.554255108;-0.60128316;-0.674517204;;
12.10.2012;-0.582261728;-0.575071605;-0.643758623;-0.672287245;-0.77521542;;
19.10.2012;-0.516064436;-0.523034074;-0.570068027;-0.585651398;-0.607667585;;
26.10.2012;-0.524300995;-0.531223286;-0.526298868;-0.585662157;-0.621186206;;
02.11.2012;-0.509972126;-0.509972126;-0.533942751;-0.543175;-0.639812505;;
09.11.2012;-0.482997882;-0.48859375;-0.500105925;-0.529407431;-0.612444196;;
16.11.2012;-0.467264469;-0.473194356;-0.49742905;-0.491919557;-0.568576727;;
23.11.2012;-0.533246887;-0.528155451;-0.546804938;-0.558745268;-0.553781138;;
30.11.2012;-0.553220325;-0.554200288;-0.564993948;-0.573018017;-0.59063222;;
07.12.2012;-0.520083102;-0.52228842;-0.535359073;-0.571589416;-0.581027582;;
14.12.2012;-0.489746412;-0.49587835;-0.550612245;-0.601975015;-0.585356798;;
21.12.2012;-0.526075;-0.54845;-0.561243751;-0.581196811;-0.525670897;;
28.12.2012;-0.492283737;-0.510139872;-0.522314558;-0.574900794;-0.529886335;;
04.01.2013;-0.470964207;-0.485553121;-0.485811388;-0.492759373;-0.518253968;;
11.01.2013;-0.510957703;-0.533694938;-0.564682071;-0.568058879;-0.538359165;;
18.01.2013;-0.483987713;-0.497231569;-0.51635665;-0.512309071;-0.495644444;;
25.01.2013;-0.536948846;-0.549327928;-0.550367866;-0.544858235;-0.579722094;;
01.02.2013;-0.531205113;-0.522874174;-0.547302319;-0.545207142;-0.561625492;;
08.02.2013;-0.528878751;-0.517557949;-0.517792;-0.539907534;-0.487629345;;
15.02.2013;-0.629271137;-0.661078088;-0.641111619;-0.635874671;-0.634995596;;
22.02.2013;-0.574714623;-0.57479736;-0.601345938;-0.599126703;-0.645595463;;
01.03.2013;-0.58805293;-0.573194707;-0.593759618;-0.609265862;-0.611301653;;
08.03.2013;-0.519296929;-0.518358666;-0.538145577;-0.545857303;-0.539655443;;
15.03.2013;-0.461021949;-0.494854321;-0.492795051;-0.48653312;-0.461596654;;
22.03.2013;-0.545935802;-0.590601084;-0.540439088;-0.555191187;-0.538889859;;
29.03.2013;-0.554862503;-0.565233534;-0.625114784;-0.678956169;-0.60465374;;
05.04.2013;-0.522754177;-0.546119661;-0.5169603;-0.537311566;-0.501761848;;
05.04.2013;-0.522754177;-0.546119661;-0.5169603;-0.537311566;-0.501761848;;
12.04.2013;-0.489240398;-0.529864792;-0.48906893;-0.49723356;-0.475904856;;
19.04.2013;-0.530559366;-0.551965317;-0.584149306;-0.610197969;-0.608111623;;
26.04.2013;-0.581483663;-0.58909675;-0.600368;-0.599790005;-0.548379755;;
03.05.2013;-0.523649341;-0.5355167;-0.5304624;-0.523438195;-0.511832088;;
10.05.2013;-0.465201371;-0.477518101;-0.48086785;-0.478486045;-0.49654265;;
17.05.2013;-0.468471876;-0.497136183;-0.493310658;-0.515694649;-0.485438293;;
24.05.2013;-0.516505078;-0.561230379;-0.596596092;-0.614975123;-0.546060938;;
31.05.2013;-0.527595334;-0.54139749;-0.56905;-0.552165735;-0.591401849;;
07.06.2013;-0.512099983;-0.513822539;-0.549406091;-0.560852853;-0.513588574;;
14.06.2013;-0.562824808;-0.574920779;-0.613200652;-0.620859112;-0.609180811;;
21.06.2013;-0.503096266;-0.551279354;-0.556350476;-0.570064788;-0.567114813;;
28.06.2013;-0.610923585;-0.616985061;-0.640977818;-0.633648393;-0.617996219;;
05.07.2013;-0.535913584;-0.55594308;-0.607809917;-0.575192876;-0.562922094;;
12.07.2013;-0.501773238;-0.511223428;-0.505043641;-0.515052311;-0.570682322;;
19.07.2013;-0.564404938;-0.587531888;-0.545738999;-0.565549436;-0.538745779;;
26.07.2013;-0.543557996;-0.53745399;-0.569641319;-0.572235775;-0.513185506;;
02.08.2013;-0.506316831;-0.548148148;-0.530594423;-0.533688242;-0.644594686;;
09.08.2013;-0.625430638;-0.638001315;-0.591401849;-0.619482798;-0.642300457;;
16.08.2013;-0.602864828;-0.558641396;-0.610433477;-0.637067044;-0.759591837;;
23.08.2013;-0.56168661;-0.54002533;-0.570984593;-0.578286797;-0.688437408;;
30.08.2013;-0.484355697;-0.495260769;-0.539902518;-0.565251202;-0.630994167;;
06.09.2013;-0.551477881;-0.54014856;-0.567706479;-0.557670127;-0.656438119;;
13.09.2013;-0.511972898;-0.531440464;-0.58288323;-0.540739587;-0.54391001;;
20.09.2013;-0.478684585;-0.465011338;-0.497210884;-0.500858497;-0.54395091;;
27.09.2013;-0.590599468;-0.584253527;-0.59620957;-0.577469887;-0.62702542;;
04.10.2013;-0.544302984;-0.544302984;-0.512162634;-0.528524386;-0.614919691;;
11.10.2013;-0.48357635;-0.49540362;-0.485061764;-0.481957671;-0.586805293;;
18.10.2013;-0.520554338;-0.511869978;-0.5365433;-0.554848251;-0.611746032;;
25.10.2013;-0.447843591;-0.45506646;-0.497110172;-0.490743802;-0.572691938;;
01.11.2013;-0.472906574;-0.479584775;-0.502538427;-0.502528257;-0.615898438;;
08.11.2013;-0.458169186;-0.45809156;-0.530575016;-0.519736974;-0.601676362;;
15.11.2013;-0.472810609;-0.471742613;-0.499768564;-0.501591081;-0.525175;;
22.11.2013;-0.564310368;-0.559937123;-0.575542475;-0.574132231;-0.567386831;;
29.11.2013;-0.515534941;-0.525726369;-0.52616973;-0.541832749;-0.584891891;;
06.12.2013;-0.551263795;-0.574762472;-0.584082414;-0.576599482;-0.598227767;;
13.12.2013;-0.571767714;-0.562519195;-0.58196281;-0.574422901;-0.608014283;;
20.12.2013;-0.561802296;-0.562453674;-0.579591653;-0.579932133;-0.59804878;;
27.12.2013;-0.526020761;-0.543356401;-0.536055363;-0.538169171;-0.536014692;;
03.01.2014;-0.479368855;-0.498156722;-0.507930384;-0.506810742;-0.557691876;;
10.01.2014;-0.562668292;-0.581415204;-0.609149306;-0.58059106;-0.641086187;;
17.01.2014;-0.49530112;-0.50808599;-0.543014332;-0.533099174;-0.621720679;;
24.01.2014;-0.521232639;-0.51576478;-0.552894283;-0.572272592;-0.601891853;;
31.01.2014;-0.498508642;-0.505901989;-0.520279917;-0.538410032;-0.615416314;;
07.02.2014;-0.543428019;-0.555472933;-0.587601829;-0.584079861;-0.558585895;;
14.02.2014;-0.521791867;-0.517449931;-0.535792187;-0.549594532;-0.636149813;;
21.02.2014;-0.59887732;-0.610252537;-0.691048603;-0.644852262;-0.586882417;;
28.02.2014;-0.528045102;-0.548287867;-0.534730793;-0.572676208;-0.678876354;;
07.03.2014;-0.516242825;-0.53037497;-0.536673554;-0.521820383;-0.623071717;;
14.03.2014;-0.511013216;-0.53488327;-0.605039549;-0.593353944;-0.566324383;;
21.03.2014;-0.542381853;-0.541833648;-0.559130435;-0.564732143;-0.72338187;;
