Datum;Dax_Ps;ESX50_Ps;SP500_Ps;NASDAQ_Ps;Nikkei_Ps;;;
23.02.2001;0.564516129;0.464516129;0.575862069;0.693548387;0.712962963;;;
02.03.2001;0.619607843;0.423758865;0.442819149;0.610196078;0.528282828;;;
09.03.2001;0.55877551;0.49213691;0.434782609;0.56207483;0.591304348;;;
16.03.2001;0.444444444;0.442512077;0.394820296;0.497979798;0.568106312;;;
23.03.2001;0.463002114;0.426356589;0.352536998;0.437103594;0.441678521;;;
30.03.2001;0.775208141;0.579093432;0.4773358;0.530989824;0.494949495;;;
20.04.2001;0.577243293;0.482886216;0.55226642;0.648492908;0.567676768;;;
27.04.2001;0.609090909;0.582828283;0.527272727;0.618181818;0.609530583;;;
04.05.2001;0.571977638;0.476589797;0.491428571;0.59841629;0.637372803;;;
11.05.2001;0.529753266;0.522496372;0.444727891;0.55372549;0.38760407;;;
18.05.2001;0.498550725;0.476767677;0.475158562;0.577243293;0.443902439;;;
25.05.2001;0.67195122;0.655870445;0.657894737;0.68902439;0.40530303;;;
01.06.2001;0.548199768;0.513937282;0.48902439;0.576074332;0.549075391;;;
08.06.2001;0.536700337;0.528301887;0.574746009;0.626484976;0.468235294;;;
15.06.2001;0.657312925;0.657312925;0.573913043;0.70212766;0.558139535;;;
22.06.2001;0.611655012;0.566346154;0.585096154;0.703365385;0.449726776;;;
29.06.2001;0.499751984;0.44047619;0.484699454;0.529953917;0.522711391;;;
06.07.2001;0.536216216;0.479452055;0.562785388;0.507387387;0.433740389;;;
13.07.2001;0.595675676;0.568648649;0.554414003;0.620624049;0.47761194;;;
20.07.2001;0.513078471;0.541614907;0.525879917;0.538363171;0.479262673;;;
27.07.2001;0.646433831;0.608734602;0.622253389;0.659149485;0.576851109;;;
03.08.2001;0.635318704;0.600106923;0.657657658;0.602512697;0.48035298;;;
10.08.2001;0.5801876;0.503583373;0.546475996;0.61001221;0.621342513;;;
17.08.2001;0.609693878;0.528061224;0.472789116;0.593537415;0.471980676;;;
24.08.2001;0.575145955;0.517499151;0.534551685;0.592852198;0.47895189;;;
31.08.2001;0.574653465;0.541386139;0.591205554;0.637806638;0.540951727;;;
07.09.2001;0.545454545;0.498640843;0.586621668;0.599728169;0.524462212;;;
14.09.2001;0.578642258;0.570099161;0.568130631;0.553973616;0.52176814;;;
21.09.2001;0.58118701;0.526195379;0.62856475;0.634266517;0.514856429;;;
28.09.2001;0.566018273;0.523238381;0.6179941;0.56994003;0.472327044;;;
05.10.2001;0.558157243;0.538147932;0.535430014;0.489710736;0.371332587;;;
12.10.2001;0.522279149;0.490581491;0.513513514;0.522281922;0.425690814;;;
19.10.2001;0.546618205;0.53024453;0.516649677;0.571226022;0.485436893;;;
26.10.2001;0.563685209;0.543034106;0.602129402;0.610601673;0.431306543;;;
09.11.2001;0.661588862;0.620850709;0.665318958;0.663438668;0.487920792;;;
16.11.2001;0.628837719;0.632087629;0.608734602;0.587458007;0.448145246;;;
23.11.2001;0.564380391;0.537800687;0.562070447;0.602448454;0.439989785;;;
30.11.2001;0.544680851;0.507092199;0.561944834;0.615076642;0.427221655;;;
07.12.2001;0.650855228;0.62821204;0.654219567;0.658974359;0.416237113;;;
14.12.2001;0.600514259;0.578073866;0.596336996;0.605860806;0.453026197;;;
04.01.2002;0.597517357;0.542127742;0.550606061;0.604444444;0.464759959;;;
11.01.2002;0.686158886;0.64979525;0.531940197;0.632610509;0.468427835;;;
18.01.2002;0.640082645;0.630027548;0.624579832;0.705602241;0.595015576;;;
25.01.2002;0.579974363;0.605316529;0.551855302;0.584707646;0.495327103;;;
01.02.2002;0.566860465;0.562438484;0.59314438;0.58442345;0.463148625;;;
08.02.2002;0.594352617;0.585027999;0.58296539;0.645378151;0.508285071;;;
15.02.2002;0.60043573;0.576327182;0.594029851;0.648211438;0.528129032;;;
22.02.2002;0.533634933;0.532061369;0.550713048;0.524323604;0.561544228;;;
01.03.2002;0.511802701;0.497477854;0.52374031;0.554859869;0.587643021;;;
08.03.2002;0.542195256;0.555205358;0.558061657;0.588529526;0.647409207;;;
15.03.2002;0.496715671;0.535885167;0.550248756;0.519845218;0.626999738;;;
22.03.2002;0.535333018;0.521072797;0.538008191;0.548371648;0.595188526;;;
05.04.2002;0.544174265;0.58449848;0.529976019;0.547283912;0.537650794;;;
12.04.2002;0.539130435;0.554422317;0.554342432;0.621502862;0.575957854;;;
19.04.2002;0.605337418;0.602812242;0.594665012;0.669710934;0.544174136;;;
26.04.2002;0.609107555;0.621986616;0.590694789;0.618693135;0.537684538;;;
03.05.2002;0.632974812;0.59202603;0.556258857;0.668570866;0.617146213;;;
10.05.2002;0.617624521;0.597222222;0.559246309;0.621940559;0.589078097;;;
17.05.2002;0.649586435;0.638855002;0.620536913;0.649208806;0.515815085;;;
24.05.2002;0.491884532;0.554589951;0.525838451;0.590080302;0.538419016;;;
31.05.2002;0.602199944;0.576344086;0.544521941;0.66025714;0.477730178;;;
07.06.2002;0.632408142;0.598794721;0.562392055;0.606348168;0.577089783;;;
14.06.2002;0.630142708;0.66469428;0.617621899;0.662650602;0.601603346;;;
21.06.2002;0.647016382;0.62745098;0.564298447;0.516081871;0.56990929;;;
28.06.2002;0.645550987;0.648823258;0.565989848;0.614547357;0.606239407;;;
05.07.2002;0.647213662;0.590344828;0.585974026;0.573070608;0.58692053;;;
12.07.2002;0.610616883;0.60881839;0.581090957;0.594417077;0.571533562;;;
19.07.2002;0.633689551;0.629573342;0.625627182;0.674384715;0.64574528;;;
26.07.2002;0.684265901;0.660927669;0.654079602;0.653626968;0.555064457;;;
02.08.2002;0.631533552;0.638601806;0.622908401;0.629700668;0.567779503;;;
09.08.2002;0.655240272;0.639480519;0.59737013;0.656945813;0.542871142;;;
16.08.2002;0.694163158;0.675793184;0.636107635;0.683467971;0.577014645;;;
23.08.2002;0.688472906;0.651570787;0.61043151;0.642050864;0.562373598;;;
30.08.2002;0.646765189;0.646867318;0.640787988;0.648272814;0.56145746;;;
06.09.2002;0.638752313;0.582901554;0.552246946;0.593021412;0.52323367;;;
13.09.2002;0.540424295;0.507929437;0.533078731;0.524643999;0.559832927;;;
20.09.2002;0.624892055;0.605015156;0.595876963;0.583981002;0.552512315;;;
27.09.2002;0.607859532;0.578569737;0.615355753;0.59312415;0.539531942;;;
04.10.2002;0.63272535;0.617408258;0.63479515;0.620556627;0.649159524;;;
11.10.2002;0.601840796;0.591094527;0.674029851;0.628140704;0.515797641;;;
18.10.2002;0.616464878;0.581704261;0.608611475;0.648332874;0.550862561;;;
25.10.2002;0.658496953;0.630692846;0.649479747;0.662964717;0.54012926;;;
01.11.2002;0.608659218;0.582072688;0.592680759;0.615890751;0.52901839;;;
08.11.2002;0.712253504;0.703717048;0.704888335;0.702816309;0.514092735;;;
15.11.2002;0.66629659;0.635890177;0.644106218;0.640544041;0.524527004;;;
22.11.2002;0.63079602;0.613844221;0.65041131;0.64749013;0.514253247;;;
29.11.2002;0.708898249;0.670864365;0.660287081;0.691479573;0.532491187;;;
06.12.2002;0.650292642;0.624295525;0.647108485;0.696939264;0.550357143;;;
13.12.2002;0.643258615;0.628236343;0.647925311;0.64760841;0.519186047;;;
20.12.2002;0.687351888;0.674896666;0.66679526;0.655015198;0.539091725;;;
03.01.2003;0.60125117;0.581736248;0.600223339;0.60741206;0.598760214;;;
10.01.2003;0.650526198;0.643185475;0.69529453;0.675476893;0.537521815;;;
17.01.2003;0.663633202;0.641075432;0.641699996;0.650709005;0.469045731;;;
24.01.2003;0.708890637;0.670911801;0.690991345;0.708890637;0.54681714;;;
31.01.2003;0.668312132;0.670773069;0.695753968;0.700076758;0.526752183;;;
07.02.2003;0.712916495;0.685990037;0.705251142;0.683051715;0.526315789;;;
14.02.2003;0.670286691;0.657284316;0.679466687;0.668373016;0.515270184;;;
21.02.2003;0.653459119;0.615859066;0.651858928;0.704964886;0.477426754;;;
28.02.2003;0.656310379;0.631320416;0.687374631;0.705957719;0.53020672;;;
07.03.2003;0.633905673;0.616972274;0.640092125;0.672628096;0.544806461;;;
14.03.2003;0.642106527;0.612382153;0.643953346;0.622810872;0.570552147;;;
21.03.2003;0.641447782;0.57760115;0.648057329;0.652756443;0.556149733;;;
28.03.2003;0.687950494;0.680040049;0.673332624;0.657987739;0.561868873;;;
04.04.2003;0.627118644;0.595456185;0.611456628;0.631598254;0.52889216;;;
11.04.2003;0.692704031;0.691673737;0.6311459;0.640534914;0.586360166;;;
25.04.2003;0.690230995;0.669527897;0.658394776;0.685033642;0.531269377;;;
02.05.2003;0.676549452;0.65513675;0.632197233;0.667854133;0.561243781;;;
09.05.2003;0.621540823;0.614595115;0.6357086;0.68158016;0.550156986;;;
16.05.2003;0.695957957;0.682857143;0.675100386;0.691318077;0.519387755;;;
23.05.2003;0.678297142;0.683351513;0.639272757;0.675961029;0.570711076;;;
30.05.2003;0.671082686;0.652745731;0.659795929;0.683792237;0.520744866;;;
06.06.2003;0.662351672;0.646455134;0.608943089;0.641470864;0.504051565;;;
13.06.2003;0.745408063;0.71603442;0.678871717;0.718700764;0.606907378;;;
20.06.2003;0.675524812;0.658704188;0.654341187;0.647469459;0.562037908;;;
27.06.2003;0.670322726;0.685897436;0.631712189;0.685897436;0.515462679;;;
04.07.2003;0.706518258;0.690784955;0.644653703;0.665219518;0.572101937;;;
11.07.2003;0.700853403;0.673450842;0.683977357;0.696238289;0.630667084;;;
18.07.2003;0.691652508;0.689460618;0.699796886;0.684529506;0.560182155;;;
25.07.2003;0.761660509;0.746456935;0.74094251;0.736267208;0.560490941;;;
01.08.2003;0.711182061;0.708762255;0.63983463;0.683903395;0.611578903;;;
08.08.2003;0.712041885;0.668393497;0.651694682;0.668411573;0.579947248;;;
15.08.2003;0.700589005;0.691099476;0.704767153;0.69340313;0.621345029;;;
22.08.2003;0.722099448;0.730337079;0.721731123;0.730322781;0.579205975;;;
29.08.2003;0.730047341;0.708883319;0.679571055;0.671784256;0.521147831;;;
05.09.2003;0.728363135;0.703631841;0.720401989;0.747577296;0.620446533;;;
12.09.2003;0.645075952;0.647977471;0.691501847;0.718287921;0.586640671;;;
19.09.2003;0.659625367;0.626509662;0.660720922;0.704938793;0.544998622;;;
26.09.2003;0.606958849;0.605720977;0.626194606;0.632418461;0.576182641;;;
03.10.2003;0.658862876;0.614068614;0.662700334;0.633651413;0.53762471;;;
10.10.2003;0.678168675;0.652931958;0.642924775;0.68223521;0.599041657;;;
17.10.2003;0.646710269;0.604659288;0.649142367;0.663843761;0.550283985;;;
24.10.2003;0.665142976;0.648572838;0.695770167;0.702504341;0.563952191;;;
31.10.2003;0.662169953;0.64699609;0.698553441;0.71766115;0.583229327;;;
07.11.2003;0.637338223;0.620855427;0.634640089;0.642701623;0.522516469;;;
14.11.2003;0.655456808;0.628726287;0.651132404;0.686118759;0.617516351;;;
21.11.2003;0.72021087;0.683685662;0.706192456;0.736434109;0.582987552;;;
28.11.2003;0.699300496;0.688981289;0.681212774;0.681600832;0.623001417;;;
05.12.2003;0.743205575;0.691766146;0.710471721;0.732240437;0.629878661;;;
12.12.2003;0.694516268;0.666255155;0.683687866;0.689331452;0.608992601;;;
19.12.2003;0.659326553;0.642442343;0.662618218;0.666831243;0.618373016;;;
02.01.2004;0.643591191;0.636596951;0.662202557;0.662261549;0.570608339;;;
09.01.2004;0.694110141;0.683078627;0.673219895;0.714147157;0.637760759;;;
16.01.2004;0.673792145;0.655035815;0.652860234;0.646344486;0.550280789;;;
23.01.2004;0.699249973;0.676948802;0.667504658;0.683567447;0.588932806;;;
30.01.2004;0.683001183;0.647320202;0.640048623;0.672006687;0.564575646;;;
06.02.2004;0.695028444;0.718122977;0.718911669;0.738178876;0.642336135;;;
13.02.2004;0.636331776;0.620571361;0.626916893;0.644138609;0.586533234;;;
20.02.2004;0.675642523;0.636005626;0.652286278;0.673978045;0.569452048;;;
27.02.2004;0.65265188;0.63365251;0.662486972;0.679822813;0.621552754;;;
05.03.2004;0.66629054;0.639350106;0.625992447;0.679915054;0.562020062;;;
12.03.2004;0.663169433;0.638799642;0.657290768;0.689896068;0.635713409;;;
19.03.2004;0.664420063;0.651684953;0.63599558;0.656850218;0.57112649;;;
26.03.2004;0.663541727;0.63254716;0.654464507;0.655686988;0.579202932;;;
02.04.2004;0.660811072;0.666319268;0.655901178;0.674377224;0.537111647;;;
08.04.2004;0.663214737;0.631125547;0.641880444;0.678729707;0.580809555;;;
16.04.2004;0.684039088;0.648613206;0.642263099;0.657938162;0.609964413;;;
23.04.2004;0.667657261;0.62569025;0.647027532;0.652178602;0.560434053;;;
30.04.2004;0.673563053;0.66016772;0.645199821;0.67157233;0.581368252;;;
07.05.2004;0.630425168;0.629922822;0.629016277;0.679971691;0.623499506;;;
14.05.2004;0.655473802;0.656861407;0.630835381;0.672194922;0.605425337;;;
21.05.2004;0.664021234;0.631868132;0.650977176;0.70445789;0.576501467;;;
28.05.2004;0.712025827;0.694843144;0.706789904;0.727289963;0.606099408;;;
04.06.2004;0.650302998;0.619811407;0.63644451;0.656834203;0.56837803;;;
11.06.2004;0.664916344;0.645408111;0.674087554;0.684927047;0.525655313;;;
18.06.2004;0.662216391;0.636644499;0.668088131;0.67461495;0.518493932;;;
25.06.2004;0.676109271;0.657169991;0.659042975;0.663966936;0.516878484;;;
02.07.2004;0.632960264;0.648320896;0.65968963;0.677896459;0.536754508;;;
09.07.2004;0.663786863;0.625845468;0.643546422;0.650468714;0.54374169;;;
16.07.2004;0.668114222;0.647255689;0.666630047;0.677872379;0.583089481;;;
23.07.2004;0.625438692;0.608777452;0.631088294;0.632218845;0.604113391;;;
30.07.2004;0.650195105;0.631514567;0.643815802;0.655481829;0.583203399;;;
06.08.2004;0.649798643;0.643047239;0.646563589;0.654853649;0.588321011;;;
13.08.2004;0.673942006;0.655445047;0.666230185;0.680397727;0.609479796;;;
20.08.2004;0.67507749;0.658875079;0.682066848;0.697089743;0.607212054;;;
27.08.2004;0.68161526;0.66257023;0.662646061;0.663821322;0.56981685;;;
03.09.2004;0.642848956;0.621538075;0.623327947;0.66740387;0.533362005;;;
10.09.2004;0.682224366;0.683991895;0.684335384;0.684150048;0.605810356;;;
17.09.2004;0.650560993;0.632736352;0.648403296;0.680102305;0.562349501;;;
24.09.2004;0.662355445;0.653747103;0.66894154;0.698606104;0.585486201;;;
01.10.2004;0.674384901;0.667129975;0.694517329;0.700726915;0.59188956;;;
08.10.2004;0.669199953;0.646912194;0.657211775;0.67952502;0.554606976;;;
15.10.2004;0.666815563;0.655637349;0.674400453;0.676267581;0.614021039;;;
22.10.2004;0.700552959;0.678891086;0.665753505;0.695737201;0.627060559;;;
29.10.2004;0.64258156;0.618153298;0.660082033;0.664195867;0.607140976;;;
05.11.2004;0.597833488;0.575666428;0.607591311;0.613121298;0.537110592;;;
12.11.2004;0.578283222;0.557932898;0.604391382;0.601436952;0.558228249;;;
19.11.2004;0.608723759;0.607096401;0.612419907;0.613446451;0.534065773;;;
26.11.2004;0.616743283;0.606705833;0.622422224;0.634480291;0.572213093;;;
03.12.2004;0.569615331;0.557496454;0.584443253;0.608425532;0.522445081;;;
10.12.2004;0.628118898;0.61630464;0.61777545;0.642070204;0.570007283;;;
17.12.2004;0.63594915;0.632556391;0.620445586;0.638180668;0.520376409;;;
24.12.2004;0.643748739;0.625657365;0.658801697;0.652758856;0.594253162;;;
31.12.2004;0.645597834;0.621390374;0.6189517;0.631383405;0.538432873;;;
07.01.2005;0.647201946;0.63115455;0.620169206;0.630193106;0.590411348;;;
14.01.2005;0.636633663;0.631159601;0.599496222;0.635168323;0.593822394;;;
21.01.2005;0.636570595;0.612137027;0.615061184;0.634079855;0.547324116;;;
28.01.2005;0.630190872;0.624291262;0.594102244;0.629874319;0.555281084;;;
04.02.2005;0.614641362;0.580881406;0.616411389;0.638176638;0.500542495;;;
11.02.2005;0.6479216;0.632996032;0.614288673;0.646738455;0.517988722;;;
18.02.2005;0.617492184;0.625662427;0.607786895;0.632506234;0.541076138;;;
25.02.2005;0.651997811;0.627951789;0.620713464;0.651095956;0.53044762;;;
04.03.2005;0.595219938;0.586658729;0.583881683;0.599057153;0.545061536;;;
11.03.2005;0.636836259;0.614202567;0.601656801;0.603427189;0.566928351;;;
18.03.2005;0.637382882;0.609330587;0.562604824;0.549766344;0.5275121;;;
25.03.2005;0.620001059;0.611245452;0.592641509;0.589419773;0.534202607;;;
01.04.2005;0.628828536;0.61472808;0.599105331;0.61652601;0.548302872;;;
08.04.2005;0.63556541;0.635607956;0.603687629;0.593451025;0.552620908;;;
15.04.2005;0.643891309;0.635437168;0.587907717;0.587229951;0.553741746;;;
22.04.2005;0.670681522;0.652746244;0.608732887;0.632460548;0.608109165;;;
29.04.2005;0.632304038;0.626438562;0.610160245;0.603555617;0.555555556;;;
06.05.2005;0.6318219;0.639119396;0.606114389;0.605524642;0.61998793;;;
13.05.2005;0.647485763;0.632911392;0.598552489;0.606020067;0.58135781;;;
20.05.2005;0.626428841;0.616481347;0.594325207;0.594841672;0.555574878;;;
27.05.2005;0.627832091;0.594032271;0.583125709;0.600164175;0.520164585;;;
03.06.2005;0.595298782;0.584249269;0.602397919;0.614432756;0.531593583;;;
10.06.2005;0.642702207;0.596863707;0.623777352;0.637995362;0.565014956;;;
17.06.2005;0.630333952;0.583378357;0.605843769;0.62544595;0.519355238;;;
24.06.2005;0.655858511;0.623519824;0.620871207;0.64361596;0.536072638;;;
01.07.2005;0.643214362;0.606927265;0.606237367;0.621753826;0.565017261;;;
08.07.2005;0.633679875;0.627836001;0.594417053;0.640894655;0.522861374;;;
15.07.2005;0.661188099;0.611062789;0.604692165;0.616159601;0.542951677;;;
22.07.2005;0.659917748;0.627248692;0.573525804;0.614289338;0.546722677;;;
29.07.2005;0.647809736;0.599902876;0.602420541;0.645991976;0.502345111;;;
05.08.2005;0.574245146;0.564922629;0.596450539;0.622232983;0.537560553;;;
12.08.2005;0.66360329;0.647245854;0.64058994;0.655493109;0.555823856;;;
19.08.2005;0.617663487;0.607431286;0.595619554;0.599716172;0.460190186;;;
26.08.2005;0.587872216;0.575472335;0.579258482;0.600651167;0.508822531;;;
02.09.2005;0.592487273;0.57919098;0.597463883;0.630655452;0.477169616;;;
09.09.2005;0.603830601;0.583040502;0.606727759;0.615875722;0.548909141;;;
16.09.2005;0.611719655;0.579287662;0.593484035;0.622467043;0.488287912;;;
23.09.2005;0.587238559;0.541715004;0.544538115;0.578260378;0.451235096;;;
30.09.2005;0.60105673;0.57510057;0.564681865;0.601378397;0.447270676;;;
07.10.2005;0.556139467;0.530084185;0.575260884;0.62127636;0.438192147;;;
14.10.2005;0.597785511;0.58130501;0.595658236;0.613604025;0.458561974;;;
21.10.2005;0.625856796;0.611486963;0.573765715;0.615632458;0.460586035;;;
28.10.2005;0.620345644;0.587844686;0.620245265;0.628118393;0.491304138;;;
04.11.2005;0.625999183;0.604546746;0.590413943;0.61586736;0.460288568;;;
11.11.2005;0.551119223;0.546551023;0.59610712;0.599812294;0.488794343;;;
18.11.2005;0.5864912;0.544448089;0.560098123;0.576683216;0.494121059;;;
25.11.2005;0.60511088;0.585632637;0.594605997;0.61381917;0.520413294;;;
02.12.2005;0.568235046;0.544391369;0.549249166;0.60384579;0.495314153;;;
09.12.2005;0.604758209;0.579478836;0.582452401;0.605725853;0.533722154;;;
16.12.2005;0.622328145;0.599167352;0.616461272;0.619623505;0.56855062;;;
23.12.2005;0.60905441;0.583106805;0.562092171;0.600926957;0.521906314;;;
30.12.2005;0.580405187;0.569461021;0.559204717;0.570145214;0.521671295;;;
06.01.2006;0.566205221;0.548987854;0.570189702;0.586481864;0.540740307;;;
13.01.2006;0.627521039;0.604823234;0.597284179;0.634132979;0.524665058;;;
20.01.2006;0.626490036;0.602350185;0.578853707;0.624569582;0.596774461;;;
27.01.2006;0.619339377;0.600380911;0.569460248;0.605633103;0.548580114;;;
03.02.2006;0.609539232;0.583593471;0.538881764;0.580697452;0.575709863;;;
10.02.2006;0.615741445;0.588130407;0.581596776;0.596325278;0.585098258;;;
17.02.2006;0.61835118;0.57340393;0.588390368;0.595733963;0.560568914;;;
24.02.2006;0.621641295;0.598665875;0.58436214;0.601133169;0.611368688;;;
03.03.2006;0.615214347;0.580354423;0.556616052;0.610911895;0.585002071;;;
10.03.2006;0.627540107;0.610640354;0.59170185;0.622078157;0.587571882;;;
17.03.2006;0.635960827;0.614869082;0.582046729;0.589911319;0.599184181;;;
24.03.2006;0.59387864;0.558439945;0.579707126;0.615988723;0.60124568;;;
31.03.2006;0.6106711;0.591727163;0.602246357;0.66508266;0.551751586;;;
07.04.2006;0.58715863;0.564290351;0.586863686;0.615255175;0.554700062;;;
14.04.2006;0.593399298;0.569487391;0.552969291;0.586855689;0.570776363;;;
21.04.2006;0.604779186;0.582610872;0.608843228;0.615882617;0.582264529;;;
28.04.2006;0.634297879;0.559557884;0.601419659;0.634240768;0.595132791;;;
05.05.2006;0.617929904;0.584585346;0.60813695;0.622190321;0.550541856;;;
12.05.2006;0.641034314;0.598484848;0.633677838;0.622411647;0.618651144;;;
19.05.2006;0.628676627;0.614045199;0.593457705;0.591807344;0.542012953;;;
26.05.2006;0.603696099;0.576480443;0.570309598;0.581822288;0.603589859;;;
02.06.2006;0.611454805;0.597202577;0.581411185;0.613193216;0.556937098;;;
09.06.2006;0.605742103;0.600785169;0.589672022;0.618299271;0.624997018;;;
16.06.2006;0.59651108;0.573049039;0.552037468;0.572924356;0.54596517;;;
23.06.2006;0.644154946;0.628923906;0.610163776;0.633436936;0.605320643;;;
30.06.2006;0.647635986;0.619719693;0.625823452;0.653100174;0.596400824;;;
07.07.2006;0.666846656;0.64024325;0.646478363;0.671434485;0.607664671;;;
14.07.2006;0.65198886;0.629596542;0.606357018;0.622908914;0.589756385;;;
21.07.2006;0.613509282;0.606877783;0.571120626;0.617195115;0.583932063;;;
28.07.2006;0.683298374;0.643896268;0.611243786;0.634637617;0.596582834;;;
04.08.2006;0.664108143;0.637041076;0.631861804;0.638194846;0.578083238;;;
11.08.2006;0.630580208;0.601427794;0.61418869;0.634968706;0.557332803;;;
18.08.2006;0.610915847;0.603107929;0.596260058;0.605625264;0.532515337;;;
25.08.2006;0.612063776;0.610116014;0.643773873;0.675587997;0.552685297;;;
01.09.2006;0.61189952;0.609504062;0.629384644;0.637913513;0.519213217;;;
08.09.2006;0.578253119;0.560395209;0.607770657;0.635106456;0.519699827;;;
15.09.2006;0.612447189;0.597869203;0.62098568;0.647149234;0.550631313;;;
22.09.2006;0.60610212;0.597510433;0.631179484;0.616511478;0.538229531;;;
29.09.2006;0.599108734;0.595034632;0.634969366;0.648943617;0.54059501;;;
06.10.2006;0.614340123;0.596444954;0.628978236;0.655599313;0.540120919;;;
13.10.2006;0.626201418;0.609197477;0.633739728;0.645590912;0.517697726;;;
20.10.2006;0.659289548;0.633459647;0.658257225;0.67846001;0.576964599;;;
27.10.2006;0.634374822;0.610446548;0.626293996;0.657111936;0.563874596;;;
03.11.2006;0.634628311;0.616023116;0.63774278;0.664117986;0.571289341;;;
10.11.2006;0.622729925;0.591023975;0.610448016;0.635593696;0.556549031;;;
17.11.2006;0.604829938;0.560760542;0.599059711;0.615987892;0.531239549;;;
24.11.2006;0.622845572;0.589171338;0.60857942;0.640741461;0.540226208;;;
01.12.2006;0.638822783;0.616791619;0.651289799;0.667944283;0.589788279;;;
08.12.2006;0.624807075;0.604768583;0.612890627;0.637252816;0.562288383;;;
15.12.2006;0.600045107;0.582776326;0.539247238;0.572773835;0.553179206;;;
22.12.2006;0.665291122;0.636196644;0.601687518;0.626350969;0.575562763;;;
29.12.2006;0.643923848;0.613120269;0.571203324;0.585164905;0.589960734;;;
05.01.2007;0.628495668;0.611037717;0.582416029;0.596326915;0.547971491;;;
12.01.2007;0.65348105;0.635053213;0.615268773;0.615038906;0.611284698;;;
19.01.2007;0.689416457;0.658385093;0.618066697;0.636473392;0.602359305;;;
26.01.2007;0.679859349;0.657913299;0.648642293;0.657464785;0.60748977;;;
02.02.2007;0.636140985;0.630996144;0.632823759;0.614641564;0.606246627;;;
09.02.2007;0.676154113;0.651746925;0.591656377;0.63470763;0.614174115;;;
16.02.2007;0.653459085;0.628310924;0.611664511;0.608988644;0.5961022;;;
23.02.2007;0.676885734;0.653705597;0.622926473;0.643891349;0.611949921;;;
02.03.2007;0.602315948;0.596974343;0.595156422;0.622034449;0.589219224;;;
09.03.2007;0.642778261;0.631251862;0.618042854;0.629640947;0.602053797;;;
16.03.2007;0.669042184;0.658357336;0.633518164;0.647324526;0.625068531;;;
23.03.2007;0.64417104;0.63471855;0.64096349;0.639180764;0.565926875;;;
30.03.2007;0.623751897;0.59757028;0.594192272;0.597874133;0.574916306;;;
06.04.2007;0.633060136;0.607282274;0.607096463;0.640629451;0.575892597;;;
13.04.2007;0.643990619;0.641385812;0.619639279;0.633406148;0.594314913;;;
20.04.2007;0.655754941;0.640426144;0.665982798;0.666473287;0.608412095;;;
27.04.2007;0.667400992;0.639029863;0.6311055;0.642518888;0.589073134;;;
04.05.2007;0.66368579;0.66235614;0.618829578;0.641057318;0.587158191;;;
11.05.2007;0.63757493;0.621265378;0.636967301;0.637968549;0.56027543;;;
18.05.2007;0.649319192;0.638905597;0.604393077;0.622472993;0.585543871;;;
25.05.2007;0.666181233;0.647355988;0.621789107;0.63439508;0.600482017;;;
01.06.2007;0.637627074;0.624201057;0.611826534;0.639181089;0.591872914;;;
08.06.2007;0.646806415;0.622199587;0.614891658;0.637517122;0.567972282;;;
15.06.2007;0.685281385;0.664149348;0.632297739;0.647591283;0.612420809;;;
22.06.2007;0.68398314;0.66428117;0.63747917;0.644941706;0.573889085;;;
29.06.2007;0.701450318;0.673559096;0.625648369;0.657750839;0.628404971;;;
06.07.2007;0.691471649;0.670505367;0.642514097;0.637155045;0.617089916;;;
13.07.2007;0.653451087;0.641940395;0.621858271;0.647841448;0.587177259;;;
20.07.2007;0.691826738;0.67745928;0.646578311;0.655259576;0.603720373;;;
27.07.2007;0.606207243;0.600207203;0.590442126;0.601470487;0.555837944;;;
03.08.2007;0.611689469;0.594798975;0.598856186;0.604653378;0.569580984;;;
10.08.2007;0.625082165;0.600177185;0.609753458;0.624524113;0.598090009;;;
17.08.2007;0.613927229;0.610726751;0.618791188;0.628813883;0.593173835;;;
24.08.2007;0.700286643;0.679428009;0.676423925;0.681858836;0.615428444;;;
31.08.2007;0.639862702;0.629495351;0.647082362;0.650558009;0.600253107;;;
07.09.2007;0.655185159;0.647340721;0.641796877;0.643075184;0.584338263;;;
14.09.2007;0.634393301;0.628724348;0.632744258;0.630463222;0.592016636;;;
21.09.2007;0.704893806;0.698804871;0.663251074;0.692104686;0.611783804;;;
28.09.2007;0.685467788;0.674358273;0.659213989;0.668500096;0.581780755;;;
05.10.2007;0.670022352;0.635768755;0.637393892;0.668718708;0.603316867;;;
12.10.2007;0.647822409;0.636692422;0.646627672;0.646185757;0.555770031;;;
19.10.2007;0.686707193;0.668884928;0.668327457;0.680837951;0.617647059;;;
26.10.2007;0.666014114;0.664078996;0.651654505;0.681420715;0.590184154;;;
02.11.2007;0.656380986;0.651134941;0.646303958;0.666662453;0.588084987;;;
09.11.2007;0.660847427;0.639551465;0.654928575;0.667857123;0.585746564;;;
16.11.2007;0.61779926;0.597490493;0.604640144;0.64008267;0.561853208;;;
23.11.2007;0.657643946;0.645808789;0.647468002;0.668811839;0.648401105;;;
30.11.2007;0.633595912;0.632491838;0.673589461;0.675317202;0.613771338;;;
07.12.2007;0.664329223;0.644263326;0.652924062;0.658328802;0.613078591;;;
14.12.2007;0.667367929;0.65204234;0.646029225;0.655235072;0.585935879;;;
21.12.2007;0.647599926;0.636423527;0.625888563;0.643362832;0.599686602;;;
28.12.2007;0.676910381;0.65756316;0.65515212;0.667126827;0.626346484;;;
04.01.2008;0.631372549;0.616408605;0.651277639;0.669525443;0.629685157;;;
11.01.2008;0.610606405;0.616819562;0.634209394;0.627403939;0.5873583;;;
18.01.2008;0.61404751;0.623396767;0.643544415;0.667294569;0.587719575;;;
25.01.2008;0.664119557;0.655393793;0.664589566;0.681221044;0.65316592;;;
01.02.2008;0.664785384;0.654452716;0.653899122;0.649508514;0.612479723;;;
08.02.2008;0.635292934;0.64376742;0.630206223;0.64809306;0.595155995;;;
15.02.2008;0.665384921;0.646711921;0.644453536;0.662173594;0.613046161;;;
22.02.2008;0.654617198;0.652321057;0.631383066;0.648557187;0.592063646;;;
29.02.2008;0.649101401;0.652133658;0.670425693;0.660348979;0.59235249;;;
07.03.2008;0.649327308;0.644656802;0.630968585;0.628684112;0.63755679;;;
14.03.2008;0.65748378;0.64630289;0.677707754;0.680422528;0.636997416;;;
21.03.2008;0.63422414;0.63485641;0.651248603;0.654623845;0.630949494;;;
28.03.2008;0.640073757;0.643776404;0.631735996;0.636934189;0.643842905;;;
04.04.2008;0.647224389;0.625001917;0.640901771;0.646087394;0.608098587;;;
11.04.2008;0.631830133;0.613129841;0.633330818;0.610560869;0.6177857;;;
18.04.2008;0.670669787;0.652891606;0.633752882;0.641796877;0.600623407;;;
25.04.2008;0.61365168;0.596075318;0.609595505;0.61261003;0.585419172;;;
02.05.2008;0.637775611;0.635907872;0.645700065;0.646294882;0.62855869;;;
09.05.2008;0.651606265;0.648349844;0.648918469;0.649132467;0.598977066;;;
16.05.2008;0.653989024;0.657742156;0.651436966;0.660877075;0.633367505;;;
23.05.2008;0.645978261;0.637534345;0.638544228;0.651465184;0.578879191;;;
30.05.2008;0.665104002;0.649588682;0.677754684;0.679993209;0.600598868;;;
06.06.2008;0.630025909;0.618201574;0.633792956;0.616494235;0.574993181;;;
13.06.2008;0.630535745;0.628147892;0.659271833;0.659050203;0.588590757;;;
20.06.2008;0.661310273;0.676683305;0.637795663;0.646921371;0.601358769;;;
27.06.2008;0.643659841;0.64882588;0.657433676;0.661310899;0.611634709;;;
04.07.2008;0.674522467;0.674870604;0.644773082;0.65010926;0.619259187;;;
11.07.2008;0.681119465;0.666345965;0.661594966;0.669228406;0.619771411;;;
18.07.2008;0.701415718;0.69528223;0.68183321;0.672468375;0.627910038;;;
25.07.2008;0.717104351;0.703026654;0.687964534;0.686529157;0.633822103;;;
01.08.2008;0.71096047;0.706873614;0.695542736;0.700218093;0.649153303;;;
08.08.2008;0.69409015;0.676313563;0.678419226;0.684898652;0.626000994;;;
15.08.2008;0.676210764;0.679535837;0.664899893;0.663642272;0.603961615;;;
22.08.2008;0.70817597;0.696606476;0.686149163;0.687277685;0.606577918;;;
29.08.2008;0.700026997;0.691876327;0.655166051;0.65374078;0.593270628;;;
05.09.2008;0.665059362;0.671580121;0.664896918;0.668693906;0.598081228;;;
12.09.2008;0.660504227;0.659556293;0.645461521;0.647575821;0.623461854;;;
19.09.2008;0.651655222;0.658037064;0.654680875;0.653498018;0.632454759;;;
26.09.2008;0.666176962;0.661239232;0.678946478;0.679237794;0.611548359;;;
03.10.2008;0.688101535;0.678197449;0.680029408;0.683885192;0.629004409;;;
10.10.2008;0.691925667;0.692215513;0.699072372;0.70309792;0.691316527;;;
17.10.2008;0.668676384;0.659132556;0.66782598;0.664348107;0.62659273;;;
24.10.2008;0.707237161;0.700644635;0.703343948;0.695543021;0.668251139;;;
31.10.2008;0.646341953;0.644841169;0.643763091;0.654186991;0.61059759;;;
07.11.2008;0.689635314;0.676289487;0.659054003;0.6562986;0.638895048;;;
14.11.2008;0.685175674;0.677276978;0.667774961;0.675370328;0.640140221;;;
21.11.2008;0.653541787;0.658523077;0.661888818;0.654855539;0.637143353;;;
28.11.2008;0.668009638;0.658204412;0.675711005;0.669578925;0.631999703;;;
05.12.2008;0.674932253;0.660744292;0.644533953;0.65770874;0.618844506;;;
12.12.2008;0.656066209;0.640296486;0.635964346;0.646079288;0.615070654;;;
19.12.2008;0.67814391;0.666391523;0.678442477;0.676677481;0.619123782;;;
26.12.2008;0.681474266;0.668111533;0.657037233;0.67383855;0.636621772;;;
02.01.2009;0.662245069;0.642316449;0.647336185;0.636891229;0.612037431;;;
09.01.2009;0.680643373;0.675972972;0.66190122;0.659390026;0.637466511;;;
16.01.2009;0.643676026;0.633717457;0.627565247;0.633399225;0.62995563;;;
23.01.2009;0.654465164;0.643101118;0.656494523;0.658450047;0.647282579;;;
30.01.2009;0.668864066;0.661990562;0.659153909;0.650409664;0.643684884;;;
06.02.2009;0.686660229;0.681982944;0.646743279;0.663997373;0.619221961;;;
13.02.2009;0.664861529;0.67366565;0.676218835;0.683422408;0.608695652;;;
20.02.2009;0.66643958;0.662677031;0.648867991;0.640239009;0.61249199;;;
27.02.2009;0.679520162;0.671183496;0.687149012;0.688582479;0.652204096;;;
06.03.2009;0.661325078;0.662066997;0.673530431;0.657620808;0.646590447;;;
13.03.2009;0.687961307;0.684059101;0.683438571;0.684734919;0.629381416;;;
20.03.2009;0.699901622;0.696966717;0.694907169;0.710756553;0.64834397;;;
27.03.2009;0.677321389;0.671808762;0.676162812;0.679663215;0.637785192;;;
03.04.2009;0.708124891;0.705560794;0.699292099;0.709274179;0.67947247;;;
10.04.2009;0.708041141;0.700623722;0.690746262;0.71078715;0.690065566;;;
17.04.2009;0.667582956;0.659794151;0.653644925;0.669101498;0.642810944;;;
24.04.2009;0.717506909;0.710609446;0.700553692;0.685765234;0.650818579;;;
01.05.2009;0.686762346;0.67242548;0.664356068;0.682571369;0.627657972;;;
08.05.2009;0.684622239;0.677915508;0.678446269;0.677504825;0.670431049;;;
15.05.2009;0.694095133;0.685503115;0.705173688;0.705122872;0.663129829;;;
22.05.2009;0.718323537;0.706572982;0.697134551;0.697684439;0.693018113;;;
29.05.2009;0.722444869;0.71876131;0.698669623;0.703456928;0.683894711;;;
05.06.2009;0.717870216;0.702528301;0.704700178;0.716220756;0.678113063;;;
12.06.2009;0.734317832;0.728312151;0.729799895;0.729868826;0.702971178;;;
19.06.2009;0.69557834;0.681297949;0.681663894;0.689016143;0.654069479;;;
26.06.2009;0.7102762;0.685382638;0.690203054;0.696387711;0.659127415;;;
03.07.2009;0.701440122;0.690473074;0.690498916;0.686521174;0.650342892;;;
10.07.2009;0.700977946;0.678396283;0.700107932;0.706533756;0.659600726;;;
17.07.2009;0.715618041;0.717842483;0.714578692;0.708604337;0.648767722;;;
24.07.2009;0.723181394;0.714045622;0.708526373;0.704922784;0.655325366;;;
31.07.2009;0.733922793;0.72913699;0.716612961;0.705906341;0.682185223;;;
07.08.2009;0.722100496;0.710237996;0.700924829;0.709056204;0.682563155;;;
14.08.2009;0.750236886;0.754828321;0.75002524;0.753446254;0.704855093;;;
21.08.2009;0.717690332;0.712839459;0.713924857;0.717003255;0.707226617;;;
28.08.2009;0.756901129;0.744509697;0.726631754;0.722970022;0.696058495;;;
04.09.2009;0.744710706;0.726547663;0.723494228;0.72141215;0.673378578;;;
11.09.2009;0.734123554;0.740008311;0.724308149;0.720221891;0.671007423;;;
18.09.2009;0.731044994;0.731248495;0.726512799;0.71956371;0.666885055;;;
25.09.2009;0.739419215;0.730119889;0.725777273;0.728172043;0.678026579;;;
02.10.2009;0.696225147;0.69348659;0.69854593;0.700764747;0.644813031;;;
09.10.2009;0.741487185;0.734921423;0.731437349;0.729430668;0.675016666;;;
16.10.2009;0.695970696;0.687638132;0.693531752;0.703072336;0.661107484;;;
23.10.2009;0.72625687;0.723974919;0.712643499;0.719471947;0.654920751;;;
30.10.2009;0.696393873;0.683621329;0.696615251;0.710387146;0.631547924;;;
06.11.2009;0.717248638;0.701211432;0.707624616;0.703723417;0.62474359;;;
13.11.2009;0.694731255;0.687961532;0.686041385;0.687348314;0.631198003;;;
20.11.2009;0.714922003;0.692852997;0.695168383;0.702265582;0.636441201;;;
27.11.2009;0.706055659;0.69375;0.686643144;0.683786775;0.606733969;;;
04.12.2009;0.687783646;0.682863459;0.675287052;0.662178588;0.619781287;;;
11.12.2009;0.704819061;0.689967142;0.680497868;0.68626289;0.633162016;;;
18.12.2009;0.680903848;0.669812716;0.652317439;0.648311296;0.592923212;;;
25.12.2009;0.654044346;0.647348623;0.633072407;0.635142243;0.635378151;;;
01.01.2010;0.651858013;0.651605718;0.640998887;0.664497972;0.622876937;;;
08.01.2010;0.690249957;0.680513026;0.685406886;0.684289255;0.646854322;;;
15.01.2010;0.670439215;0.664860031;0.665727999;0.682182748;0.624503311;;;
22.01.2010;0.654235386;0.660426717;0.652354859;0.667627396;0.643655849;;;
29.01.2010;0.682622696;0.679630676;0.676475814;0.68;0.650542142;;;
05.02.2010;0.690241787;0.693122446;0.67220316;0.672726245;0.642310543;;;
12.02.2010;0.677401781;0.666487157;0.656239521;0.673890655;0.63449089;;;
19.02.2010;0.655770122;0.655796323;0.660787157;0.66255211;0.627111551;;;
26.02.2010;0.654954373;0.654152688;0.663882656;0.668896321;0.611488299;;;
05.03.2010;0.638228712;0.635527972;0.63507476;0.64389188;0.628854191;;;
12.03.2010;0.667476854;0.65406223;0.649146078;0.663388031;0.611495228;;;
19.03.2010;0.642110448;0.644775374;0.648728216;0.644418191;0.616337881;;;
26.03.2010;0.67413569;0.677471468;0.65590424;0.674369255;0.616811963;;;
02.04.2010;0.661330746;0.666246609;0.671432599;0.680765091;0.631283325;;;
09.04.2010;0.665544647;0.655581048;0.65836431;0.649453127;0.623943332;;;
16.04.2010;0.680329757;0.683430533;0.684023986;0.69635602;0.642199324;;;
23.04.2010;0.672852944;0.664317103;0.6718678;0.684671194;0.653731527;;;
30.04.2010;0.709435295;0.703811466;0.696520993;0.698647247;0.659173399;;;
07.05.2010;0.710320555;0.691341023;0.691159105;0.699784425;0.632144341;;;
14.05.2010;0.752010598;0.737905976;0.71851993;0.732716397;0.660359665;;;
21.05.2010;0.701596415;0.697885958;0.686267332;0.693195258;0.658203424;;;
28.05.2010;0.700383786;0.692779487;0.689687385;0.691033154;0.636553776;;;
04.06.2010;0.663872122;0.648341099;0.663967496;0.680498567;0.593224282;;;
11.06.2010;0.728573189;0.717749823;0.700611923;0.718492508;0.653017571;;;
18.06.2010;0.70749235;0.709929972;0.691826549;0.707332734;0.634423827;;;
25.06.2010;0.707098652;0.682977389;0.679254313;0.693302776;0.633010718;;;
02.07.2010;0.709435559;0.684011586;0.677331953;0.692908068;0.609862744;;;
09.07.2010;0.692434831;0.684975042;0.685859621;0.692173983;0.640195128;;;
16.07.2010;0.704042958;0.698663129;0.714904679;0.719845603;0.643035252;;;
23.07.2010;0.663581548;0.64040551;0.653501876;0.671249811;0.617647059;;;
30.07.2010;0.675655787;0.663275952;0.668153986;0.676637442;0.610898729;;;
06.08.2010;0.6810268;0.677805901;0.658651842;0.665183963;0.607586457;;;
13.08.2010;0.67934814;0.669872261;0.671275634;0.678248667;0.665103886;;;
20.08.2010;0.67954613;0.674979273;0.649276056;0.653693435;0.643032137;;;
27.08.2010;0.648910024;0.648815913;0.646969087;0.653812841;0.612859891;;;
03.09.2010;0.622852309;0.628519971;0.645628564;0.632396227;0.591432678;;;
10.09.2010;0.624576681;0.626453712;0.649347362;0.632244435;0.623639607;;;
17.09.2010;0.624964937;0.623302413;0.62009224;0.623671247;0.608493503;;;
24.09.2010;0.629731016;0.633346789;0.635680218;0.641198932;0.600372229;;;
01.10.2010;0.622600253;0.61340415;0.638694627;0.640755985;0.594492255;;;
08.10.2010;0.62974359;0.621878414;0.636526763;0.62266105;0.602813223;;;
15.10.2010;0.581833805;0.595615536;0.609228442;0.619879041;0.587995394;;;
22.10.2010;0.618060922;0.613847667;0.64288833;0.630643248;0.601749924;;;
29.10.2010;0.594899886;0.592338966;0.604988322;0.604654627;0.596946125;;;
05.11.2010;0.632683993;0.629365586;0.642650841;0.653652337;0.57911101;;;
12.11.2010;0.604761443;0.613629244;0.624732598;0.624687143;0.593805128;;;
19.11.2010;0.63559322;0.615797608;0.641016972;0.640852263;0.594142104;;;
26.11.2010;0.6587413;0.651542658;0.654035081;0.683389733;0.602214616;;;
03.12.2010;0.615435762;0.619042017;0.61435594;0.631701012;0.561545518;;;
10.12.2010;0.653082492;0.616224859;0.634737503;0.626800211;0.57784826;;;
17.12.2010;0.679069806;0.660723669;0.648549142;0.645353934;0.607081009;;;
24.12.2010;0.643484098;0.631757895;0.654035319;0.668166849;0.613962896;;;
31.12.2010;0.609054953;0.611470431;0.608771656;0.623022847;0.561131835;;;
07.01.2011;0.605965463;0.596156265;0.612279281;0.626965417;0.560859437;;;
14.01.2011;0.597564525;0.597428289;0.598373603;0.598825705;0.553203834;;;
21.01.2011;0.566879694;0.561210907;0.585122526;0.57467188;0.553148561;;;
28.01.2011;0.585871093;0.581154051;0.596482196;0.616812569;0.596122779;;;
04.02.2011;0.565137951;0.575717802;0.578264302;0.593032904;0.542730766;;;
11.02.2011;0.577478476;0.588902194;0.576897963;0.581368309;0.564373429;;;
18.02.2011;0.599265817;0.583562371;0.585839837;0.604027328;0.548611317;;;
25.02.2011;0.609677844;0.609024104;0.599422947;0.612737389;0.57841569;;;
04.03.2011;0.641431312;0.636439057;0.622423612;0.616112897;0.584609089;;;
11.03.2011;0.589396046;0.603963221;0.618530234;0.633510575;0.641252801;;;
18.03.2011;0.616197515;0.62446513;0.621065878;0.622460932;0.680564836;;;
25.03.2011;0.640369169;0.620072356;0.630461818;0.637888015;0.657419498;;;
01.04.2011;0.64251835;0.639133457;0.638965954;0.640237051;0.67987071;;;
08.04.2011;0.611859243;0.59389133;0.614715871;0.617110445;0.639069327;;;
15.04.2011;0.633321032;0.62458409;0.641463626;0.660630354;0.64719285;;;
22.04.2011;0.648612019;0.622173913;0.637070268;0.652693955;0.635940565;;;
29.04.2011;0.639706034;0.615864361;0.636689604;0.644424655;0.602153601;;;
06.05.2011;0.652587065;0.648466207;0.6504053;0.654543619;0.641734815;;;
13.05.2011;0.65817927;0.637322786;0.640686215;0.642919736;0.595070651;;;
20.05.2011;0.648184319;0.635902875;0.647194872;0.656323268;0.592584814;;;
27.05.2011;0.680010722;0.646944349;0.657333764;0.667973412;0.636938652;;;
03.06.2011;0.648311595;0.639184682;0.628238146;0.633150734;0.608815315;;;
10.06.2011;0.679360698;0.669752047;0.651846165;0.653423458;0.624327598;;;
17.06.2011;0.673419012;0.654970199;0.665630199;0.688026261;0.614643927;;;
24.06.2011;0.718112633;0.680223751;0.694926983;0.690232587;0.647028543;;;
01.07.2011;0.699911382;0.667778936;0.659876358;0.674670983;0.61969545;;;
08.07.2011;0.702732326;0.676825028;0.689799193;0.702219975;0.653951168;;;
15.07.2011;0.724557967;0.697098349;0.718449233;0.722917507;0.670730468;;;
22.07.2011;0.707153589;0.69645048;0.684248985;0.691370558;0.667385627;;;
29.07.2011;0.704489292;0.656760221;0.683772098;0.690873678;0.605053582;;;
05.08.2011;0.730725512;0.699028937;0.693502549;0.701702239;0.640309044;;;
12.08.2011;0.720956468;0.702038024;0.697228194;0.703301996;0.659070279;;;
19.08.2011;0.702342238;0.67771426;0.677690025;0.681359919;0.645577244;;;
26.08.2011;0.686011804;0.676379392;0.665001467;0.672287809;0.613178556;;;
02.09.2011;0.707374186;0.692243992;0.699141111;0.704170659;0.659340874;;;
09.09.2011;0.686750402;0.677815159;0.677228982;0.683878619;0.600517559;;;
16.09.2011;0.727995693;0.706839958;0.709428176;0.716516571;0.649336741;;;
23.09.2011;0.695294537;0.693956159;0.674837231;0.687315862;0.662559392;;;
30.09.2011;0.685933112;0.684865887;0.662810084;0.664040736;0.591478629;;;
07.10.2011;0.705387859;0.69207911;0.692305971;0.701135984;0.624083107;;;
14.10.2011;0.678726335;0.648627131;0.670410637;0.668199376;0.619581233;;;
21.10.2011;0.749279781;0.740567408;0.724992295;0.718329218;0.630235973;;;
28.10.2011;0.681389637;0.669587798;0.674776509;0.680231442;0.590017398;;;
04.11.2011;0.681676714;0.664028289;0.665568968;0.66427621;0.592563453;;;
11.11.2011;0.675347607;0.662463298;0.664451379;0.665123308;0.580122762;;;
18.11.2011;0.678637463;0.660691146;0.660781564;0.660609166;0.599648237;;;
25.11.2011;0.699321583;0.676798866;0.662237044;0.670145924;0.596715745;;;
02.12.2011;0.673220097;0.648626436;0.643867925;0.640543502;0.601028086;;;
09.12.2011;0.679588741;0.65680403;0.647945217;0.639503309;0.566321069;;;
16.12.2011;0.674539857;0.655297504;0.678455257;0.679677257;0.582651282;;;
23.12.2011;0.687419373;0.668329491;0.647589239;0.660657823;0.582657208;;;
30.12.2011;0.719814857;0.700371948;0.702789727;0.705570927;0.595447613;;;
06.01.2012;0.690015361;0.654837296;0.673980863;0.66651163;0.599328896;;;
13.01.2012;0.686894865;0.666996395;0.685404476;0.678265201;0.591422187;;;
20.01.2012;0.69137151;0.692344165;0.680521704;0.678224755;0.623447279;;;
27.01.2012;0.700773329;0.699556173;0.681719225;0.689518249;0.647642801;;;
03.02.2012;0.700124641;0.698261338;0.662868516;0.666252961;0.59828754;;;
10.02.2012;0.69267643;0.675477099;0.657724171;0.653992468;0.594936217;;;
17.02.2012;0.675314445;0.666479857;0.657558089;0.656831319;0.63134276;;;
24.02.2012;0.679479606;0.66911139;0.639312245;0.636350559;0.607874916;;;
02.03.2012;0.691299133;0.692431119;0.652185544;0.663290269;0.635668546;;;
09.03.2012;0.664631101;0.667494997;0.646821989;0.643415698;0.610382573;;;
16.03.2012;0.66061508;0.656907161;0.629162167;0.636839497;0.597813742;;;
23.03.2012;0.63652009;0.640952843;0.599402275;0.600899844;0.590454819;;;
30.03.2012;0.658089213;0.642831775;0.628092147;0.615446059;0.595512006;;;
06.04.2012;0.623466323;0.649404707;0.617663898;0.600232131;0.580730182;;;
13.04.2012;0.67449601;0.649990823;0.640459565;0.653123035;0.628244296;;;
20.04.2012;0.6732223;0.654957544;0.647903091;0.645767634;0.624286212;;;
27.04.2012;0.635056474;0.649519508;0.616978914;0.622632591;0.575652174;;;
04.05.2012;0.651970241;0.648762411;0.616202072;0.619192794;0.575865801;;;
11.05.2012;0.669451483;0.649150555;0.623722889;0.629764065;0.574079713;;;
18.05.2012;0.724517442;0.683557047;0.666435153;0.67125024;0.62247392;;;
25.05.2012;0.714216363;0.700782781;0.669636324;0.66263351;0.610982258;;;
01.06.2012;0.682193474;0.659651395;0.633497045;0.642174341;0.605442177;;;
08.06.2012;0.709104183;0.69067101;0.684633438;0.692782603;0.625665277;;;
15.06.2012;0.703153524;0.70171176;0.678065257;0.673836021;0.619574025;;;
22.06.2012;0.727598136;0.700252262;0.681467181;0.680575277;0.626812224;;;
29.06.2012;0.713926724;0.69260348;0.67582956;0.695734119;0.613724139;;;
06.07.2012;0.738432522;0.702133825;0.686039609;0.687188794;0.642662736;;;
13.07.2012;0.711760133;0.695317684;0.678278401;0.689398358;0.630634295;;;
20.07.2012;0.714733333;0.700083858;0.706092032;0.707005117;0.615314625;;;
27.07.2012;0.756868876;0.72608764;0.720441015;0.730367949;0.659108206;;;
03.08.2012;0.732739415;0.711837209;0.695470684;0.698359622;0.616766184;;;
10.08.2012;0.722950731;0.695481756;0.693475462;0.692713254;0.624545309;;;
17.08.2012;0.723189367;0.71138896;0.694480676;0.700610489;0.621960084;;;
24.08.2012;0.714203135;0.714098203;0.687689153;0.689611961;0.624139901;;;
31.08.2012;0.7064548;0.705710561;0.641820272;0.651403952;0.603740486;;;
07.09.2012;0.716051507;0.719874877;0.654695268;0.665558181;0.626096848;;;
14.09.2012;0.710098645;0.703619014;0.655384299;0.644191026;0.607028453;;;
21.09.2012;0.679822453;0.677597935;0.651639524;0.647534345;0.601533658;;;
28.09.2012;0.668020636;0.665929069;0.641419996;0.644600939;0.588896284;;;
05.10.2012;0.702421004;0.696181107;0.674128207;0.687378888;0.582832149;;;
12.10.2012;0.732695488;0.719851786;0.689409221;0.690886241;0.613593906;;;
19.10.2012;0.684476593;0.690699716;0.655013862;0.662286694;0.629673261;;;
26.10.2012;0.707179676;0.691665283;0.666299618;0.684477581;0.621063932;;;
02.11.2012;0.698514033;0.691459382;0.685136897;0.675662656;0.641838962;;;
09.11.2012;0.707905376;0.699156179;0.671623163;0.695659923;0.661586841;;;
16.11.2012;0.692898086;0.681850356;0.654242277;0.647831708;0.602460638;;;
23.11.2012;0.689495549;0.684395564;0.650387381;0.648781187;0.600333621;;;
30.11.2012;0.656841053;0.65362254;0.638716011;0.633903731;0.576686278;;;
07.12.2012;0.70208842;0.671543428;0.676056338;0.675820385;0.628271511;;;
14.12.2012;0.666283897;0.672327318;0.648587445;0.634276261;0.602826182;;;
21.12.2012;0.690056574;0.680673157;0.64629924;0.658564797;0.624806299;;;
28.12.2012;0.65868004;0.674758413;0.632456388;0.625523979;0.608365267;;;
04.01.2013;0.691120614;0.677078227;0.669856637;0.676912185;0.59543179;;;
11.01.2013;0.635426165;0.640897661;0.610996853;0.620876289;0.553314239;;;
18.01.2013;0.620300446;0.614602809;0.627514307;0.634671513;0.583689329;;;
25.01.2013;0.641856859;0.635012386;0.605528973;0.600675982;0.597025567;;;
01.02.2013;0.626492661;0.637897119;0.622393249;0.623591669;0.570581383;;;
08.02.2013;0.613629739;0.619278137;0.602282193;0.604621261;0.590044902;;;
15.02.2013;0.579600151;0.602672153;0.573678919;0.573671511;0.575332725;;;
22.02.2013;0.605806343;0.629394721;0.600831465;0.595901209;0.587356724;;;
01.03.2013;0.64008603;0.653957631;0.623612557;0.613957369;0.560651897;;;
08.03.2013;0.659800923;0.655356101;0.659726105;0.659662916;0.595032274;;;
15.03.2013;0.681986355;0.683832356;0.6609632;0.654829829;0.61143862;;;
22.03.2013;0.674574909;0.67959819;0.628045649;0.629663334;0.614221383;;;
29.03.2013;0.666105632;0.649084851;0.613165286;0.60236176;0.620754259;;;
05.04.2013;0.671272024;0.663345001;0.645603856;0.645467887;0.614373809;;;
05.04.2013;0.671272024;0.663345001;0.645603856;0.645467887;0.614373809;;;
12.04.2013;0.695939053;0.688916119;0.675675566;0.650684273;0.655591466;;;
19.04.2013;0.704275525;0.687878602;0.679893599;0.684985591;0.610697868;;;
26.04.2013;0.674453658;0.663176387;0.627365917;0.630750299;0.632588891;;;
03.05.2013;0.684542711;0.68841773;0.634696076;0.626609997;0.608753912;;;
10.05.2013;0.671535113;0.664089314;0.623382931;0.619701658;0.623892867;;;
17.05.2013;0.683113733;0.690520714;0.650475913;0.650838937;0.629796681;;;
24.05.2013;0.69086611;0.666787247;0.653705047;0.673618352;0.636462138;;;
31.05.2013;0.696368671;0.704046613;0.677542508;0.679345327;0.653219215;;;
07.06.2013;0.68418146;0.686100051;0.656740331;0.661192348;0.659083426;;;
14.06.2013;0.672646101;0.679834806;0.643110032;0.63969956;0.661232287;;;
21.06.2013;0.664681943;0.685736134;0.653912461;0.653316829;0.619014015;;;
28.06.2013;0.67484806;0.658834017;0.643446248;0.640021087;0.651977284;;;
05.07.2013;0.701932051;0.684865389;0.65143375;0.647323793;0.62836767;;;
12.07.2013;0.668058804;0.658707635;0.633174069;0.641374163;0.606723726;;;
19.07.2013;0.682662539;0.65813527;0.632964071;0.638046902;0.622868256;;;
26.07.2013;0.709435295;0.705952628;0.694105666;0.691410256;0.692923194;;;
02.08.2013;0.696486802;0.702322758;0.683875271;0.688136936;0.648204892;;;
09.08.2013;0.692359005;0.693990193;0.665475461;0.672004333;0.662262831;;;
16.08.2013;0.714131447;0.696102932;0.677915164;0.677032956;0.622224071;;;
23.08.2013;0.712334114;0.723543169;0.680593375;0.680385403;0.649884315;;;
30.08.2013;0.656869773;0.673146975;0.652427257;0.653665026;0.612331183;;;
06.09.2013;0.652411547;0.666349184;0.630823821;0.635451875;0.610005546;;;
13.09.2013;0.687474923;0.674953206;0.643142707;0.637106587;0.589975198;;;
20.09.2013;0.65866951;0.667334314;0.640475248;0.635751418;0.612389418;;;
27.09.2013;0.628888353;0.628601615;0.611120675;0.604878376;0.574791704;;;
04.10.2013;0.640831898;0.662379277;0.664684085;0.64576429;0.590859347;;;
11.10.2013;0.643200427;0.636823988;0.657022278;0.649396454;0.608990527;;;
18.10.2013;0.650149446;0.645705721;0.658456957;0.651837185;0.591248416;;;
25.10.2013;0.645159402;0.633252003;0.643378794;0.639774801;0.618656789;;;
01.11.2013;0.645470036;0.646060235;0.632060615;0.621488942;0.588325653;;;
08.11.2013;0.677850264;0.682237199;0.669784074;0.670160305;0.601218105;;;
15.11.2013;0.697307463;0.680633037;0.656374972;0.66986498;0.626538462;;;
22.11.2013;0.692259263;0.685933846;0.677223707;0.685547732;0.615136079;;;
29.11.2013;0.696558176;0.687389444;0.683673004;0.677061937;0.624418017;;;
06.12.2013;0.728047596;0.702413623;0.721646241;0.728406173;0.667687538;;;
13.12.2013;0.690685346;0.693939021;0.66548232;0.664621677;0.657752566;;;
20.12.2013;0.68227599;0.681771017;0.676454066;0.667644119;0.625754784;;;
27.12.2013;0.70594773;0.679158283;0.660597502;0.668837535;0.603822697;;;
03.01.2014;0.674852196;0.662263463;0.651464183;0.656740707;0.622001752;;;
10.01.2014;0.645751014;0.651159994;0.645868014;0.643234247;0.624841442;;;
17.01.2014;0.650891283;0.647520964;0.623394329;0.643263192;0.601575491;;;
24.01.2014;0.671300119;0.656578132;0.648561848;0.646727748;0.648640056;;;
31.01.2014;0.671091161;0.675511867;0.657578247;0.668278955;0.608274842;;;
07.02.2014;0.656283527;0.65446505;0.646556071;0.64521068;0.623794442;;;
14.02.2014;0.645461319;0.632181773;0.612305092;0.608507663;0.604812278;;;
21.02.2014;0.685570478;0.673465019;0.65647072;0.675374124;0.624268371;;;
28.02.2014;0.69111263;0.688032365;0.685440712;0.682788757;0.626364322;;;
07.03.2014;0.688577283;0.671003726;0.665906144;0.670234144;0.609570791;;;
14.03.2014;0.665259079;0.671379272;0.647332295;0.645174896;0.611948096;;;
21.03.2014;0.680857401;0.679164492;0.647316565;0.646963638;0.597309915;;;
