Datum;Dax_Is;ESX50_Is;SP500_Is;NASDAQ_Is;Nikkei_Is
23.02.2001;0.661904762;0.628571429;0.79047619;0.681578947;0.561904762
02.03.2001;0.673387097;0.694623656;0.563508065;0.840909091;0.579637097
09.03.2001;0.531182796;0.506896552;0.551724138;0.685057471;0.333333333
16.03.2001;0.476190476;0.396011396;0.336182336;0.46031746;0.587301587
23.03.2001;0.75;0.688405797;0.666666667;0.69;0.523333333
30.03.2001;0.616091954;0.55026455;0.529885057;0.505747126;0.534482759
20.04.2001;0.541501976;0.513833992;0.604743083;0.656126482;0.441558442
27.04.2001;0.601449275;0.592391304;0.592391304;0.780797101;0.688405797
04.05.2001;0.769230769;0.758461538;0.713846154;0.729344729;0.426153846
11.05.2001;0.571428571;0.543650794;0.543650794;0.592592593;0.395502646
18.05.2001;0.564935065;0.5995671;0.675889328;0.656126482;0.410526316
25.05.2001;0.493103448;0.435960591;0.47816092;0.47816092;0.280788177
01.06.2001;0.432971014;0.432971014;0.456666667;0.493333333;0.33201581
08.06.2001;0.481481481;0.336182336;0.406084656;0.413105413;0.387464387
15.06.2001;0.556666667;0.514492754;0.573333333;0.59;0.407114625
22.06.2001;0.624831309;0.586770982;0.588394062;0.588394062;0.527027027
29.06.2001;0.233990148;0.243842365;0.247354497;0.278325123;0.433862434
06.07.2001;0.519704433;0.52955665;0.57635468;0.519704433;0.399014778
13.07.2001;0.603830645;0.64516129;0.608870968;0.716733871;0.464367816
20.07.2001;0.789473684;0.711948791;0.73414305;0.81511471;0.623044097
27.07.2001;0.609929078;0.651248844;0.592969473;0.679078014;0.546859903
03.08.2001;0.514455782;0.510195035;0.534863946;0.597789116;0.4773358
10.08.2001;0.724252492;0.645760743;0.611295681;0.611295681;0.523076923
17.08.2001;0.567268492;0.575757576;0.573069307;0.558686869;0.459560542
24.08.2001;0.609929078;0.592969473;0.574024823;0.655585106;0.483091787
31.08.2001;0.429232192;0.431400966;0.32705314;0.308973173;0.290909091
07.09.2001;0.540420819;0.49767712;0.446290144;0.493909192;0.296788483
14.09.2001;0.767006803;0.789965986;0.676870748;0.68122449;0.679000925
21.09.2001;0.711948791;0.731231231;0.672119488;0.711948791;0.48048048
28.09.2001;0.576328502;0.555555556;0.545454545;0.590909091;0.483615222
05.10.2001;0.460881935;0.435435435;0.451951952;0.424924925;0.387301587
12.10.2001;0.703381643;0.663636364;0.676811594;0.728985507;0.483615222
19.10.2001;0.641545894;0.643434343;0.624637681;0.649758454;0.44057971
26.10.2001;0.625;0.564292322;0.563386525;0.537234043;0.409863946
09.11.2001;0.649758454;0.649494949;0.676811594;0.747826087;0.424418605
16.11.2001;0.623655914;0.595698925;0.662365591;0.698924731;0.423655914
23.11.2001;0.532692308;0.49122807;0.486538462;0.523076923;0.327564103
30.11.2001;0.613031915;0.629972248;0.638297872;0.616578014;0.488888889
07.12.2001;0.745644599;0.737820513;0.696864111;0.673635308;0.399004267
14.12.2001;0.536470588;0.539965986;0.564897959;0.564897959;0.43572695
04.01.2002;0.465700483;0.475158562;0.482828283;0.431313131;0.355400697
11.01.2002;0.600784314;0.574901961;0.494901961;0.548235294;0.458333333
18.01.2002;0.636447734;0.587922705;0.579093432;0.530989824;0.576328502
25.01.2002;0.567784766;0.5814116;0.613906359;0.613906359;0.416470588
01.02.2002;0.585882353;0.59755102;0.505882353;0.548235294;0.483137255
08.02.2002;0.817813765;0.798920378;0.761133603;0.73414305;0.624831309
15.02.2002;0.593537415;0.593537415;0.618197279;0.568027211;0.361258865
22.02.2002;0.558937198;0.473429952;0.520289855;0.52173913;0.5
01.03.2002;0.520816327;0.514693878;0.553469388;0.540816327;0.5
08.03.2002;0.553846154;0.507051282;0.496794872;0.48974359;0.406207827
15.03.2002;0.544025157;0.535290007;0.580363382;0.553459119;0.538084465
22.03.2002;0.707246377;0.694202899;0.663636364;0.694949495;0.485024155
05.04.2002;0.49767712;0.532520325;0.367595819;0.441927991;0.447560976
12.04.2002;0.567784766;0.500698812;0.531097135;0.581761006;0.375960867
19.04.2002;0.591245791;0.610774411;0.565656566;0.594612795;0.407239819
26.04.2002;0.605714286;0.564897959;0.610612245;0.62244898;0.460992908
03.05.2002;0.658585859;0.651162791;0.634343434;0.709090909;0.456256921
10.05.2002;0.401858304;0.416376307;0.401858304;0.532520325;0.266025641
17.05.2002;0.48048048;0.48048048;0.451951952;0.578078078;0.434920635
24.05.2002;0.678431373;0.643665158;0.607466063;0.643665158;0.491764706
31.05.2002;0.753045404;0.705426357;0.694352159;0.685492802;0.387596899
07.06.2002;0.738205365;0.738205365;0.722479186;0.679925994;0.441331924
14.06.2002;0.764184397;0.721631206;0.719387755;0.761054422;0.594387755
21.06.2002;0.829343972;0.833333333;0.718537415;0.683673469;0.574024823
28.06.2002;0.510638298;0.50693802;0.496762257;0.540240518;0.422222222
05.07.2002;0.621598639;0.621598639;0.599489796;0.594387755;0.48891844
12.07.2002;0.706168831;0.680519481;0.742532468;0.737337662;0.526948052
19.07.2002;0.778280543;0.78280543;0.764328808;0.746229261;0.526360544
26.07.2002;0.596194503;0.614693446;0.673890063;0.720401691;0.623150106
02.08.2002;0.728985507;0.728985507;0.703381643;0.709178744;0.418604651
09.08.2002;0.56462585;0.557823129;0.550170068;0.591836735;0.487511563
16.08.2002;0.597101449;0.573737374;0.619191919;0.618181818;0.43551797
23.08.2002;0.664897959;0.664897959;0.693877551;0.612244898;0.517287234
30.08.2002;0.632244898;0.632244898;0.669795918;0.646530612;0.548566142
06.09.2002;0.661279461;0.661279461;0.657912458;0.583838384;0.639063592
13.09.2002;0.766156463;0.766156463;0.731292517;0.700680272;0.670675301
20.09.2002;0.851948052;0.828246753;0.810064935;0.765656566;0.591245791
27.09.2002;0.633458647;0.61716792;0.597744361;0.706493506;0.558922559
04.10.2002;0.709756098;0.709756098;0.647560976;0.620910384;0.594594595
11.10.2002;0.296135266;0.296135266;0.431400966;0.388888889;0.527874564
18.10.2002;0.571428571;0.571428571;0.591245791;0.644155844;0.452525253
25.10.2002;0.544025157;0.535290007;0.544025157;0.573025856;0.486802413
01.11.2002;0.550607287;0.550607287;0.535762483;0.532716927;0.424608819
08.11.2002;0.592888244;0.592888244;0.595791001;0.595791001;0.59841629
15.11.2002;0.472727273;0.467676768;0.507070707;0.54756871;0.537373737
22.11.2002;0.58122449;0.540408163;0.575102041;0.571428571;0.574468085
29.11.2002;0.569105691;0.56039489;0.588269454;0.601219512;0.52804878
06.12.2002;0.673654787;0.673654787;0.679245283;0.643665158;0.545882353
13.12.2002;0.535714286;0.545386905;0.543402778;0.506912442;0.522881356
20.12.2002;0.705827937;0.688251619;0.669750231;0.665217391;0.618181818
03.01.2003;0.516690856;0.474600871;0.516690856;0.478431373;0.392244898
10.01.2003;0.515625;0.503968254;0.477926587;0.562211982;0.480874317
17.01.2003;0.606292967;0.571390799;0.571390799;0.571390799;0.480338778
24.01.2003;0.551219512;0.551219512;0.580487805;0.537820513;0.51025641
31.01.2003;0.649717514;0.660734463;0.681073446;0.677555959;0.536297641
07.02.2003;0.640865385;0.647596154;0.684134615;0.640552995;0.487572713
14.02.2003;0.694915254;0.694915254;0.727060199;0.741681791;0.551378446
21.02.2003;0.572055138;0.572055138;0.562656642;0.537337662;0.462962963
28.02.2003;0.697763802;0.715583508;0.635918938;0.672714078;0.518867925
07.03.2003;0.773378582;0.773378582;0.730015083;0.708571429;0.624081633
14.03.2003;0.576623377;0.573701299;0.54025974;0.481132075;0.547868623
21.03.2003;0.358441558;0.355519481;0.425589226;0.42670537;0.355345912
28.03.2003;0.613877551;0.573061224;0.594285714;0.55877551;0.431313131
04.04.2003;0.399675325;0.363311688;0.467532468;0.41025641;0.367058824
11.04.2003;0.529661017;0.529661017;0.53559322;0.572292801;0.556779661
25.04.2003;0.613749435;0.563545907;0.594172494;0.603913273;0.465437788
02.05.2003;0.590254707;0.569213732;0.629014396;0.62485482;0.419512195
09.05.2003;0.631235431;0.619347319;0.545454545;0.59375;0.450273224
16.05.2003;0.649180328;0.649180328;0.639344262;0.656497175;0.529038113
23.05.2003;0.605714286;0.564897959;0.581632653;0.489795918;0.470860315
30.05.2003;0.583214794;0.549786629;0.586770982;0.614114114;0.478571429
06.06.2003;0.610523533;0.575356954;0.617486339;0.681073446;0.4646098
13.06.2003;0.676470588;0.705029838;0.6714223;0.673193473;0.555043523
20.06.2003;0.600784314;0.600784314;0.55877551;0.55877551;0.392006803
27.06.2003;0.563137255;0.499607843;0.534901961;0.522857143;0.482886216
04.07.2003;0.51566416;0.492481203;0.504385965;0.51566416;0.526904263
11.07.2003;0.571428571;0.539170507;0.458269329;0.584875727;0.484463277
18.07.2003;0.452367037;0.455289305;0.459380479;0.4646098;0.487987013
25.07.2003;0.563559322;0.537853107;0.531073446;0.507344633;0.481589714
01.08.2003;0.684684685;0.665144597;0.593873874;0.605438185;0.456964006
08.08.2003;0.479375992;0.503437335;0.444209413;0.48579235;0.432240437
15.08.2003;0.548566142;0.506012951;0.442512077;0.522222222;0.388888889
22.08.2003;0.717785844;0.647307925;0.66938899;0.622807018;0.426691729
29.08.2003;0.653061224;0.653061224;0.49914966;0.636524823;0.465309898
05.09.2003;0.650496786;0.641560799;0.566335476;0.616883117;0.498701299
12.09.2003;0.607407407;0.618099231;0.571043771;0.534833091;0.619496855
19.09.2003;0.660401003;0.618181818;0.563311688;0.608080808;0.534006734
26.09.2003;0.472222222;0.465437788;0.428571429;0.407578085;0.382513661
03.10.2003;0.588419405;0.591549296;0.539710485;0.561368209;0.466751918
10.10.2003;0.628222524;0.58525554;0.628222524;0.692773893;0.451388889
17.10.2003;0.689258312;0.705029838;0.643648764;0.693351425;0.634102216
24.10.2003;0.668410463;0.639839034;0.696981891;0.629606625;0.519181586
31.10.2003;0.667901235;0.660601266;0.619753086;0.66017316;0.456254272
07.11.2003;0.691045796;0.659603554;0.674641148;0.703157895;0.619522692
14.11.2003;0.700961538;0.686480186;0.669711538;0.686538462;0.549038462
21.11.2003;0.645738204;0.617734173;0.595335061;0.64299687;0.528538813
28.11.2003;0.642173616;0.606971975;0.594326726;0.610047847;0.552432432
05.12.2003;0.653416149;0.65601023;0.634697357;0.706467662;0.52238806
12.12.2003;0.66022827;0.675153644;0.674934153;0.684758028;0.488811189
19.12.2003;0.606418219;0.606418219;0.67515528;0.639386189;0.508158508
02.01.2004;0.683137255;0.683137255;0.691764706;0.699607843;0.531764706
09.01.2004;0.71975393;0.675789474;0.673274094;0.676691729;0.54954955
16.01.2004;0.717837838;0.723603604;0.683603604;0.693302892;0.575704225
23.01.2004;0.722530864;0.733544304;0.683386076;0.694579682;0.639022584
30.01.2004;0.706413731;0.683641975;0.666817224;0.692246835;0.510630631
06.02.2004;0.651754386;0.661981982;0.639122807;0.560526316;0.506664198
13.02.2004;0.622710623;0.570762571;0.584249084;0.634954955;0.432432432
20.02.2004;0.652385589;0.626744563;0.568764569;0.528804529;0.498858447
27.02.2004;0.585964912;0.571754386;0.508700481;0.615135135;0.433358016
05.03.2004;0.577008515;0.577008515;0.557756387;0.617957746;0.422535211
12.03.2004;0.574259074;0.594738595;0.590567327;0.580656186;0.524733638
19.03.2004;0.597293156;0.574445335;0.534482759;0.562679289;0.517928858
26.03.2004;0.666817224;0.651610961;0.64137308;0.647530864;0.52677702
02.04.2004;0.678821879;0.657082749;0.644693782;0.700794764;0.513497372
08.04.2004;0.6;0.571428571;0.599195171;0.614084507;0.55721393
16.04.2004;0.628042843;0.602401818;0.64589419;0.609542356;0.607017544
23.04.2004;0.537513998;0.562597984;0.536394177;0.525280256;0.439316239
30.04.2004;0.622829418;0.585801839;0.589632278;0.566905005;0.502008032
07.05.2004;0.619607843;0.634968445;0.571988796;0.624089636;0.531790123
14.05.2004;0.7;0.696868687;0.65960396;0.667524752;0.584998948
21.05.2004;0.604466647;0.604466647;0.611863896;0.593887746;0.45898838
28.05.2004;0.563347359;0.538803179;0.551839465;0.570940171;0.430796731
04.06.2004;0.508118812;0.478686869;0.506161616;0.53979798;0.520044793
11.06.2004;0.606839945;0.569767442;0.609575923;0.582072829;0.471988796
18.06.2004;0.527524752;0.49960396;0.503434343;0.545050505;0.572594502
25.06.2004;0.525919732;0.549438202;0.53968254;0.563125763;0.559952978
02.07.2004;0.589796385;0.59256662;0.61430575;0.605423095;0.637385087
09.07.2004;0.655283505;0.627547592;0.615229563;0.627099664;0.648901356
16.07.2004;0.686732456;0.657894737;0.651287794;0.629787234;0.572742475
23.07.2004;0.688400488;0.686935287;0.690569488;0.725052247;0.540629275
30.07.2004;0.654475043;0.669391853;0.637378783;0.672530864;0.609968354
06.08.2004;0.653983657;0.631256384;0.592998955;0.614289446;0.638030096
13.08.2004;0.629837703;0.612234707;0.60592999;0.643410853;0.527933708
20.08.2004;0.60952381;0.59029304;0.575457875;0.596230725;0.484430886
27.08.2004;0.550670641;0.551415797;0.516666667;0.558182595;0.471853547
03.09.2004;0.549058149;0.512694513;0.52910759;0.523719677;0.531505806
10.09.2004;0.507947639;0.501194458;0.461060678;0.476678877;0.452120383
17.09.2004;0.520268757;0.521164614;0.547357584;0.585762064;0.433306603
24.09.2004;0.605153509;0.575;0.578508772;0.59256662;0.579417773
01.10.2004;0.667216117;0.590646004;0.607076176;0.631819064;0.588260046
08.10.2004;0.707823724;0.694719472;0.67009901;0.666254381;0.543582704
15.10.2004;0.620065789;0.60537514;0.549013158;0.553191489;0.516853933
22.10.2004;0.617691154;0.587643021;0.589321129;0.584570475;0.457165109
29.10.2004;0.553132572;0.519308764;0.553517898;0.577765087;0.487376394
05.11.2004;0.521235521;0.524488124;0.524520434;0.507009346;0.386015683
12.11.2004;0.608678777;0.608678777;0.54753861;0.556265356;0.45448252
19.11.2004;0.578335832;0.528635682;0.547430523;0.571348134;0.437648658
26.11.2004;0.588861589;0.589574646;0.538396194;0.503058104;0.420594059
03.12.2004;0.4871502;0.487530935;0.483723587;0.500475919;0.375
10.12.2004;0.530411145;0.539058367;0.51119732;0.524775172;0.393267327
17.12.2004;0.599542334;0.579180252;0.604952647;0.634411197;0.436420113
24.12.2004;0.441419587;0.443589744;0.471967655;0.515934066;0.54375
31.12.2004;0.613402062;0.578508772;0.585855263;0.594627193;0.443965517
07.01.2005;0.614049587;0.618417367;0.581256231;0.581276199;0.501106195
14.01.2005;0.635420394;0.609132752;0.58502907;0.60679915;0.468922109
21.01.2005;0.538830585;0.521425245;0.523210682;0.549058149;0.470530099
28.01.2005;0.534332899;0.543766578;0.489537283;0.49122807;0.462789893
04.02.2005;0.488155922;0.49092296;0.496506754;0.512694513;0.43883792
11.02.2005;0.634797724;0.60971686;0.597164304;0.560687961;0.537821782
18.02.2005;0.636946304;0.616858238;0.534188034;0.487768936;0.517180984
25.02.2005;0.590966387;0.567869042;0.526525199;0.564896755;0.501719902
04.03.2005;0.62668405;0.604479811;0.580015256;0.562102158;0.579439252
11.03.2005;0.564050289;0.520249221;0.493800539;0.532600733;0.502121212
18.03.2005;0.536281736;0.509174312;0.534528774;0.548756833;0.488482772
25.03.2005;0.569314642;0.562511021;0.549146451;0.562820513;0.44964782
01.04.2005;0.502418682;0.506436255;0.514018692;0.515605713;0.473403223
08.04.2005;0.460405486;0.447834646;0.465175909;0.531496063;0.402506765
15.04.2005;0.628548581;0.5940252;0.621663731;0.587603306;0.562471396
22.04.2005;0.655392157;0.639142402;0.652252644;0.669260107;0.582738702
29.04.2005;0.651864728;0.642751843;0.628056628;0.612322603;0.515605713
06.05.2005;0.608510638;0.572866621;0.599062;0.57656474;0.408963585
13.05.2005;0.584275184;0.537264537;0.535529608;0.51529052;0.463812329
20.05.2005;0.518227118;0.509145102;0.533333333;0.511180743;0.428992629
27.05.2005;0.552277819;0.522177803;0.547687036;0.593069307;0.516108247
03.06.2005;0.641105541;0.60804769;0.559593838;0.587095855;0.490518331
10.06.2005;0.607997266;0.585099111;0.510004626;0.573818898;0.421690828
17.06.2005;0.679767601;0.657666895;0.563960213;0.57149672;0.500413223
24.06.2005;0.566230937;0.55414656;0.528784648;0.52050581;0.458749833
01.07.2005;0.630174122;0.595141278;0.532895423;0.539379085;0.486064516
08.07.2005;0.687962963;0.6644555;0.563853664;0.587265788;0.468296979
15.07.2005;0.613045882;0.604926495;0.641684016;0.64874031;0.468870523
22.07.2005;0.643312828;0.604028729;0.563568011;0.574045802;0.435820522
29.07.2005;0.676899957;0.63681592;0.557987839;0.597181445;0.480607757
05.08.2005;0.506352802;0.468432975;0.466758594;0.48086748;0.480395559
12.08.2005;0.60833793;0.575342466;0.560153257;0.526937851;0.423997945
19.08.2005;0.599088146;0.564182939;0.484079128;0.491984522;0.423166831
26.08.2005;0.514967203;0.496418086;0.462572674;0.474222222;0.533471074
02.09.2005;0.539124016;0.478284941;0.45761565;0.46;0.517545048
09.09.2005;0.595312288;0.544438423;0.438292011;0.453286177;0.49137931
16.09.2005;0.636993541;0.562803609;0.473684211;0.508586762;0.457969961
23.09.2005;0.484679912;0.485562914;0.434183445;0.470666037;0.573232323
30.09.2005;0.555788633;0.529667366;0.466087304;0.49352518;0.525329281
07.10.2005;0.600834824;0.582677165;0.472440945;0.426064516;0.591856806
14.10.2005;0.603773585;0.591037736;0.462253875;0.530324155;0.517079122
21.10.2005;0.71506343;0.644141444;0.592951726;0.613579403;0.528252449
28.10.2005;0.646910819;0.617666509;0.558258643;0.568136795;0.517389438
04.11.2005;0.539673913;0.519226176;0.528783359;0.520485966;0.46410596
11.11.2005;0.444195945;0.457429719;0.492144247;0.517624224;0.47834442
18.11.2005;0.505169599;0.515888547;0.481861124;0.524223354;0.453735632
25.11.2005;0.536746693;0.529315695;0.517245658;0.505165563;0.521958871
02.12.2005;0.589705222;0.574301242;0.537382075;0.582123759;0.543769394
09.12.2005;0.604532722;0.606037152;0.553147107;0.555506993;0.648180077
16.12.2005;0.569433834;0.549621603;0.545235638;0.532438479;0.591901566
23.12.2005;0.576162387;0.573458602;0.492369186;0.5;0.604412642
30.12.2005;0.723969013;0.697539303;0.561479742;0.596362552;0.609496124
06.01.2006;0.697321072;0.645508739;0.549035813;0.568810662;0.643627451
13.01.2006;0.620504563;0.61705673;0.553485162;0.562928324;0.593010753
20.01.2006;0.571840355;0.524653488;0.486102484;0.480375766;0.58582601
27.01.2006;0.557771261;0.542689568;0.471448228;0.463042506;0.521958871
03.02.2006;0.617391304;0.594409938;0.506974119;0.530787754;0.548883375
10.02.2006;0.622566219;0.608118335;0.452240068;0.526260661;0.556213018
17.02.2006;0.548864334;0.529205462;0.465422078;0.447146369;0.535584416
24.02.2006;0.594215399;0.570087907;0.504624457;0.490427468;0.524155844
03.03.2006;0.558022623;0.52392124;0.49346998;0.503214985;0.424042146
10.03.2006;0.58305709;0.584144122;0.488636364;0.485416251;0.521028503
17.03.2006;0.554048742;0.541470126;0.495508738;0.497764018;0.476155479
24.03.2006;0.579031844;0.573509808;0.50226601;0.511103376;0.4750102
31.03.2006;0.507630187;0.489361702;0.479419102;0.507454265;0.444014733
07.04.2006;0.578998073;0.56045977;0.4875221;0.525199601;0.479896526
14.04.2006;0.567542899;0.548133;0.504891304;0.51529116;0.496651968
21.04.2006;0.494913787;0.465315809;0.473831705;0.498759305;0.429613803
28.04.2006;0.512569034;0.49025974;0.446070878;0.480212158;0.522915817
05.05.2006;0.467148263;0.43632009;0.454705551;0.439690208;0.456194823
12.05.2006;0.653038674;0.629588705;0.556721915;0.573382126;0.547252183
19.05.2006;0.551235106;0.543360752;0.507801591;0.538849743;0.494512987
26.05.2006;0.523892617;0.518592418;0.485015628;0.488855117;0.504973899
02.06.2006;0.532895217;0.503547672;0.460046959;0.492078656;0.41025641
09.06.2006;0.736402701;0.693438624;0.651888342;0.632822833;0.668386653
16.06.2006;0.562625621;0.561185058;0.536428966;0.573907009;0.589200273
23.06.2006;0.573913043;0.53672011;0.507883302;0.543316913;0.495382367
30.06.2006;0.420889568;0.420278638;0.42027934;0.4587624;0.348659004
07.07.2006;0.512749706;0.500270222;0.410024829;0.435927067;0.417865353
14.07.2006;0.532826148;0.525498891;0.484109387;0.483743578;0.510559006
21.07.2006;0.551884701;0.568719138;0.514224369;0.524007839;0.502176893
28.07.2006;0.533101288;0.519582981;0.455054177;0.475830595;0.461619033
04.08.2006;0.50236812;0.530148883;0.497863427;0.483584255;0.387175766
11.08.2006;0.516371341;0.492337662;0.456548348;0.479907655;0.516773682
18.08.2006;0.544706926;0.556916544;0.495768747;0.532438479;0.457986577
25.08.2006;0.539924721;0.526280414;0.523245985;0.50428677;0.492312353
01.09.2006;0.64246251;0.62350135;0.593496956;0.582727273;0.495369458
08.09.2006;0.507377941;0.506731946;0.425896276;0.437767923;0.453838097
15.09.2006;0.569981584;0.554494686;0.526505276;0.540832049;0.488279221
22.09.2006;0.663399558;0.663399558;0.667241067;0.646804584;0.512626263
29.09.2006;0.694616443;0.672600619;0.659072848;0.621004566;0.500188947
06.10.2006;0.677064647;0.675171085;0.615361077;0.643142287;0.504951959
13.10.2006;0.62380461;0.603019176;0.614307086;0.650948104;0.572469519
20.10.2006;0.672208266;0.665273632;0.636160601;0.656780333;0.526150742
27.10.2006;0.601047904;0.584950581;0.56082779;0.579891304;0.525178048
03.11.2006;0.613742467;0.585913313;0.514705882;0.489244346;0.491677337
10.11.2006;0.63479515;0.607512953;0.555105786;0.56588694;0.489361702
17.11.2006;0.601043585;0.576304481;0.545289059;0.541281459;0.471655844
24.11.2006;0.625249398;0.614860681;0.554959972;0.501720784;0.511095963
01.12.2006;0.591377618;0.578506476;0.540751998;0.551410106;0.480908533
08.12.2006;0.521431029;0.52004873;0.499160277;0.510083583;0.388320836
15.12.2006;0.399521531;0.383471695;0.40691104;0.420496527;0.390945274
22.12.2006;0.509889921;0.506753224;0.483051586;0.496372211;0.413658625
29.12.2006;0.481140877;0.449329359;0.437603306;0.445378151;0.387857353
05.01.2007;0.634704969;0.593857833;0.577201258;0.598408044;0.509193099
12.01.2007;0.573682728;0.564243449;0.513877148;0.52022636;0.432213787
19.01.2007;0.613457092;0.609769522;0.548590324;0.590288426;0.473775017
26.01.2007;0.638735421;0.595136907;0.517556783;0.516331169;0.531659026
02.02.2007;0.575732848;0.564434122;0.517398562;0.511185911;0.411947027
09.02.2007;0.637492241;0.595251397;0.554810677;0.524155844;0.479812043
16.02.2007;0.522184727;0.496985728;0.523560531;0.523923764;0.393063205
23.02.2007;0.603235747;0.574874627;0.528798701;0.530044361;0.425796478
02.03.2007;0.591152437;0.582981121;0.529163145;0.532208589;0.522172949
09.03.2007;0.603759398;0.608296747;0.550208263;0.560105758;0.554258731
16.03.2007;0.533195734;0.533275322;0.488023952;0.458744067;0.480572597
23.03.2007;0.536752244;0.530446927;0.468767854;0.45764401;0.469298246
30.03.2007;0.54456294;0.533577298;0.51970981;0.535623068;0.485938044
06.04.2007;0.585839966;0.555810203;0.540913335;0.568948546;0.521072797
13.04.2007;0.64411518;0.639735346;0.593390805;0.576089159;0.458532695
20.04.2007;0.634639198;0.61631016;0.569908815;0.568631062;0.549837662
27.04.2007;0.654996896;0.644661701;0.614426028;0.607376373;0.49626003
04.05.2007;0.579046789;0.584430082;0.543772033;0.557256951;0.451527992
11.05.2007;0.619435827;0.576221052;0.588269245;0.562971175;0.461375143
18.05.2007;0.577884184;0.578126183;0.587290767;0.592598565;0.476749057
25.05.2007;0.646525071;0.604481164;0.571285999;0.582784678;0.518291297
01.06.2007;0.684468398;0.653101737;0.611248966;0.621431767;0.545242755
08.06.2007;0.642105263;0.640758789;0.592272885;0.589071856;0.515337423
15.06.2007;0.57090312;0.579185367;0.545024631;0.54469196;0.443089431
22.06.2007;0.642671237;0.622484606;0.597727417;0.616483068;0.490697177
29.06.2007;0.547017268;0.547079038;0.498488774;0.553761367;0.441656874
06.07.2007;0.545511926;0.513123895;0.501155991;0.502958369;0.414035613
13.07.2007;0.49490485;0.48575419;0.47625849;0.445584416;0.381375035
20.07.2007;0.593371414;0.560227273;0.565667428;0.556123135;0.424464154
27.07.2007;0.644314086;0.642305549;0.582923486;0.57055365;0.556944929
03.08.2007;0.583179865;0.586372007;0.5380509;0.497560349;0.518095238
10.08.2007;0.51384135;0.513538947;0.493064313;0.50417434;0.503316913
17.08.2007;0.685758134;0.696869245;0.674456859;0.672015148;0.595017976
24.08.2007;0.61291305;0.591421833;0.601229723;0.611528822;0.541934031
31.08.2007;0.551640957;0.58365434;0.535888546;0.541226497;0.53622291
07.09.2007;0.528443932;0.497851443;0.478563806;0.513806894;0.417260384
14.09.2007;0.542003284;0.562753305;0.565714286;0.573856209;0.520958084
21.09.2007;0.646676231;0.651745576;0.632329029;0.637562814;0.539095956
28.09.2007;0.619638184;0.602343839;0.586835222;0.619179163;0.547252183
05.10.2007;0.59427945;0.577833042;0.578369373;0.566286278;0.484446878
12.10.2007;0.659090909;0.655172414;0.660779221;0.622977016;0.538481198
19.10.2007;0.600312256;0.581492041;0.559418723;0.59809964;0.467980296
26.10.2007;0.585174979;0.562197456;0.59473151;0.573285032;0.48330264
02.11.2007;0.545099234;0.557443282;0.508805553;0.531110499;0.467508813
09.11.2007;0.665871917;0.646586553;0.583115418;0.540596122;0.502789887
16.11.2007;0.538094513;0.512534963;0.482757718;0.447534904;0.463492063
23.11.2007;0.690266242;0.657412675;0.60043592;0.595769683;0.576073098
30.11.2007;0.639452736;0.614029851;0.62469911;0.615074171;0.559823643
07.12.2007;0.571567358;0.571989529;0.565445026;0.554556832;0.454664342
14.12.2007;0.589379801;0.592426839;0.551198686;0.530509031;0.453869969
21.12.2007;0.501427989;0.471746226;0.477628179;0.4857428;0.514224369
28.12.2007;0.590604027;0.592690005;0.566786174;0.582556333;0.548704816
04.01.2008;0.555467014;0.543618541;0.494171585;0.496318408;0.491437215
11.01.2008;0.468942962;0.445975344;0.449220196;0.44343696;0.421164021
18.01.2008;0.724020101;0.697889447;0.659103728;0.660461514;0.62104603
25.01.2008;0.554132134;0.534619938;0.519777594;0.509872595;0.517420037
01.02.2008;0.644500139;0.636496679;0.630560928;0.608659218;0.572908166
08.02.2008;0.649118684;0.66186839;0.592385756;0.588663612;0.631371802
15.02.2008;0.620182556;0.624591523;0.535343087;0.558181338;0.515463918
22.02.2008;0.590945274;0.577761194;0.524744937;0.524144009;0.571363709
29.02.2008;0.594268393;0.610491951;0.530906791;0.536731225;0.573523162
07.03.2008;0.556941403;0.546901986;0.503035366;0.490422146;0.478468757
14.03.2008;0.63567671;0.645296049;0.612068966;0.595452008;0.605553018
21.03.2008;0.715787315;0.68895866;0.657953951;0.654002026;0.619910888
28.03.2008;0.615671642;0.589452736;0.585757068;0.57547993;0.535967496
04.04.2008;0.593522899;0.587163194;0.543781095;0.520592123;0.498272884
11.04.2008;0.565831641;0.572556985;0.563673169;0.533572453;0.473375696
18.04.2008;0.57715311;0.579539758;0.578595318;0.564079602;0.593320136
25.04.2008;0.568746037;0.567582878;0.55271306;0.565265662;0.527875244
02.05.2008;0.691655844;0.655632184;0.674876847;0.656621947;0.648623373
09.05.2008;0.629854143;0.604236343;0.562551822;0.567346939;0.53667677
16.05.2008;0.605642067;0.621645022;0.609962009;0.592557713;0.561878598
23.05.2008;0.553924647;0.546834118;0.502181501;0.531539302;0.547131148
30.05.2008;0.575097711;0.573219634;0.522972266;0.561468882;0.520564042
06.06.2008;0.561349536;0.537242308;0.568382988;0.612031386;0.565663844
13.06.2008;0.614580315;0.605524969;0.570351759;0.565414508;0.559492973
20.06.2008;0.647337535;0.628645947;0.601398601;0.611764706;0.573567805
27.06.2008;0.600883204;0.598396021;0.561829236;0.57547993;0.533251792
04.07.2008;0.70215208;0.708852507;0.680680755;0.686258636;0.625634314
11.07.2008;0.724075417;0.70809619;0.687247488;0.691008204;0.553754362
18.07.2008;0.600671303;0.584743696;0.608172011;0.609342152;0.489931093
25.07.2008;0.63272535;0.636420722;0.611639336;0.615053763;0.573467015
01.08.2008;0.590937841;0.587257777;0.58119859;0.562246777;0.542045455
08.08.2008;0.608300818;0.609601449;0.576520801;0.573567805;0.518759812
15.08.2008;0.62006079;0.608601661;0.567276954;0.592940454;0.519357441
22.08.2008;0.535575254;0.527414286;0.524271845;0.514547739;0.490423862
29.08.2008;0.575956938;0.556358116;0.565496098;0.56096498;0.495412349
05.09.2008;0.507638073;0.509576968;0.493716229;0.487159733;0.507012987
12.09.2008;0.636586863;0.630018416;0.607344633;0.601523188;0.612144266
19.09.2008;0.595113438;0.593331496;0.607114713;0.5898576;0.604983993
26.09.2008;0.674306646;0.685887506;0.694589878;0.70792525;0.673279282
03.10.2008;0.707361475;0.696666287;0.671784256;0.693096958;0.666141215
10.10.2008;0.823658269;0.811975173;0.812121212;0.794877693;0.781228433
17.10.2008;0.637017863;0.62572595;0.62457593;0.620329025;0.645169039
24.10.2008;0.742410609;0.745958871;0.742296919;0.756567242;0.703720623
31.10.2008;0.616984925;0.630018781;0.592421679;0.615982364;0.584318361
07.11.2008;0.677026733;0.672114758;0.637734146;0.654682274;0.652587426
14.11.2008;0.618879147;0.617571656;0.632757718;0.630219593;0.618889858
21.11.2008;0.80097457;0.795698098;0.801620264;0.790548647;0.737538176
28.11.2008;0.638387928;0.643637728;0.632931766;0.635658342;0.558181338
05.12.2008;0.604220574;0.614973262;0.632752107;0.619615146;0.571655844
12.12.2008;0.64295263;0.645742517;0.605405405;0.586561142;0.578369217
19.12.2008;0.522314983;0.531073446;0.544902597;0.533115735;0.499663933
26.12.2008;0.579310345;0.572366556;0.570099197;0.558455629;0.521377913
02.01.2009;0.601163311;0.586174497;0.568053691;0.579214559;0.54978824
09.01.2009;0.639275831;0.639932461;0.615159857;0.555811926;0.583730708
16.01.2009;0.693772699;0.686996191;0.679936809;0.658919177;0.605960103
23.01.2009;0.637082643;0.627326545;0.608856263;0.630769231;0.609292448
30.01.2009;0.626553698;0.620209615;0.597073979;0.59703458;0.578598254
06.02.2009;0.562596899;0.559668389;0.567765081;0.570048309;0.552805281
13.02.2009;0.642985151;0.633780878;0.621299717;0.656633222;0.628676296
20.02.2009;0.659554819;0.654136777;0.624591523;0.644321608;0.639602585
27.02.2009;0.755358567;0.738755218;0.690717499;0.707960199;0.702511234
06.03.2009;0.689563492;0.6875;0.671504644;0.661209379;0.647532997
13.03.2009;0.56355579;0.561991416;0.57218546;0.585192848;0.542713568
20.03.2009;0.682555253;0.677005348;0.677432868;0.665742645;0.614468387
27.03.2009;0.55898833;0.553818565;0.562379548;0.585936167;0.558009128
03.04.2009;0.632182352;0.623561273;0.62024627;0.63109914;0.606555644
10.04.2009;0.604490501;0.594073834;0.572236146;0.610985179;0.608989424
17.04.2009;0.693746729;0.673815501;0.671011164;0.679571055;0.621941296
24.04.2009;0.661768369;0.65556533;0.635816692;0.640806562;0.597560976
01.05.2009;0.647200419;0.648255969;0.627914508;0.647641563;0.603196745
08.05.2009;0.663834808;0.668721973;0.687721658;0.666072593;0.681659662
15.05.2009;0.620882836;0.61701394;0.596959799;0.594131763;0.567627375
22.05.2009;0.657788418;0.657788418;0.640243902;0.621019108;0.633682447
29.05.2009;0.700278758;0.677304353;0.67027027;0.685630043;0.67737013
05.06.2009;0.67265621;0.679510844;0.696642876;0.693009119;0.64452725
12.06.2009;0.558535071;0.539325843;0.530565607;0.559863132;0.538974888
19.06.2009;0.64373668;0.648093772;0.615666956;0.630929648;0.589373513
26.06.2009;0.621288259;0.599658137;0.601360544;0.61957672;0.557076431
03.07.2009;0.601070859;0.589279078;0.578527021;0.597335107;0.571532166
10.07.2009;0.65885677;0.668202565;0.660288777;0.668079564;0.629244613
17.07.2009;0.580148964;0.56271815;0.553155139;0.521621622;0.531135531
24.07.2009;0.66182596;0.66182596;0.6443769;0.678926133;0.605090006
31.07.2009;0.654700353;0.638941169;0.649109883;0.633300493;0.62321615
07.08.2009;0.710186514;0.701511639;0.681807206;0.703507153;0.65473574
14.08.2009;0.666533794;0.682329045;0.656826901;0.679656636;0.631761206
21.08.2009;0.646658769;0.642085216;0.648305464;0.651376577;0.610829146
28.08.2009;0.66434411;0.664551267;0.635724534;0.646977388;0.597422915
04.09.2009;0.643449533;0.638295915;0.599010591;0.621094527;0.573393515
11.09.2009;0.652558584;0.654050627;0.634870203;0.635676513;0.641988438
18.09.2009;0.670412999;0.674430151;0.664906342;0.691430984;0.650489668
25.09.2009;0.542869826;0.540079483;0.539085168;0.520499866;0.539626195
02.10.2009;0.551821132;0.550793365;0.534148609;0.530190913;0.498879818
09.10.2009;0.581505272;0.584090817;0.588854296;0.579987714;0.575910931
16.10.2009;0.686942315;0.677078;0.690417743;0.68154841;0.594742233
23.10.2009;0.630791036;0.625838326;0.612782795;0.649017286;0.555454038
30.10.2009;0.65579242;0.663464464;0.626804854;0.634022794;0.556432329
06.11.2009;0.703028515;0.695693215;0.684477098;0.697761356;0.602870813
13.11.2009;0.585564074;0.60400372;0.583034648;0.600722185;0.545050215
20.11.2009;0.679563492;0.685;0.685613865;0.666495989;0.60155904
27.11.2009;0.709982824;0.717541115;0.717059225;0.717941774;0.604435039
04.12.2009;0.55392306;0.549967398;0.555306919;0.552002044;0.47800601
11.12.2009;0.532618697;0.536841612;0.538623892;0.542713568;0.547940815
18.12.2009;0.503107428;0.510710019;0.493806283;0.507740916;0.486235874
25.12.2009;0.557971014;0.532395567;0.52855925;0.52855925;0.50285338
01.01.2010;0.593057256;0.581361349;0.562049504;0.570427163;0.495041522
08.01.2010;0.593827682;0.596461023;0.596461023;0.590199005;0.537242308
15.01.2010;0.625319396;0.618668451;0.608203245;0.621325896;0.550937613
22.01.2010;0.627857143;0.617692985;0.611037046;0.630385152;0.576190476
29.01.2010;0.664977061;0.656142708;0.619403835;0.61539823;0.586197057
05.02.2010;0.718880356;0.709144543;0.705357143;0.703875969;0.661050415
12.02.2010;0.653867871;0.656179989;0.646173293;0.626943645;0.592504122
19.02.2010;0.655750858;0.644499179;0.632333184;0.640176991;0.605624741
26.02.2010;0.564429633;0.585191144;0.539918077;0.556357262;0.524593041
05.03.2010;0.592180396;0.581996727;0.554069917;0.562698045;0.517112299
12.03.2010;0.619498149;0.592673308;0.605147364;0.611644948;0.569704015
19.03.2010;0.623753768;0.636428627;0.608451194;0.597786127;0.600172265
26.03.2010;0.651007816;0.643397779;0.628136569;0.635009434;0.602723848
02.04.2010;0.627810294;0.626439985;0.626002533;0.623318613;0.557692308
09.04.2010;0.608115401;0.608115401;0.606143628;0.59074701;0.582273866
16.04.2010;0.638901329;0.628722003;0.61863354;0.621076233;0.573384231
23.04.2010;0.607103681;0.601912628;0.567329209;0.578130806;0.535690138
30.04.2010;0.602756067;0.611517894;0.619572437;0.609797588;0.560501373
07.05.2010;0.673852607;0.679071355;0.683417085;0.679946553;0.66955084
14.05.2010;0.624028497;0.617605786;0.592778497;0.599738448;0.556901877
21.05.2010;0.645157844;0.632364724;0.618449869;0.605594957;0.589482961
28.05.2010;0.581123539;0.550850976;0.523453715;0.533882541;0.510253374
04.06.2010;0.615627489;0.620567376;0.636022301;0.622830721;0.619437567
11.06.2010;0.566350935;0.570116031;0.562088563;0.562736318;0.54892901
18.06.2010;0.611644948;0.588263421;0.576700717;0.583916084;0.587384858
25.06.2010;0.650969321;0.647355543;0.637250807;0.619726061;0.577897868
02.07.2010;0.628562895;0.645908699;0.652885444;0.626771474;0.59734534
09.07.2010;0.640755125;0.613709161;0.633388053;0.611665813;0.550934538
16.07.2010;0.629441624;0.601626437;0.599450948;0.611229276;0.584900118
23.07.2010;0.561261261;0.568003487;0.545422842;0.540270848;0.462134197
30.07.2010;0.591282847;0.569777471;0.557299753;0.523090482;0.48987013
06.08.2010;0.607081174;0.595113438;0.589877836;0.579610143;0.543288204
13.08.2010;0.544658095;0.520786614;0.4898576;0.503910615;0.500900062
20.08.2010;0.544899266;0.522856017;0.456268657;0.473803859;0.444661076
27.08.2010;0.632568149;0.639311334;0.583357245;0.593036969;0.594766059
03.09.2010;0.552508818;0.537376266;0.538514052;0.542848373;0.545422078
10.09.2010;0.528652617;0.533388586;0.51482662;0.51494848;0.444583987
17.09.2010;0.625270066;0.641785714;0.604880685;0.608081584;0.546784022
24.09.2010;0.642533937;0.649814891;0.637426166;0.669767442;0.546236658
01.10.2010;0.581855112;0.569882858;0.548220513;0.586375883;0.533077188
08.10.2010;0.565881906;0.554163794;0.546777185;0.55513432;0.527131783
15.10.2010;0.506192358;0.518162996;0.522983222;0.527063492;0.489082607
22.10.2010;0.526917713;0.519918428;0.530747864;0.55184579;0.476238743
29.10.2010;0.662750954;0.660655738;0.625582424;0.623905258;0.503342608
05.11.2010;0.569852507;0.550953786;0.550519129;0.543525134;0.4693508
12.11.2010;0.622739445;0.602338316;0.587575847;0.615648513;0.558536195
19.11.2010;0.512992943;0.497696139;0.515566625;0.494339871;0.466116062
26.11.2010;0.540037734;0.550919223;0.502830064;0.535409614;0.475734792
03.12.2010;0.346130653;0.412060302;0.381909548;0.383333333;0.379866332
10.12.2010;0.433570198;0.464922481;0.418474245;0.421778593;0.407364897
17.12.2010;0.535576882;0.558841099;0.565847884;0.552351847;0.45039019
24.12.2010;0.603741497;0.575614861;0.593550093;0.590364801;0.491381272
31.12.2010;0.658786446;0.633738602;0.598020253;0.62363388;0.576779026
07.01.2011;0.60044088;0.594269477;0.583548541;0.590806543;0.5472392
14.01.2011;0.613864674;0.627210461;0.5416978;0.57180466;0.522780014
21.01.2011;0.675631811;0.635374839;0.629852507;0.632191781;0.60322057
28.01.2011;0.663679809;0.641322136;0.637036053;0.629692676;0.56405399
04.02.2011;0.643477739;0.630285074;0.641175529;0.635881284;0.548631411
11.02.2011;0.608865151;0.597130716;0.577856441;0.597841428;0.517743325
18.02.2011;0.665939482;0.691067749;0.656602221;0.650805142;0.559946632
25.02.2011;0.581692722;0.595337414;0.54252082;0.543992248;0.539160195
04.03.2011;0.505446365;0.503267819;0.519512195;0.513767795;0.47739889
11.03.2011;0.601598236;0.601598236;0.598412698;0.590846995;0.562725016
18.03.2011;0.595475113;0.594035376;0.599765406;0.607213609;0.718604651
25.03.2011;0.565425105;0.546822813;0.536994368;0.525317011;0.568043331
01.04.2011;0.572588677;0.56933272;0.530644296;0.538737188;0.538278097
08.04.2011;0.572357724;0.554519369;0.572201294;0.57447909;0.515912898
15.04.2011;0.508629169;0.505298221;0.491706539;0.506464599;0.435107058
22.04.2011;0.468862352;0.475218285;0.467012987;0.460334861;0.418268584
29.04.2011;0.553418171;0.538146441;0.531898556;0.512705935;0.473195441
06.05.2011;0.590020506;0.565007361;0.533886778;0.521772326;0.421840796
13.05.2011;0.612895876;0.618731663;0.612098428;0.588325835;0.531525541
20.05.2011;0.499907987;0.468575808;0.456216875;0.450275569;0.4235318
27.05.2011;0.593253968;0.571108264;0.53968254;0.51596098;0.518771403
03.06.2011;0.549118072;0.564214773;0.546481767;0.526753247;0.454353339
10.06.2011;0.533952889;0.546558704;0.515107743;0.511840796;0.468105704
17.06.2011;0.580579666;0.601086239;0.554594427;0.548966657;0.513949433
24.06.2011;0.571428571;0.580098522;0.556324775;0.545016429;0.50071286
01.07.2011;0.55919657;0.53907496;0.547824106;0.551410219;0.528643945
08.07.2011;0.580785297;0.551072125;0.557300462;0.537634409;0.531581286
15.07.2011;0.518518519;0.540267335;0.510033926;0.528212291;0.430136561
22.07.2011;0.495636998;0.505126527;0.502011573;0.468540221;0.43884768
29.07.2011;0.608763153;0.589508864;0.637205987;0.640544658;0.529036161
05.08.2011;0.721731123;0.710006139;0.708179022;0.712840722;0.655072759
12.08.2011;0.557234194;0.550549976;0.563218391;0.537863877;0.495215437
19.08.2011;0.623225869;0.614551007;0.600068962;0.610298507;0.547428601
26.08.2011;0.596046685;0.581808609;0.610328638;0.587588304;0.544822498
02.09.2011;0.543863319;0.517140748;0.511702128;0.497854077;0.462504004
09.09.2011;0.620675377;0.61781727;0.54960981;0.538479754;0.505659611
16.09.2011;0.622607767;0.630039948;0.577622543;0.581719748;0.536568942
23.09.2011;0.645636965;0.630531341;0.6356232;0.61401263;0.556798736
30.09.2011;0.671458166;0.658431473;0.632232463;0.633056908;0.525303691
07.10.2011;0.580474484;0.615999139;0.559571264;0.594037541;0.507890961
14.10.2011;0.622022259;0.637864078;0.580773689;0.549058423;0.509052852
21.10.2011;0.558252823;0.556602221;0.534414239;0.526012059;0.467460981
28.10.2011;0.637991741;0.634378599;0.624037366;0.628513474;0.579716766
04.11.2011;0.575893914;0.625808944;0.5960199;0.620118098;0.51210733
11.11.2011;0.567161632;0.556579621;0.558828596;0.599293581;0.490016562
18.11.2011;0.542753384;0.552205121;0.585650808;0.566349206;0.481309216
25.11.2011;0.725994163;0.718877424;0.650379663;0.671858813;0.600716688
02.12.2011;0.616914149;0.629757638;0.610766581;0.5929587;0.569402985
09.12.2011;0.620937886;0.636342881;0.577685706;0.594222523;0.516381864
16.12.2011;0.583594107;0.580490596;0.553737043;0.543007717;0.49218254
23.12.2011;0.616749563;0.61708563;0.596353629;0.592807594;0.462622131
30.12.2011;0.676378;0.675427655;0.624400461;0.626027221;0.577901801
06.01.2012;0.634569041;0.648823258;0.600811094;0.604734057;0.519143247
13.01.2012;0.648734886;0.656255933;0.618131231;0.606482223;0.539534884
20.01.2012;0.673618962;0.653658727;0.617817109;0.642575072;0.523627748
27.01.2012;0.644097079;0.638356164;0.600854593;0.619363983;0.54892396
03.02.2012;0.616221131;0.62476814;0.569696636;0.584666512;0.473214286
10.02.2012;0.611111111;0.587301587;0.551389334;0.547858623;0.456462043
17.02.2012;0.629644068;0.612025659;0.585593941;0.550848815;0.552512743
24.02.2012;0.567268333;0.574636466;0.526585522;0.517956871;0.475418549
02.03.2012;0.560515873;0.565753968;0.549387953;0.552568698;0.478374266
09.03.2012;0.60544117;0.597798259;0.548062016;0.548318664;0.549277765
16.03.2012;0.637588257;0.63505667;0.621193464;0.645856704;0.556834571
23.03.2012;0.56909506;0.567285334;0.585063206;0.580862108;0.543876171
30.03.2012;0.544825953;0.5094009;0.538994294;0.54743414;0.516115838
06.04.2012;0.599118214;0.57547993;0.518946582;0.475502398;0.482278088
13.04.2012;0.584060869;0.552016778;0.551155779;0.537179487;0.46498464
20.04.2012;0.594715629;0.585355927;0.549873592;0.540983284;0.550904591
27.04.2012;0.579361454;0.56842537;0.503884803;0.499973566;0.457020139
04.05.2012;0.558396962;0.531167939;0.507692308;0.503120942;0.496376812
11.05.2012;0.580824972;0.555834262;0.518127668;0.518509973;0.498246991
18.05.2012;0.620843748;0.591153526;0.593944099;0.604208659;0.579295922
25.05.2012;0.611524493;0.631676854;0.585150079;0.562523226;0.572287079
01.06.2012;0.6115216;0.62363923;0.569949749;0.565265662;0.59326804
08.06.2012;0.700817264;0.676111831;0.631138055;0.651703878;0.589688762
15.06.2012;0.620612147;0.62195122;0.566695644;0.562001929;0.512867367
22.06.2012;0.603060736;0.61052352;0.559837728;0.559773869;0.522182642
29.06.2012;0.589708869;0.614353419;0.524705558;0.49081326;0.495913913
06.07.2012;0.592609512;0.580021319;0.570703408;0.588536787;0.51299041
13.07.2012;0.573432821;0.563580605;0.545383602;0.522867609;0.525960152
20.07.2012;0.620719867;0.619748994;0.58908046;0.5760199;0.472392002
27.07.2012;0.55028463;0.526766718;0.514289;0.526992134;0.45865434
03.08.2012;0.619858356;0.598816008;0.590030784;0.556557789;0.485082358
10.08.2012;0.612960306;0.60989957;0.543717058;0.541210679;0.488719775
17.08.2012;0.672108844;0.678466771;0.628724093;0.634514734;0.522051636
24.08.2012;0.520977934;0.514555061;0.521690215;0.515025087;0.483958152
31.08.2012;0.608447489;0.603116753;0.540556247;0.570435568;0.474276601
07.09.2012;0.593477913;0.576571764;0.571341967;0.547179576;0.525015518
14.09.2012;0.637707906;0.621135444;0.58847074;0.604623116;0.531946625
21.09.2012;0.507037347;0.513192122;0.518077475;0.52286686;0.459798995
28.09.2012;0.585718514;0.615214084;0.571037898;0.567289636;0.515107743
05.10.2012;0.516974571;0.534794436;0.537337231;0.503887762;0.467095217
12.10.2012;0.505277778;0.506428571;0.464575435;0.462574187;0.409683299
19.10.2012;0.543503532;0.52751072;0.507632718;0.514729794;0.481079834
26.10.2012;0.570734364;0.567843827;0.573621878;0.528570151;0.500534188
02.11.2012;0.549478412;0.549478412;0.526205606;0.532437186;0.437696335
09.11.2012;0.619986169;0.613650628;0.597383257;0.566338612;0.509929532
16.11.2012;0.638033432;0.631306054;0.605200993;0.611025772;0.534827015
23.11.2012;0.495786409;0.512793994;0.504285714;0.499760922;0.482590886
30.11.2012;0.451803444;0.443676427;0.42703533;0.423306956;0.396557385
07.12.2012;0.512636216;0.513742154;0.501238938;0.486741234;0.444772875
14.12.2012;0.579914241;0.573820808;0.533971292;0.498421808;0.463333333
21.12.2012;0.566809045;0.540301508;0.541993539;0.528659326;0.549462662
28.12.2012;0.602888966;0.580804954;0.582043344;0.538351868;0.544693745
04.01.2013;0.611410053;0.584484937;0.590088392;0.586145806;0.52734108
11.01.2013;0.573933458;0.541084333;0.529343121;0.52640084;0.519498149
18.01.2013;0.596408184;0.572766931;0.549350884;0.553129549;0.566785714
25.01.2013;0.494708129;0.468306372;0.493935662;0.522747651;0.44620854
01.02.2013;0.566534439;0.573097728;0.555306762;0.557345133;0.499161826
08.02.2013;0.575004705;0.585262126;0.584032129;0.565282454;0.61417704
15.02.2013;0.497591168;0.477638336;0.490902289;0.493451236;0.495351026
22.02.2013;0.53170816;0.531029148;0.513301867;0.51692076;0.487867856
01.03.2013;0.519916461;0.535333207;0.515573074;0.50307905;0.486737235
08.03.2013;0.516693896;0.517573625;0.49440744;0.489148729;0.488377341
15.03.2013;0.638454641;0.600515873;0.599488692;0.602122352;0.637664312
22.03.2013;0.558611111;0.521140295;0.565427418;0.553294574;0.565420561
29.03.2013;0.537910448;0.524079602;0.502307337;0.468393497;0.513060429
05.04.2013;0.572102452;0.546918249;0.585021621;0.567466801;0.584055967
05.04.2013;0.572102452;0.546918249;0.585021621;0.567466801;0.584055967
12.04.2013;0.613867356;0.574744621;0.606373816;0.599316473;0.613268311
19.04.2013;0.553344897;0.530149985;0.515882148;0.491251238;0.510953127
26.04.2013;0.505695434;0.502308227;0.492353414;0.495493657;0.520656798
03.05.2013;0.52784541;0.520215356;0.523370255;0.530787385;0.558438514
10.05.2013;0.624935253;0.598000622;0.59529474;0.598784195;0.563829787
17.05.2013;0.630488241;0.597833446;0.602984735;0.577365039;0.601757945
24.05.2013;0.582579798;0.545076899;0.521422167;0.509008638;0.540502262
31.05.2013;0.576720359;0.564975124;0.542613065;0.55609655;0.487687624
07.06.2013;0.579236677;0.582261554;0.542100416;0.538829152;0.589600496
14.06.2013;0.522204037;0.510092744;0.480895916;0.476558505;0.511970383
21.06.2013;0.598382975;0.555045872;0.551642498;0.539381671;0.544093735
28.06.2013;0.482582041;0.489434443;0.465793781;0.476172394;0.459768369
05.07.2013;0.541880205;0.528967809;0.485761727;0.514216047;0.478376886
12.07.2013;0.552696706;0.547747056;0.552867384;0.534596982;0.446581197
19.07.2013;0.527857143;0.512171685;0.537936419;0.530769231;0.540834613
26.07.2013;0.552064247;0.561042281;0.534375615;0.530601986;0.581091067
02.08.2013;0.574558497;0.530753968;0.546645355;0.543715385;0.477544572
09.08.2013;0.496590008;0.492201956;0.521660168;0.503214245;0.484777518
16.08.2013;0.491558795;0.543965481;0.468643961;0.451141258;0.401093643
23.08.2013;0.546641218;0.563138958;0.538710249;0.534350613;0.462464903
30.08.2013;0.59074701;0.576656532;0.520785376;0.509140422;0.466016953
06.09.2013;0.556249446;0.565683409;0.541245641;0.551337776;0.482002769
13.09.2013;0.577791401;0.555512886;0.52711025;0.554658857;0.537123024
20.09.2013;0.625502996;0.639348371;0.603804967;0.598316158;0.552205472
27.09.2013;0.525593544;0.530661573;0.518072763;0.53585424;0.484596347
04.10.2013;0.561735573;0.561735573;0.575600018;0.561834928;0.508273553
11.10.2013;0.585711221;0.56227912;0.589974757;0.594679592;0.469261439
18.10.2013;0.553605642;0.54431128;0.539745628;0.516257537;0.452130326
25.10.2013;0.658692345;0.646507494;0.597513613;0.604732254;0.539357641
01.11.2013;0.632822833;0.623738253;0.600873485;0.60107736;0.509080189
08.11.2013;0.650267046;0.650422985;0.572414331;0.58162647;0.518327678
15.11.2013;0.607529286;0.610837879;0.572061299;0.566847626;0.505301508
22.11.2013;0.475216425;0.487700285;0.479693176;0.484931507;0.418260121
29.11.2013;0.527308877;0.507374631;0.531090406;0.507667361;0.406476478
06.12.2013;0.539747832;0.523042203;0.523719038;0.529821628;0.480298507
13.12.2013;0.51528678;0.523817359;0.514964716;0.518475849;0.479847639
20.12.2013;0.432092079;0.440036109;0.42802979;0.4312574;0.38818747
27.12.2013;0.521963105;0.500139227;0.510128785;0.511362817;0.488691796
03.01.2014;0.624466633;0.604651163;0.594573643;0.596153846;0.543037689
10.01.2014;0.543447947;0.52186139;0.509605997;0.529464951;0.474233013
17.01.2014;0.572114061;0.548534907;0.538780728;0.545786633;0.465094746
24.01.2014;0.573204324;0.581449316;0.545474216;0.530825496;0.50987248
31.01.2014;0.597142857;0.589948693;0.575364602;0.557519058;0.489418476
07.02.2014;0.533754649;0.521602787;0.507323656;0.502771967;0.540119005
14.02.2014;0.514992923;0.52278082;0.514219346;0.493395574;0.488333934
21.02.2014;0.510347336;0.502737901;0.454974623;0.480330783;0.527396102
28.02.2014;0.572881356;0.556718958;0.560936806;0.528866218;0.467996709
07.03.2014;0.586463004;0.573661897;0.566106268;0.580261137;0.501477417
14.03.2014;0.572882149;0.552882929;0.49252704;0.503455368;0.49405995
21.03.2014;0.558496298;0.553806721;0.537003987;0.530108905;0.442311757
