Datum;Dax_Ps;ESX50_Ps;SP500_Ps;NASDAQ_Ps;Nikkei_Ps
23.02.2001;-0.73673257;-0.722164412;-0.671819263;-0.401367188;-0.62755102
02.03.2001;-0.576701269;-0.571845065;-0.484375;-0.435601692;-0.585185185
09.03.2001;-0.7772;-0.717519239;-0.882299683;-0.4288;-0.51471254
16.03.2001;-0.424385633;-0.451323251;-0.613119835;-0.456790123;-0.524607896
23.03.2001;-0.460740741;-0.500246914;-0.569382716;-0.487901235;-0.751875
30.03.2001;-0.625868056;-0.657552083;-0.6953125;-0.518229167;-0.832703214
20.04.2001;-0.584880036;-0.730194658;-0.641919421;-0.5078125;-0.851851852
27.04.2001;-0.593580247;-0.776790123;-0.678024691;-0.502222222;-0.727839335
04.05.2001;-0.478737997;-0.593278464;-0.5708;-0.424186391;-0.5463138
11.05.2001;-0.58739765;-0.673905304;-0.746772178;-0.458669742;-0.83567225
18.05.2001;-0.654064272;-0.875555556;-0.815802469;-0.497962879;-0.778703153
25.05.2001;-0.54312909;-0.687705457;-0.71125;-0.441403926;-0.876033058
01.06.2001;-0.77324263;-0.954648526;-1.007138608;-0.593537415;-0.991689751
08.06.2001;-0.561983471;-0.751371742;-0.88750445;-0.448914204;-0.816608997
15.06.2001;-0.495626822;-0.626822157;-0.627599244;-0.5;-0.724173554
22.06.2001;-0.442602041;-0.640946746;-0.661065089;-0.471715976;-1
29.06.2001;-0.586272189;-0.693964497;-0.724765869;-0.534179688;-0.947187929
06.07.2001;-0.655111111;-0.761687363;-0.750985175;-0.575466667;-0.714190243
13.07.2001;-0.5968;-0.741051863;-0.749035494;-0.532370051;-0.778546713
20.07.2001;-0.559611188;-0.72;-0.661632653;-0.514387734;-0.766439909
27.07.2001;-0.572157434;-0.682216066;-0.855705862;-0.531618663;-0.684271694
03.08.2001;-0.74535124;-0.844100938;-0.75432526;-0.549457645;-0.647600263
10.08.2001;-0.514146673;-0.67036862;-0.606790123;-0.522279918;-0.536776636
17.08.2001;-0.475218659;-0.495626822;-0.500208247;-0.486880466;-0.586666667
24.08.2001;-0.559669421;-0.745139298;-0.683570553;-0.468621399;-0.630778842
31.08.2001;-0.551122439;-0.5503;-0.630049979;-0.53912866;-0.574515235
07.09.2001;-0.4749021;-0.526218332;-0.551697531;-0.518138204;-0.638683432
14.09.2001;-0.51705104;-0.549943289;-0.523198342;-0.482382015;-0.631604578
21.09.2001;-0.44066482;-0.429945677;-0.46016297;-0.460609418;-0.539548364
28.09.2001;-0.48191979;-0.508249108;-0.57073724;-0.533590963;-0.683029086
05.10.2001;-0.64756339;-0.626201461;-0.816608997;-0.639946175;-0.660807292
12.10.2001;-0.491871456;-0.522202208;-0.517973216;-0.46401441;-0.839727891
19.10.2001;-0.581024931;-0.618303571;-0.732895057;-0.548169791;-0.77170068
26.10.2001;-0.468989158;-0.520647321;-0.556350476;-0.439655872;-0.770408163
09.11.2001;-0.461934156;-0.523609124;-0.588999644;-0.504082148;-0.683266346
16.11.2001;-0.476996528;-0.495117188;-0.622714681;-0.459279778;-0.600077479
23.11.2001;-0.470845481;-0.509162849;-0.547985971;-0.436284409;-0.885241762
30.11.2001;-0.469075521;-0.52265928;-0.515504753;-0.480110803;-0.671379876
07.12.2001;-0.511391954;-0.526534763;-0.528014053;-0.499591837;-0.727509371
14.12.2001;-0.481442941;-0.51161984;-0.531578312;-0.46238377;-0.71955291
04.01.2002;-0.494167239;-0.541522491;-0.5267;-0.467503316;-0.743580247
11.01.2002;-0.59901148;-0.653140496;-0.676121539;-0.574132231;-0.79664723
18.01.2002;-0.622708333;-0.638888889;-0.57102844;-0.567170721;-0.748449646
25.01.2002;-0.572417202;-0.693047975;-0.733459357;-0.625;-0.897230873
01.02.2002;-0.674260355;-0.757568359;-0.755443787;-0.669971757;-0.640209025
08.02.2002;-0.495662865;-0.502885529;-0.551514724;-0.532986111;-0.551817602
15.02.2002;-0.555555556;-0.620006887;-0.676861326;-0.54395387;-0.617728
22.02.2002;-0.529604434;-0.581888;-0.577458377;-0.529786681;-0.650814523
01.03.2002;-0.597050046;-0.686256836;-0.630070308;-0.569917673;-0.569603025
08.03.2002;-0.495571585;-0.516064355;-0.515769676;-0.507282022;-0.516707819
15.03.2002;-0.5463138;-0.581887048;-0.599890261;-0.60696845;-0.571930281
22.03.2002;-0.496644916;-0.566053669;-0.581153113;-0.554676292;-0.592427984
05.04.2002;-0.580906393;-0.631255973;-0.65889519;-0.60390249;-0.564352
12.04.2002;-0.499749238;-0.56746173;-0.587113741;-0.499411741;-0.735219976
19.04.2002;-0.617609357;-0.708579882;-0.776690947;-0.620936524;-0.752946354
26.04.2002;-0.489140625;-0.552035125;-0.567203538;-0.48541523;-0.737750772
03.05.2002;-0.520589847;-0.564187886;-0.546825208;-0.521854935;-0.789763314
10.05.2002;-0.503104456;-0.535147392;-0.579064279;-0.500985175;-0.890216188
17.05.2002;-0.52872288;-0.564058172;-0.575311634;-0.517710718;-0.601589533
24.05.2002;-0.595827246;-0.721617122;-0.684714702;-0.548937943;-0.678849481
31.05.2002;-0.456637262;-0.50534626;-0.559556787;-0.473945341;-0.675452504
07.06.2002;-0.470885124;-0.492160665;-0.54614731;-0.482770083;-0.725316583
14.06.2002;-0.409264381;-0.422388755;-0.434388155;-0.424793388;-0.603043726
21.06.2002;-0.441884052;-0.456813664;-0.484603838;-0.430468262;-0.550153061
28.06.2002;-0.468627014;-0.508675;-0.5308;-0.480518169;-0.711619488
05.07.2002;-0.489067637;-0.504816327;-0.523211519;-0.476627066;-0.576701269
12.07.2002;-0.454610021;-0.490293695;-0.508995918;-0.467697186;-0.709228274
19.07.2002;-0.453727811;-0.448978496;-0.465515853;-0.462642151;-0.586984029
26.07.2002;-0.427797153;-0.44395003;-0.463321119;-0.433004996;-0.540764934
02.08.2002;-0.494357639;-0.512188366;-0.522160665;-0.497922438;-0.639463117
09.08.2002;-0.487659386;-0.541419163;-0.575122676;-0.555657143;-0.691270124
16.08.2002;-0.472944849;-0.497626086;-0.500520291;-0.483816206;-0.737918084
23.08.2002;-0.452995918;-0.494693077;-0.486953362;-0.474222326;-0.591777778
30.08.2002;-0.468179592;-0.477289796;-0.519085714;-0.503752028;-0.673422222
06.09.2002;-0.47105;-0.478420569;-0.498928681;-0.493175;-0.495986081
13.09.2002;-0.500462481;-0.511088386;-0.51769258;-0.526457268;-0.594692063
20.09.2002;-0.413096647;-0.421836828;-0.438205295;-0.446044922;-0.546514286
27.09.2002;-0.422290249;-0.440923972;-0.450081271;-0.423347103;-0.536046212
04.10.2002;-0.454680342;-0.467376726;-0.459678259;-0.459072727;-0.51288149
11.10.2002;-0.454864979;-0.47654761;-0.473800153;-0.45993788;-0.51841565
18.10.2002;-0.434803619;-0.451988706;-0.466401783;-0.449978299;-0.613419514
25.10.2002;-0.472630385;-0.524331066;-0.518532085;-0.504642285;-0.654989043
01.11.2002;-0.464576783;-0.4875;-0.472207484;-0.463312631;-0.71330248
08.11.2002;-0.445340276;-0.443017202;-0.458465369;-0.46067225;-0.714436057
15.11.2002;-0.489467456;-0.527369862;-0.527126736;-0.477704099;-0.720930233
22.11.2002;-0.478099444;-0.496906016;-0.503700648;-0.471023459;-0.65256912
29.11.2002;-0.452313254;-0.46739229;-0.473537415;-0.462809726;-0.630007305
06.12.2002;-0.474181768;-0.482868319;-0.502126479;-0.500641789;-0.685658655
13.12.2002;-0.477481139;-0.521399417;-0.513890755;-0.493121675;-0.668081276
20.12.2002;-0.501133787;-0.497438482;-0.521178019;-0.517950052;-0.667962201
03.01.2003;-0.448436428;-0.461474386;-0.475250586;-0.456414749;-0.638961598
10.01.2003;-0.490114503;-0.500882998;-0.462976741;-0.464987654;-0.669677734
17.01.2003;-0.517996219;-0.55728718;-0.542360494;-0.545916049;-0.770512275
24.01.2003;-0.541623309;-0.544913742;-0.536519268;-0.529050169;-0.582408944
31.01.2003;-0.485595463;-0.49413281;-0.531325867;-0.543644444;-0.65260016
07.02.2003;-0.530619835;-0.527207306;-0.541263362;-0.533714735;-0.677506925
14.02.2003;-0.461411203;-0.46637037;-0.495348148;-0.493283642;-0.713451557
21.02.2003;-0.481092774;-0.5;-0.473438551;-0.492068644;-0.637346939
28.02.2003;-0.439519852;-0.447612024;-0.458706173;-0.452626754;-0.657630962
07.03.2003;-0.513625644;-0.506098246;-0.496776802;-0.482064644;-0.537617729
14.03.2003;-0.406309074;-0.415539431;-0.416714996;-0.411358025;-0.528360119
21.03.2003;-0.467463992;-0.496141975;-0.475868037;-0.505065945;-0.569318696
28.03.2003;-0.505583884;-0.506499569;-0.55327133;-0.517505745;-0.62830935
04.04.2003;-0.486563611;-0.48886025;-0.499439192;-0.485061764;-0.719028124
11.04.2003;-0.53011358;-0.57126185;-0.6186531;-0.584163744;-0.684904471
25.04.2003;-0.509782976;-0.54797646;-0.566129739;-0.493859523;-0.604906434
02.05.2003;-0.484442344;-0.547126654;-0.552795513;-0.498653432;-0.579776262
09.05.2003;-0.495183897;-0.51283562;-0.546629072;-0.530824512;-0.603458831
16.05.2003;-0.534104994;-0.573735178;-0.550056711;-0.491833648;-0.751218404
23.05.2003;-0.540531264;-0.601777778;-0.538619317;-0.527358282;-0.606354196
30.05.2003;-0.55892528;-0.593779793;-0.631145678;-0.600321396;-0.681903114
06.06.2003;-0.459138322;-0.482232067;-0.529207216;-0.51016436;-0.608970051
13.06.2003;-0.468629316;-0.470329184;-0.497807717;-0.47911352;-0.654538896
20.06.2003;-0.478770326;-0.490451389;-0.53400999;-0.560713039;-0.579838952
27.06.2003;-0.489982146;-0.512701871;-0.488358783;-0.461746032;-0.526769984
04.07.2003;-0.499467112;-0.548814575;-0.636534878;-0.549394976;-0.549795151
11.07.2003;-0.496146592;-0.531078717;-0.546052182;-0.507152778;-0.559786881
18.07.2003;-0.488296547;-0.522674693;-0.531372375;-0.501179219;-0.590780961
25.07.2003;-0.479496026;-0.497388084;-0.525700935;-0.494749021;-0.609833795
01.08.2003;-0.456000954;-0.497116494;-0.505288144;-0.490358981;-0.554752066
08.08.2003;-0.512110454;-0.536693591;-0.516465929;-0.502206628;-0.619153912
15.08.2003;-0.529052734;-0.54296875;-0.524684082;-0.534155125;-0.549175449
22.08.2003;-0.418773629;-0.460360118;-0.453038674;-0.432251763;-0.529202051
29.08.2003;-0.436284409;-0.466374936;-0.496826172;-0.444091797;-0.537932593
05.09.2003;-0.407305175;-0.425100923;-0.418365846;-0.422189001;-0.450628112
12.09.2003;-0.486625514;-0.509096809;-0.52989344;-0.511274218;-0.528599606
19.09.2003;-0.485551809;-0.511915936;-0.476449316;-0.458231293;-0.487617729
26.09.2003;-0.521514971;-0.547525775;-0.545266729;-0.543108266;-0.572265625
03.10.2003;-0.501429344;-0.545786226;-0.547291093;-0.551622991;-0.548377644
10.10.2003;-0.508288;-0.571442396;-0.525738163;-0.497300989;-0.654240003
17.10.2003;-0.474521518;-0.520205761;-0.490636704;-0.456314659;-0.525197834
24.10.2003;-0.484333449;-0.517493919;-0.503656295;-0.494991742;-0.53822376
31.10.2003;-0.455122865;-0.481652794;-0.481914728;-0.468923983;-0.557834625
07.11.2003;-0.448810929;-0.461067348;-0.477428151;-0.444161248;-0.591105533
14.11.2003;-0.418334691;-0.428619991;-0.457790799;-0.439911487;-0.566133691
21.11.2003;-0.451503673;-0.481405325;-0.493920687;-0.474156518;-0.536143274
28.11.2003;-0.484556782;-0.516505448;-0.511574992;-0.499212075;-0.52651188
05.12.2003;-0.452687308;-0.46899355;-0.517636388;-0.471436901;-0.564234092
12.12.2003;-0.472934093;-0.490416847;-0.49189145;-0.484267869;-0.53511225
19.12.2003;-0.49607435;-0.525662635;-0.528124793;-0.503387534;-0.67462716
02.01.2004;-0.467270104;-0.478957304;-0.485866667;-0.479282087;-0.539902518
09.01.2004;-0.447633876;-0.459873511;-0.474401852;-0.451366667;-0.528744021
16.01.2004;-0.455931002;-0.463104055;-0.452335889;-0.443217452;-0.540007419
23.01.2004;-0.462663933;-0.494528749;-0.492589568;-0.475133333;-0.566622033
30.01.2004;-0.469940709;-0.470713112;-0.530450275;-0.481723643;-0.593678406
06.02.2004;-0.531989645;-0.603690787;-0.606025468;-0.532319953;-0.675418742
13.02.2004;-0.489273887;-0.534944123;-0.550943047;-0.496330472;-0.684590076
20.02.2004;-0.5069924;-0.553221787;-0.561126479;-0.497423831;-0.660905574
27.02.2004;-0.47690876;-0.50622488;-0.532805579;-0.478477778;-0.59443093
05.03.2004;-0.510056263;-0.545448521;-0.581376427;-0.506430041;-0.560753744
12.03.2004;-0.461161485;-0.479751378;-0.482703365;-0.473748704;-0.523328993
19.03.2004;-0.492941244;-0.51717164;-0.533966844;-0.530555798;-0.622713478
26.03.2004;-0.47976114;-0.497838246;-0.508519615;-0.470307242;-0.541481639
02.04.2004;-0.473885995;-0.498195312;-0.519269006;-0.491914391;-0.570887514
08.04.2004;-0.560509699;-0.597008191;-0.595758712;-0.573226084;-0.53654963
16.04.2004;-0.569589761;-0.62074749;-0.62988378;-0.562942739;-0.545717889
23.04.2004;-0.531361961;-0.574110302;-0.590083247;-0.55194589;-0.609084893
30.04.2004;-0.506430014;-0.524016204;-0.516732319;-0.506064333;-0.644272273
07.05.2004;-0.515177462;-0.522433839;-0.535185547;-0.515888672;-0.613639759
14.05.2004;-0.552200765;-0.589244444;-0.590563864;-0.563845874;-0.599391379
21.05.2004;-0.610760313;-0.663338843;-0.631002697;-0.578076033;-0.704338026
28.05.2004;-0.528710222;-0.560620511;-0.545469371;-0.528194854;-0.510109739
04.06.2004;-0.58072622;-0.627420213;-0.650779018;-0.596894191;-0.641609678
11.06.2004;-0.532502876;-0.55091106;-0.559214293;-0.511592917;-0.56302644
18.06.2004;-0.625939724;-0.671719503;-0.621133218;-0.627222179;-0.625924556
25.06.2004;-0.570719625;-0.615176331;-0.566879775;-0.562280373;-0.566883421
02.07.2004;-0.570153335;-0.605948806;-0.59247449;-0.607940051;-0.61211785
09.07.2004;-0.522844432;-0.532821028;-0.554187113;-0.526408065;-0.676089941
16.07.2004;-0.495434494;-0.504816217;-0.538783693;-0.511402345;-0.640064499
23.07.2004;-0.465985085;-0.492845759;-0.501772042;-0.483997511;-0.660643342
30.07.2004;-0.529645329;-0.551919978;-0.58830029;-0.566246811;-0.61627945
06.08.2004;-0.502936702;-0.512733564;-0.517607748;-0.503440006;-0.548939842
13.08.2004;-0.477803079;-0.483815622;-0.494074836;-0.4980111;-0.546498034
20.08.2004;-0.47075102;-0.492753623;-0.47463138;-0.465759294;-0.649843807
27.08.2004;-0.516811308;-0.556416882;-0.565437679;-0.546244303;-0.583770763
03.09.2004;-0.516049465;-0.562806133;-0.574807531;-0.514434161;-0.651945677
10.09.2004;-0.505496487;-0.548990973;-0.550624426;-0.501839158;-0.639254498
17.09.2004;-0.482778687;-0.504568552;-0.513597625;-0.510317916;-0.667742147
24.09.2004;-0.50496142;-0.519181606;-0.545193414;-0.530029756;-0.585670997
01.10.2004;-0.478398732;-0.528133249;-0.539334759;-0.51086592;-0.586476824
08.10.2004;-0.525098964;-0.55283078;-0.545538457;-0.525516983;-0.596928151
15.10.2004;-0.482465611;-0.530655921;-0.532090249;-0.508905737;-0.622974326
22.10.2004;-0.54239103;-0.566081328;-0.564257743;-0.510461514;-0.627431018
29.10.2004;-0.517073816;-0.538254222;-0.508707085;-0.538548429;-0.603044983
05.11.2004;-0.535862001;-0.550848912;-0.534518273;-0.53572017;-0.607335751
12.11.2004;-0.519769268;-0.518926485;-0.515266272;-0.515675591;-0.585703448
19.11.2004;-0.481811314;-0.491867936;-0.510185235;-0.493158834;-0.665550222
26.11.2004;-0.514897959;-0.528477283;-0.541111918;-0.527404373;-0.722173495
03.12.2004;-0.542617374;-0.541218837;-0.537520776;-0.537033298;-0.575504177
10.12.2004;-0.496287889;-0.519699546;-0.530396842;-0.540219249;-0.599526834
17.12.2004;-0.524180578;-0.536522379;-0.533099566;-0.513307555;-0.700947731
24.12.2004;-0.52387251;-0.525598545;-0.533598274;-0.535400062;-0.634877792
31.12.2004;-0.467708269;-0.484672;-0.508565333;-0.494500809;-0.56202449
07.01.2005;-0.482491704;-0.504960411;-0.538422566;-0.517501487;-0.576222264
14.01.2005;-0.503239158;-0.52630577;-0.540233929;-0.506145473;-0.571344587
21.01.2005;-0.550641932;-0.55911018;-0.590985021;-0.558427592;-0.68500991
28.01.2005;-0.58605502;-0.645834476;-0.605963876;-0.560603567;-0.72990755
04.02.2005;-0.534619706;-0.54887644;-0.571608808;-0.556187755;-0.714360118
11.02.2005;-0.493537747;-0.513674858;-0.520816944;-0.52605653;-0.618691369
18.02.2005;-0.482031641;-0.506450891;-0.548642287;-0.519506173;-0.605329052
25.02.2005;-0.489601989;-0.511641518;-0.5514207;-0.51551875;-0.565527528
04.03.2005;-0.541348148;-0.555401556;-0.56447314;-0.559235537;-0.602002424
11.03.2005;-0.518078512;-0.561382756;-0.568675999;-0.556302918;-0.570608733
18.03.2005;-0.536577932;-0.57223199;-0.574842115;-0.542165378;-0.688145214
25.03.2005;-0.518916411;-0.576533565;-0.555945571;-0.538562992;-0.654410598
01.04.2005;-0.598658734;-0.625898962;-0.591740363;-0.535460609;-0.717131132
08.04.2005;-0.554717386;-0.575956685;-0.588892947;-0.550531316;-0.67195122
15.04.2005;-0.481420243;-0.499823668;-0.505096194;-0.485802076;-0.580193471
22.04.2005;-0.487138408;-0.512738912;-0.500649736;-0.490293026;-0.60490128
29.04.2005;-0.467976816;-0.492078936;-0.516675116;-0.487327624;-0.597071867
06.05.2005;-0.553228772;-0.577321274;-0.574846939;-0.550044642;-0.628654461
13.05.2005;-0.578342174;-0.611378941;-0.616576681;-0.577491599;-0.737880318
20.05.2005;-0.515913838;-0.535468288;-0.570243158;-0.52978014;-0.657583247
27.05.2005;-0.516992264;-0.564207681;-0.597073098;-0.556871764;-0.729833795
03.06.2005;-0.485543665;-0.531923062;-0.64179312;-0.566433027;-0.658004187
10.06.2005;-0.480275849;-0.523712843;-0.605955616;-0.551194942;-0.691828255
17.06.2005;-0.486792355;-0.526664024;-0.60701808;-0.620136038;-0.678469415
24.06.2005;-0.499686867;-0.53184497;-0.604329835;-0.595333791;-0.770166293
01.07.2005;-0.54948638;-0.602318441;-0.678280366;-0.682706729;-0.79676875
08.07.2005;-0.560957336;-0.563927221;-0.668967516;-0.620459259;-0.740396863
15.07.2005;-0.475585343;-0.507465791;-0.524302511;-0.518104843;-0.613837399
22.07.2005;-0.482530992;-0.522595511;-0.553522229;-0.530338849;-0.636332194
29.07.2005;-0.464028701;-0.504185486;-0.557141574;-0.541686747;-0.656737455
05.08.2005;-0.481437442;-0.54281383;-0.563571124;-0.555796571;-0.58078342
12.08.2005;-0.483751122;-0.519209127;-0.599376286;-0.561364044;-0.588419671
19.08.2005;-0.538943481;-0.540412457;-0.616674471;-0.593690476;-0.599404182
26.08.2005;-0.557669682;-0.598634656;-0.611120729;-0.598436643;-0.650862924
02.09.2005;-0.532520166;-0.579743008;-0.611748504;-0.600306513;-0.59892229
09.09.2005;-0.498407725;-0.556708327;-0.602890104;-0.572044999;-0.585451595
16.09.2005;-0.495004197;-0.634892407;-0.743744966;-0.711428432;-0.547172939
23.09.2005;-0.580219488;-0.659627428;-0.70448434;-0.640172436;-0.535313888
30.09.2005;-0.517906713;-0.529050095;-0.683996572;-0.649927975;-0.52777676
07.10.2005;-0.546983906;-0.615407637;-0.646613294;-0.613318759;-0.626973556
14.10.2005;-0.497860404;-0.533120661;-0.515781504;-0.491032756;-0.573060024
21.10.2005;-0.502508808;-0.539359642;-0.546950113;-0.511870803;-0.5965137
28.10.2005;-0.496826172;-0.545903926;-0.556570248;-0.513626329;-0.571965593
04.11.2005;-0.556192028;-0.572178183;-0.591507561;-0.585593038;-0.583741101
11.11.2005;-0.573952323;-0.576047873;-0.578106438;-0.574663991;-0.590444491
18.11.2005;-0.547473958;-0.551475869;-0.557501754;-0.541888862;-0.584331754
25.11.2005;-0.497207572;-0.521275013;-0.545670914;-0.536986102;-0.530491619
02.12.2005;-0.548199406;-0.558289644;-0.550142739;-0.558304113;-0.550233179
09.12.2005;-0.546729749;-0.575242896;-0.618439126;-0.579777009;-0.552192905
16.12.2005;-0.56685378;-0.575834859;-0.591407933;-0.603945417;-0.549132231
23.12.2005;-0.496877055;-0.523435905;-0.622784688;-0.588677636;-0.518370836
30.12.2005;-0.442956023;-0.478082185;-0.592032504;-0.543765246;-0.486926697
06.01.2006;-0.471092612;-0.49645564;-0.540627608;-0.54758595;-0.511395335
13.01.2006;-0.469083717;-0.508947959;-0.527489427;-0.497806097;-0.498577453
20.01.2006;-0.506589049;-0.544375157;-0.605451771;-0.53893278;-0.508834439
27.01.2006;-0.517663555;-0.527809082;-0.590554564;-0.567159517;-0.526632062
03.02.2006;-0.45189179;-0.511112667;-0.619115014;-0.580041067;-0.528686981
10.02.2006;-0.508254449;-0.550999106;-0.665436371;-0.59718459;-0.541009816
17.02.2006;-0.514178965;-0.558944104;-0.560936276;-0.545712472;-0.62249287
24.02.2006;-0.489626604;-0.539426589;-0.598044016;-0.592847185;-0.647941504
03.03.2006;-0.487687127;-0.520016071;-0.673033676;-0.609115203;-0.618453619
10.03.2006;-0.525435718;-0.571470013;-0.685210004;-0.705622162;-0.574817173
17.03.2006;-0.499244813;-0.536262755;-0.549896584;-0.555906716;-0.584043361
24.03.2006;-0.498931779;-0.523586816;-0.584072533;-0.606027111;-0.608389188
31.03.2006;-0.5016775;-0.525887073;-0.609392482;-0.544919603;-0.537490652
07.04.2006;-0.49821371;-0.560472456;-0.608526386;-0.557065043;-0.543981331
14.04.2006;-0.521424956;-0.589245629;-0.667388631;-0.62106941;-0.595941317
21.04.2006;-0.515779581;-0.548918031;-0.564626479;-0.554569335;-0.574986905
28.04.2006;-0.530909687;-0.575052874;-0.629788756;-0.591342962;-0.577991404
05.05.2006;-0.52887071;-0.556885635;-0.567927728;-0.596601103;-0.597772
12.05.2006;-0.491410259;-0.531860789;-0.529480177;-0.517316263;-0.548232526
19.05.2006;-0.497776457;-0.53023084;-0.573286347;-0.541623309;-0.592427935
26.05.2006;-0.48054919;-0.514365188;-0.625100198;-0.561919579;-0.573916401
02.06.2006;-0.541236482;-0.551379684;-0.661835824;-0.60184;-0.639194304
09.06.2006;-0.499745907;-0.521643997;-0.556574935;-0.558154299;-0.531914729
16.06.2006;-0.49843772;-0.522491942;-0.613948;-0.583602483;-0.551423611
23.06.2006;-0.615919582;-0.646670594;-0.649860115;-0.633753698;-0.631728
30.06.2006;-0.548711117;-0.572586227;-0.613712885;-0.608806343;-0.617337294
07.07.2006;-0.631267694;-0.651787565;-0.66369987;-0.66653036;-0.688498964
14.07.2006;-0.531581879;-0.553871331;-0.56476433;-0.552200771;-0.581482548
21.07.2006;-0.571815879;-0.607526493;-0.640355556;-0.576253341;-0.642811489
28.07.2006;-0.586863376;-0.629837703;-0.688339877;-0.681077551;-0.662901451
04.08.2006;-0.608584044;-0.633577786;-0.650819048;-0.633995413;-0.643329863
11.08.2006;-0.620994513;-0.653287898;-0.645107281;-0.635179857;-0.729101444
18.08.2006;-0.496804961;-0.536595026;-0.549288699;-0.52568194;-0.597608042
25.08.2006;-0.642509364;-0.688145123;-0.680200486;-0.664483387;-0.69248609
01.09.2006;-0.539284149;-0.574537497;-0.622726337;-0.587899255;-0.6486813
08.09.2006;-0.543769805;-0.576610538;-0.592059504;-0.575147184;-0.638885524
15.09.2006;-0.511779392;-0.561655379;-0.569011824;-0.539051834;-0.646862748
22.09.2006;-0.472367526;-0.521673132;-0.515514585;-0.515951418;-0.606615417
29.09.2006;-0.487819719;-0.517999392;-0.527514996;-0.506826446;-0.611779829
06.10.2006;-0.484375;-0.490584202;-0.511744765;-0.495235427;-0.549843008
13.10.2006;-0.486546969;-0.498889952;-0.501558791;-0.494366667;-0.554421345
20.10.2006;-0.475117976;-0.48883356;-0.508657764;-0.509986207;-0.552309743
27.10.2006;-0.463817446;-0.475289382;-0.483475765;-0.488017624;-0.566495113
03.11.2006;-0.470052904;-0.493060845;-0.543760374;-0.533974324;-0.636164028
10.11.2006;-0.494597159;-0.507229489;-0.539794922;-0.530848645;-0.646417987
17.11.2006;-0.491143757;-0.50239355;-0.502977089;-0.503017312;-0.687939112
24.11.2006;-0.458514397;-0.479962384;-0.526920227;-0.533131771;-0.597516357
01.12.2006;-0.486859508;-0.534310969;-0.528122499;-0.540091065;-0.629199202
08.12.2006;-0.554137592;-0.56318389;-0.606667989;-0.586053655;-0.712963989
15.12.2006;-0.584948148;-0.579227628;-0.598534019;-0.58864868;-0.617732585
22.12.2006;-0.541285903;-0.550447589;-0.612671534;-0.612127596;-0.6281591
29.12.2006;-0.524307131;-0.537658378;-0.605682384;-0.610474802;-0.641400959
05.01.2007;-0.502675236;-0.522736392;-0.625454522;-0.608718321;-0.622059221
12.01.2007;-0.505667324;-0.532709515;-0.577022522;-0.532502766;-0.675678197
19.01.2007;-0.522207048;-0.548269387;-0.587568346;-0.542101642;-0.645181128
26.01.2007;-0.526234223;-0.549401774;-0.588482924;-0.558072973;-0.633470497
02.02.2007;-0.464289622;-0.473475164;-0.50939142;-0.506583336;-0.565720057
09.02.2007;-0.488654536;-0.502629662;-0.560496508;-0.552930192;-0.552910417
16.02.2007;-0.475649213;-0.49776148;-0.513007284;-0.51939111;-0.539628339
23.02.2007;-0.467472252;-0.482160471;-0.550956633;-0.534473923;-0.536049415
02.03.2007;-0.500075144;-0.50557868;-0.527984447;-0.524023307;-0.524136317
09.03.2007;-0.48136455;-0.482053209;-0.530541147;-0.513859581;-0.538778933
16.03.2007;-0.479663633;-0.485800383;-0.509776701;-0.507863459;-0.518532375
23.03.2007;-0.474995889;-0.481564967;-0.506298488;-0.513106398;-0.530246003
30.03.2007;-0.531055291;-0.545255903;-0.588020598;-0.569665131;-0.628985779
06.04.2007;-0.513605395;-0.528432217;-0.54333901;-0.544874853;-0.563440465
13.04.2007;-0.496568315;-0.499480969;-0.553440816;-0.561483819;-0.609350896
20.04.2007;-0.48181245;-0.494474897;-0.513529974;-0.522638017;-0.591769313
27.04.2007;-0.476919427;-0.477382942;-0.485109932;-0.48565609;-0.655517109
04.05.2007;-0.454870244;-0.473782518;-0.51107674;-0.503096102;-0.701464125
11.05.2007;-0.441581801;-0.46229977;-0.4850985;-0.476909008;-0.605878887
18.05.2007;-0.484494356;-0.49452133;-0.508019239;-0.518544459;-0.634050257
25.05.2007;-0.442539616;-0.45177624;-0.492108617;-0.497271095;-0.578427851
01.06.2007;-0.509286553;-0.504334405;-0.505541739;-0.494356189;-0.537168132
08.06.2007;-0.451861983;-0.471440719;-0.498438151;-0.488503555;-0.511916483
15.06.2007;-0.492648271;-0.507421861;-0.512453557;-0.516809633;-0.573970164
22.06.2007;-0.474740484;-0.500061154;-0.551172474;-0.536078559;-0.585987711
29.06.2007;-0.529843293;-0.561537026;-0.578998216;-0.557667603;-0.600698371
06.07.2007;-0.517919363;-0.536412616;-0.549209184;-0.529917559;-0.595447382
13.07.2007;-0.514991082;-0.511900715;-0.518738752;-0.51358133;-0.568386338
20.07.2007;-0.547181926;-0.567236073;-0.5376208;-0.544602998;-0.602184812
27.07.2007;-0.503050298;-0.507758257;-0.510185408;-0.519735042;-0.530608712
03.08.2007;-0.501485269;-0.522725551;-0.505767359;-0.505293285;-0.569013157
10.08.2007;-0.518690854;-0.518529333;-0.531398091;-0.524766936;-0.524818397
17.08.2007;-0.459442886;-0.464095856;-0.46974224;-0.475535474;-0.471626105
24.08.2007;-0.52573717;-0.539615647;-0.557987515;-0.539134649;-0.584623027
31.08.2007;-0.474904421;-0.500272222;-0.508023445;-0.476892434;-0.531480603
07.09.2007;-0.47868796;-0.485725076;-0.49994752;-0.486873313;-0.586780971
14.09.2007;-0.542531719;-0.565972496;-0.557753226;-0.551226663;-0.586280834
21.09.2007;-0.472413139;-0.489025169;-0.483644607;-0.487452705;-0.581819464
28.09.2007;-0.46229008;-0.47529378;-0.499647011;-0.463224349;-0.542210127
05.10.2007;-0.483747917;-0.494256618;-0.483497699;-0.465687879;-0.549858037
12.10.2007;-0.461044445;-0.46797512;-0.463102094;-0.455718683;-0.561631569
19.10.2007;-0.503441805;-0.525041667;-0.504782427;-0.469140892;-0.589377683
26.10.2007;-0.506828498;-0.513214608;-0.539440817;-0.513512361;-0.605854768
02.11.2007;-0.498686647;-0.514561166;-0.524104348;-0.492950114;-0.587952675
09.11.2007;-0.483876171;-0.526188456;-0.52619276;-0.499455391;-0.565486087
16.11.2007;-0.472982413;-0.484971058;-0.486099315;-0.479924864;-0.527416257
23.11.2007;-0.44497323;-0.45263795;-0.453710011;-0.447845818;-0.475721761
30.11.2007;-0.517032108;-0.528616454;-0.533831128;-0.52824633;-0.554664964
07.12.2007;-0.538784403;-0.54583534;-0.552667456;-0.541342855;-0.603144237
14.12.2007;-0.531921088;-0.556018243;-0.567930604;-0.553156553;-0.6604667
21.12.2007;-0.561587788;-0.584590994;-0.569049831;-0.532597825;-0.61502832
28.12.2007;-0.532424554;-0.555774026;-0.590140624;-0.55025396;-0.645240282
04.01.2008;-0.505175;-0.56150099;-0.547728155;-0.521005387;-0.558546964
11.01.2008;-0.488940404;-0.509522837;-0.48450052;-0.486692481;-0.501430314
18.01.2008;-0.462366995;-0.465799467;-0.489947628;-0.485056979;-0.493113911
25.01.2008;-0.456261707;-0.467971014;-0.484789504;-0.480590138;-0.487763693
01.02.2008;-0.505280762;-0.496745313;-0.512897266;-0.49753819;-0.571213619
08.02.2008;-0.51549982;-0.508665684;-0.53477632;-0.527036073;-0.552794941
15.02.2008;-0.538947103;-0.564012736;-0.572212307;-0.565723071;-0.617765539
22.02.2008;-0.581939639;-0.58569149;-0.583795985;-0.592115025;-0.635105996
29.02.2008;-0.511406656;-0.524706595;-0.523281807;-0.51804263;-0.525012531
07.03.2008;-0.509827563;-0.513213263;-0.535881783;-0.53233517;-0.529336862
14.03.2008;-0.472949026;-0.479872529;-0.475304382;-0.471169687;-0.4925806
21.03.2008;-0.435345031;-0.447091311;-0.44506852;-0.438135259;-0.505029334
28.03.2008;-0.497501687;-0.509023066;-0.529056666;-0.502408333;-0.555464388
04.04.2008;-0.525865702;-0.526683929;-0.549418841;-0.548407275;-0.5740894
11.04.2008;-0.505017809;-0.515538562;-0.509243602;-0.49611039;-0.541694513
18.04.2008;-0.513978727;-0.523147324;-0.528082676;-0.50129181;-0.570784257
25.04.2008;-0.536886583;-0.547370688;-0.551570839;-0.557222059;-0.573116057
02.05.2008;-0.474041729;-0.484973109;-0.489173718;-0.487420245;-0.521191239
09.05.2008;-0.499036669;-0.516500829;-0.546646063;-0.523708333;-0.545749362
16.05.2008;-0.489734019;-0.519618451;-0.51978584;-0.514201032;-0.516512002
23.05.2008;-0.489818102;-0.518487029;-0.54899666;-0.548502291;-0.571642887
30.05.2008;-0.519097716;-0.551096479;-0.559692115;-0.540407825;-0.571798249
06.06.2008;-0.502825141;-0.524605921;-0.53684605;-0.52136165;-0.57239477
13.06.2008;-0.498083419;-0.514488833;-0.501652888;-0.490890952;-0.533386714
20.06.2008;-0.48645553;-0.492322157;-0.502576637;-0.490481876;-0.583573845
27.06.2008;-0.476410528;-0.48299112;-0.498432494;-0.493479831;-0.492274412
04.07.2008;-0.439215614;-0.443403934;-0.460628201;-0.459575937;-0.486671078
11.07.2008;-0.461083304;-0.469938865;-0.474636917;-0.472010058;-0.52169158
18.07.2008;-0.470948524;-0.488871398;-0.492127661;-0.494118744;-0.539397052
25.07.2008;-0.496767677;-0.516287932;-0.522923875;-0.517049908;-0.560836401
01.08.2008;-0.529154327;-0.546718321;-0.538111162;-0.530863159;-0.610856793
08.08.2008;-0.491247643;-0.52136421;-0.51919677;-0.493689501;-0.590083329
15.08.2008;-0.527367414;-0.54616862;-0.569143289;-0.560711097;-0.624113149
22.08.2008;-0.527722364;-0.530327492;-0.562160299;-0.550439952;-0.601877686
29.08.2008;-0.540506423;-0.532963955;-0.541355119;-0.533410935;-0.608602021
05.09.2008;-0.490976332;-0.494596765;-0.517666468;-0.516269133;-0.515996747
12.09.2008;-0.480831613;-0.484913974;-0.499097405;-0.511962688;-0.53039026
19.09.2008;-0.428899741;-0.430118816;-0.434252319;-0.439608003;-0.44720683
26.09.2008;-0.486993443;-0.488775293;-0.482508333;-0.479689783;-0.543929254
03.10.2008;-0.453560576;-0.447989461;-0.439164047;-0.448684583;-0.4936996
10.10.2008;-0.411169204;-0.413929432;-0.419037764;-0.416682521;-0.424259155
17.10.2008;-0.463329651;-0.465471602;-0.479168975;-0.458375021;-0.487477485
24.10.2008;-0.452861306;-0.457003834;-0.459542748;-0.468094371;-0.468164979
31.10.2008;-0.459081158;-0.468964265;-0.474412782;-0.4696576;-0.474658116
07.11.2008;-0.466641871;-0.479342393;-0.475910237;-0.479002464;-0.488259625
14.11.2008;-0.463084927;-0.470350533;-0.482296578;-0.4781824;-0.51291032
21.11.2008;-0.426018252;-0.429688752;-0.433844628;-0.432771922;-0.441042522
28.11.2008;-0.465990937;-0.465979201;-0.468769531;-0.474260757;-0.489194553
05.12.2008;-0.513539795;-0.527026812;-0.518540551;-0.517199645;-0.523010656
12.12.2008;-0.47016125;-0.477107554;-0.490864871;-0.479583072;-0.486758721
19.12.2008;-0.526572982;-0.553182993;-0.54927607;-0.543246136;-0.568196709
26.12.2008;-0.548222839;-0.55798376;-0.576156293;-0.566609154;-0.574291438
02.01.2009;-0.459588648;-0.47216643;-0.479379546;-0.469094597;-0.492409894
09.01.2009;-0.5036239;-0.502693348;-0.503663323;-0.492664184;-0.521488024
16.01.2009;-0.445977815;-0.446073532;-0.450650346;-0.448313403;-0.453399118
23.01.2009;-0.463530407;-0.472368661;-0.477301223;-0.480369521;-0.484077851
30.01.2009;-0.504847338;-0.510895721;-0.512450817;-0.521211351;-0.530141727
06.02.2009;-0.492964327;-0.499338843;-0.495838502;-0.500259971;-0.518197311
13.02.2009;-0.507192055;-0.510648227;-0.524409999;-0.512706107;-0.547506834
20.02.2009;-0.470567541;-0.47912265;-0.481257324;-0.482930342;-0.504969592
27.02.2009;-0.468760102;-0.468060814;-0.47540363;-0.472850146;-0.494622143
06.03.2009;-0.446908239;-0.453862508;-0.457156695;-0.448268957;-0.486590525
13.03.2009;-0.453522028;-0.450202203;-0.46162507;-0.462218657;-0.492922044
20.03.2009;-0.458363161;-0.469159442;-0.471352157;-0.474181822;-0.5026986
27.03.2009;-0.473643744;-0.478405946;-0.484928193;-0.482097993;-0.500520291
03.04.2009;-0.487964481;-0.492293903;-0.49064736;-0.489332155;-0.489199241
10.04.2009;-0.49742817;-0.488148304;-0.489806332;-0.491522031;-0.512954672
17.04.2009;-0.466950421;-0.473625487;-0.455865565;-0.467432399;-0.478228132
24.04.2009;-0.467438772;-0.472502016;-0.476975094;-0.477291152;-0.49828593
01.05.2009;-0.446385187;-0.454429104;-0.461675798;-0.460789253;-0.472779896
08.05.2009;-0.441400271;-0.444444444;-0.457619739;-0.455410407;-0.477046714
15.05.2009;-0.494450777;-0.511549644;-0.52043008;-0.515196448;-0.540051485
22.05.2009;-0.465227478;-0.470543809;-0.476603087;-0.480804128;-0.482032685
29.05.2009;-0.48597929;-0.502008195;-0.51839232;-0.510056502;-0.510768908
05.06.2009;-0.486153241;-0.487707124;-0.480335292;-0.474145704;-0.502813471
12.06.2009;-0.502815101;-0.502113241;-0.515100817;-0.511941293;-0.506879695
19.06.2009;-0.48371472;-0.490588551;-0.493574843;-0.503727138;-0.519573084
26.06.2009;-0.492238747;-0.500001331;-0.522138921;-0.508713985;-0.517119266
03.07.2009;-0.508949356;-0.510742188;-0.525230973;-0.527345916;-0.525236763
10.07.2009;-0.460605556;-0.457397222;-0.470509145;-0.484190226;-0.46464585
17.07.2009;-0.514542931;-0.510086494;-0.514310293;-0.506290843;-0.525542087
24.07.2009;-0.467139166;-0.463602428;-0.472019951;-0.473604618;-0.480292184
31.07.2009;-0.443725073;-0.442624108;-0.44885352;-0.441467656;-0.459661767
07.08.2009;-0.43954581;-0.452730958;-0.469262892;-0.468659578;-0.460823975
14.08.2009;-0.46635259;-0.47048301;-0.482913632;-0.473367947;-0.483741926
21.08.2009;-0.455633551;-0.460640138;-0.46565666;-0.468830912;-0.47386638
28.08.2009;-0.46734963;-0.471762967;-0.477940031;-0.474815399;-0.467189627
04.09.2009;-0.493802928;-0.505624426;-0.509943445;-0.510557946;-0.536282527
11.09.2009;-0.43898325;-0.445621944;-0.456377345;-0.460506322;-0.49755648
18.09.2009;-0.44675345;-0.451373477;-0.452798889;-0.45255571;-0.476782246
25.09.2009;-0.477711788;-0.488053018;-0.489437194;-0.481816534;-0.519474749
02.10.2009;-0.480342245;-0.494390953;-0.486437959;-0.493506139;-0.512418343
09.10.2009;-0.482058206;-0.483165224;-0.48098613;-0.475706613;-0.525122761
16.10.2009;-0.449670879;-0.448059795;-0.462709753;-0.458068521;-0.493651837
23.10.2009;-0.470194218;-0.472910503;-0.481763129;-0.474044612;-0.518770079
30.10.2009;-0.441582243;-0.444752659;-0.446859653;-0.447580571;-0.485577408
06.11.2009;-0.447398388;-0.453535254;-0.464965544;-0.466868683;-0.522530086
13.11.2009;-0.477863809;-0.479056493;-0.485131361;-0.493254738;-0.537184173
20.11.2009;-0.452345366;-0.457770101;-0.463415885;-0.453809464;-0.512261522
27.11.2009;-0.441454834;-0.446530636;-0.450020939;-0.44974592;-0.490694675
04.12.2009;-0.483944474;-0.489068611;-0.488721121;-0.493448715;-0.481252966
11.12.2009;-0.567907519;-0.574371521;-0.564505695;-0.563273646;-0.566095481
18.12.2009;-0.495771547;-0.503331974;-0.527115782;-0.517804254;-0.556638775
25.12.2009;-0.46176091;-0.462349741;-0.476776322;-0.462654114;-0.491328125
01.01.2010;-0.459600533;-0.461360474;-0.459465198;-0.465304764;-0.496760935
08.01.2010;-0.509041789;-0.50823716;-0.507632106;-0.491839903;-0.518024725
15.01.2010;-0.512990806;-0.52248948;-0.520622256;-0.510152119;-0.52796823
22.01.2010;-0.486645344;-0.486995076;-0.489815078;-0.492377536;-0.503955419
29.01.2010;-0.437136321;-0.443096041;-0.447229164;-0.447905434;-0.474753175
05.02.2010;-0.452039944;-0.453426978;-0.455421465;-0.454554116;-0.464155884
12.02.2010;-0.470442697;-0.466874783;-0.471326285;-0.47321752;-0.496520447
19.02.2010;-0.478398732;-0.485592307;-0.489220564;-0.493224778;-0.532957763
26.02.2010;-0.535959592;-0.5328205;-0.547022306;-0.546853901;-0.611901571
05.03.2010;-0.501280285;-0.497828756;-0.513884994;-0.498702751;-0.556651326
12.03.2010;-0.475452151;-0.476751085;-0.481483177;-0.480042482;-0.520408318
19.03.2010;-0.45069982;-0.455931209;-0.470915186;-0.471896007;-0.493445375
26.03.2010;-0.453859117;-0.459540341;-0.46508288;-0.459336524;-0.484124628
02.04.2010;-0.490031418;-0.491143281;-0.482885546;-0.479903733;-0.502372795
09.04.2010;-0.45819392;-0.46221384;-0.464082257;-0.459532145;-0.485172036
16.04.2010;-0.461166864;-0.471405211;-0.468367834;-0.472740048;-0.495493786
23.04.2010;-0.458922162;-0.45564562;-0.473092709;-0.46670787;-0.512704355
30.04.2010;-0.452135558;-0.455325567;-0.463604687;-0.464572698;-0.504763922
07.05.2010;-0.471253905;-0.476514252;-0.469934473;-0.473495685;-0.489799875
14.05.2010;-0.455456461;-0.464719278;-0.47604992;-0.479247627;-0.510781096
21.05.2010;-0.455681672;-0.463710855;-0.480312388;-0.469897222;-0.501620032
28.05.2010;-0.476736764;-0.486318349;-0.487838722;-0.482241255;-0.494108358
04.06.2010;-0.479691343;-0.506158518;-0.499645718;-0.500032819;-0.520948663
11.06.2010;-0.523588889;-0.522088387;-0.537798794;-0.518022835;-0.567196695
18.06.2010;-0.495423447;-0.484523171;-0.500455255;-0.493754704;-0.571021865
25.06.2010;-0.53131333;-0.525515575;-0.539070615;-0.542389157;-0.573875038
02.07.2010;-0.494728276;-0.500091187;-0.500906937;-0.495672635;-0.539235986
09.07.2010;-0.54604307;-0.54659668;-0.565970243;-0.561858767;-0.617720259
16.07.2010;-0.526462797;-0.541456644;-0.537090683;-0.528800566;-0.596524232
23.07.2010;-0.555074567;-0.564442625;-0.587536944;-0.5666798;-0.639434653
30.07.2010;-0.573851411;-0.592324197;-0.588619223;-0.574462687;-0.65256912
06.08.2010;-0.45442307;-0.468799654;-0.466157421;-0.461524629;-0.537774182
13.08.2010;-0.578132617;-0.572269507;-0.569722107;-0.574169031;-0.597753894
20.08.2010;-0.535600565;-0.549382796;-0.549113989;-0.562162327;-0.574763645
27.08.2010;-0.512234149;-0.504635042;-0.514392241;-0.509655279;-0.53766518
03.09.2010;-0.516139041;-0.52;-0.561880496;-0.537251037;-0.607141354
10.09.2010;-0.558800552;-0.566199232;-0.573781661;-0.57820461;-0.636806901
17.09.2010;-0.495419469;-0.51497472;-0.526262533;-0.522213678;-0.542391781
24.09.2010;-0.47076423;-0.482235336;-0.499206381;-0.489458402;-0.551958984
01.10.2010;-0.494384029;-0.516281179;-0.52083712;-0.527657632;-0.573413673
08.10.2010;-0.49957672;-0.506635227;-0.503608336;-0.503132478;-0.571831462
15.10.2010;-0.556014468;-0.539187065;-0.522981225;-0.525439778;-0.541851258
22.10.2010;-0.506239048;-0.506336095;-0.511734911;-0.51184082;-0.614890658
29.10.2010;-0.496141779;-0.509126754;-0.516809602;-0.507781247;-0.614018327
05.11.2010;-0.52368731;-0.519030316;-0.512676978;-0.513790312;-0.534754361
12.11.2010;-0.493218607;-0.500398517;-0.501243737;-0.490632495;-0.51331697
19.11.2010;-0.521593019;-0.514528332;-0.518390794;-0.523088452;-0.52969817
26.11.2010;-0.501749722;-0.513633326;-0.508845333;-0.509511101;-0.538187984
03.12.2010;-0.556449465;-0.544490185;-0.544057904;-0.541019143;-0.558567378
10.12.2010;-0.541204377;-0.555372715;-0.557614174;-0.548036454;-0.550670095
17.12.2010;-0.562516153;-0.613720408;-0.58894801;-0.589535873;-0.585379039
24.12.2010;-0.498608021;-0.549518108;-0.534234026;-0.540299162;-0.565813656
31.12.2010;-0.478160382;-0.504358716;-0.50027477;-0.48600152;-0.547475583
07.01.2011;-0.463334051;-0.476192595;-0.475159512;-0.465925187;-0.515289394
14.01.2011;-0.49680671;-0.495908304;-0.501324823;-0.489083678;-0.518887639
21.01.2011;-0.490823803;-0.49725366;-0.488435528;-0.501116794;-0.570336942
28.01.2011;-0.465755313;-0.482411151;-0.480953048;-0.484907004;-0.543623086
04.02.2011;-0.487263878;-0.494685395;-0.486805356;-0.479237182;-0.535531823
11.02.2011;-0.476824662;-0.48341947;-0.489225712;-0.491164851;-0.582647333
18.02.2011;-0.488618395;-0.501543534;-0.487386159;-0.492506378;-0.552770982
25.02.2011;-0.527404065;-0.511791045;-0.525591446;-0.523884305;-0.594751434
04.03.2011;-0.507446347;-0.522151766;-0.515258682;-0.498959874;-0.603754581
11.03.2011;-0.505546542;-0.527290804;-0.527338652;-0.531799123;-0.535618312
18.03.2011;-0.466032833;-0.471695635;-0.478444302;-0.480562395;-0.497378066
25.03.2011;-0.512847564;-0.54297473;-0.537647104;-0.537022748;-0.547202063
01.04.2011;-0.494302128;-0.508874136;-0.513275844;-0.505153493;-0.572190088
08.04.2011;-0.485845259;-0.501976785;-0.501471229;-0.504636677;-0.574626746
15.04.2011;-0.549092661;-0.583422845;-0.559586498;-0.545472086;-0.656187638
22.04.2011;-0.527575757;-0.54541659;-0.530551559;-0.537490684;-0.644983832
29.04.2011;-0.510083881;-0.507921407;-0.51670155;-0.511768385;-0.565028039
06.05.2011;-0.476592211;-0.50978266;-0.501887998;-0.503162608;-0.613773962
13.05.2011;-0.504143274;-0.512120992;-0.521288908;-0.532664153;-0.605924811
20.05.2011;-0.507173414;-0.559241623;-0.533333842;-0.54331469;-0.615134319
27.05.2011;-0.526032141;-0.558348133;-0.552322805;-0.558597314;-0.61039306
03.06.2011;-0.484510198;-0.5196417;-0.515976331;-0.507899089;-0.576735575
10.06.2011;-0.539723602;-0.536671495;-0.567617983;-0.567709697;-0.615289936
17.06.2011;-0.513807859;-0.52742874;-0.535621619;-0.536605556;-0.599470157
24.06.2011;-0.527517033;-0.51756036;-0.531964235;-0.519748479;-0.60390249
01.07.2011;-0.516466401;-0.518834;-0.518986942;-0.511506609;-0.569070157
08.07.2011;-0.493346843;-0.496105619;-0.518634572;-0.512038301;-0.544925174
15.07.2011;-0.573091447;-0.568620571;-0.587490327;-0.582618674;-0.647533335
22.07.2011;-0.534479885;-0.525150816;-0.563111586;-0.55033611;-0.551502001
29.07.2011;-0.504220229;-0.520452652;-0.519132111;-0.514326883;-0.606040076
05.08.2011;-0.451761353;-0.467546204;-0.46222408;-0.460533333;-0.498730468
12.08.2011;-0.459984732;-0.473722892;-0.471034817;-0.468900687;-0.510363106
19.08.2011;-0.493582879;-0.50491869;-0.509029609;-0.507372979;-0.522033604
26.08.2011;-0.490721659;-0.494890248;-0.49938374;-0.492845418;-0.571684419
02.09.2011;-0.497317944;-0.49910313;-0.50284703;-0.513093196;-0.550286641
09.09.2011;-0.512371022;-0.511862648;-0.520770369;-0.526315405;-0.584592153
16.09.2011;-0.480113611;-0.513937184;-0.521678441;-0.519377881;-0.571405826
23.09.2011;-0.479875933;-0.495259518;-0.499044362;-0.499532728;-0.50926373
30.09.2011;-0.506418781;-0.510538277;-0.531670649;-0.523038752;-0.598688525
07.10.2011;-0.479585462;-0.483913854;-0.506159845;-0.497149304;-0.555361552
14.10.2011;-0.463351533;-0.480455708;-0.493514472;-0.501568135;-0.588484567
21.10.2011;-0.468851615;-0.485480141;-0.527897828;-0.515626881;-0.576399642
28.10.2011;-0.494639822;-0.503174966;-0.536333782;-0.524995409;-0.565632293
04.11.2011;-0.47910679;-0.491372039;-0.542945476;-0.529673415;-0.586911143
11.11.2011;-0.517438021;-0.521457252;-0.550382287;-0.529064074;-0.605287805
18.11.2011;-0.502716999;-0.507622829;-0.553113978;-0.549047812;-0.604878276
25.11.2011;-0.436930328;-0.449265834;-0.462375104;-0.461049393;-0.494728994
02.12.2011;-0.507935923;-0.511961703;-0.540504115;-0.543399737;-0.591839278
09.12.2011;-0.506808198;-0.519755706;-0.577255438;-0.574216768;-0.611716301
16.12.2011;-0.528307969;-0.539126441;-0.600274075;-0.575584602;-0.642956892
23.12.2011;-0.568517524;-0.563915341;-0.579302401;-0.6090625;-0.658917368
30.12.2011;-0.539703639;-0.538662037;-0.57439869;-0.575124717;-0.655827257
06.01.2012;-0.510318799;-0.538539945;-0.55624948;-0.554303052;-0.634649572
13.01.2012;-0.473340314;-0.493858997;-0.520387642;-0.513291325;-0.595076558
20.01.2012;-0.454555851;-0.462672714;-0.478709323;-0.473746599;-0.567006443
27.01.2012;-0.46340158;-0.47053731;-0.48102251;-0.46940263;-0.561977414
03.02.2012;-0.467552976;-0.483318029;-0.488390397;-0.489819919;-0.572889962
10.02.2012;-0.472985369;-0.483686982;-0.484790954;-0.494708314;-0.577537053
17.02.2012;-0.474707912;-0.502456987;-0.505374036;-0.49175374;-0.533202639
24.02.2012;-0.491625789;-0.505743726;-0.531990645;-0.538266461;-0.590551834
02.03.2012;-0.504105579;-0.528082136;-0.525616502;-0.512364081;-0.56436268
09.03.2012;-0.489364096;-0.51177686;-0.52361643;-0.515014371;-0.541786813
16.03.2012;-0.499668316;-0.513323889;-0.512362349;-0.507915917;-0.530482446
23.03.2012;-0.51613232;-0.531577414;-0.539399966;-0.515221441;-0.572480022
30.03.2012;-0.500716722;-0.528023416;-0.541435065;-0.547318199;-0.58775471
06.04.2012;-0.501091309;-0.512716711;-0.524446175;-0.511705064;-0.542652819
13.04.2012;-0.489423304;-0.502456172;-0.510853507;-0.499435262;-0.582693418
20.04.2012;-0.54521497;-0.548077523;-0.567583349;-0.580052444;-0.616117199
27.04.2012;-0.562079394;-0.57995353;-0.62352739;-0.58628352;-0.709141777
04.05.2012;-0.52479488;-0.534999589;-0.580272633;-0.564308606;-0.598988174
11.05.2012;-0.513639438;-0.506248699;-0.571406877;-0.562627142;-0.578379166
18.05.2012;-0.47123421;-0.501950438;-0.499678415;-0.489416887;-0.542018011
25.05.2012;-0.495383094;-0.506897212;-0.553138903;-0.567290792;-0.573939184
01.06.2012;-0.468822324;-0.497543263;-0.490939554;-0.49443943;-0.511297376
08.06.2012;-0.487096333;-0.491867325;-0.532580663;-0.539746374;-0.605107947
15.06.2012;-0.46277632;-0.474114061;-0.543768214;-0.570040874;-0.586492247
22.06.2012;-0.489898879;-0.509678711;-0.522492405;-0.523026793;-0.600279397
29.06.2012;-0.49585408;-0.49878272;-0.541650727;-0.550285147;-0.58452209
06.07.2012;-0.478554793;-0.497672133;-0.544575446;-0.540726374;-0.578796076
13.07.2012;-0.523270225;-0.531776841;-0.559054811;-0.559615331;-0.603481188
20.07.2012;-0.452641804;-0.485206197;-0.490585318;-0.493985339;-0.584793266
27.07.2012;-0.470034937;-0.481631968;-0.515127513;-0.507957776;-0.585730298
03.08.2012;-0.479496065;-0.503013823;-0.528469756;-0.522993293;-0.639922151
10.08.2012;-0.524997296;-0.559852389;-0.565268289;-0.55856038;-0.613367657
17.08.2012;-0.473617236;-0.493271808;-0.508995021;-0.506118807;-0.561049383
24.08.2012;-0.53123859;-0.547775317;-0.562489015;-0.547276154;-0.605940949
31.08.2012;-0.527999153;-0.534649669;-0.563185511;-0.539832568;-0.612251072
07.09.2012;-0.45990537;-0.464905021;-0.489999972;-0.489040244;-0.569064351
14.09.2012;-0.464401214;-0.471045327;-0.487655807;-0.484424202;-0.56220364
21.09.2012;-0.52594442;-0.527357537;-0.552752663;-0.543121185;-0.665577855
28.09.2012;-0.518802311;-0.538222948;-0.557782756;-0.544806202;-0.632934909
05.10.2012;-0.544099679;-0.543384678;-0.570435493;-0.56776123;-0.647156682
12.10.2012;-0.536000141;-0.546056445;-0.563766652;-0.546206294;-0.621475714
19.10.2012;-0.509438844;-0.5278232;-0.535945536;-0.518579075;-0.594294992
26.10.2012;-0.557466396;-0.577031178;-0.586559;-0.560786334;-0.61927208
02.11.2012;-0.546273751;-0.560781129;-0.572573524;-0.565159851;-0.622409023
09.11.2012;-0.481015992;-0.507858582;-0.505036485;-0.511361814;-0.549804208
16.11.2012;-0.455900673;-0.474725381;-0.47049271;-0.483628139;-0.53417843
23.11.2012;-0.506187085;-0.529656644;-0.552751129;-0.544684267;-0.563134937
30.11.2012;-0.516374356;-0.534347826;-0.540059661;-0.536820947;-0.569659864
07.12.2012;-0.51241774;-0.521160263;-0.55090729;-0.535267995;-0.551062587
14.12.2012;-0.512862551;-0.531551304;-0.569406845;-0.560359882;-0.613264779
21.12.2012;-0.501241991;-0.52428604;-0.536083338;-0.545872147;-0.545197851
28.12.2012;-0.471213907;-0.482530373;-0.480034359;-0.493724044;-0.522641015
04.01.2013;-0.48857652;-0.498126505;-0.501864436;-0.504224606;-0.515548575
11.01.2013;-0.516430093;-0.527709723;-0.540522789;-0.554741202;-0.551871909
18.01.2013;-0.497616861;-0.516769426;-0.529211314;-0.53627927;-0.538789736
25.01.2013;-0.494434071;-0.502961971;-0.500201332;-0.511644325;-0.516012962
01.02.2013;-0.522361979;-0.539035206;-0.566369935;-0.571969964;-0.537380303
08.02.2013;-0.538264981;-0.562567625;-0.573556146;-0.561216952;-0.516672968
15.02.2013;-0.530498199;-0.559845903;-0.573493251;-0.580445825;-0.536322201
22.02.2013;-0.509749348;-0.527123587;-0.566515088;-0.548967168;-0.547553607
01.03.2013;-0.562542001;-0.556609455;-0.551336086;-0.553946885;-0.544673282
08.03.2013;-0.508246341;-0.528639518;-0.518868529;-0.524363005;-0.535433471
15.03.2013;-0.50223545;-0.532222002;-0.50699502;-0.510129453;-0.520204918
22.03.2013;-0.540624093;-0.545540567;-0.600162222;-0.587055696;-0.573510059
29.03.2013;-0.537198418;-0.541637638;-0.566969098;-0.574203593;-0.59144343
05.04.2013;-0.513256938;-0.540953026;-0.54224757;-0.54442449;-0.48146984
05.04.2013;-0.513256938;-0.540953026;-0.54224757;-0.54442449;-0.48146984
12.04.2013;-0.538729145;-0.580602725;-0.532774519;-0.545094883;-0.513856614
19.04.2013;-0.506034823;-0.527558202;-0.565661687;-0.584987418;-0.594639242
26.04.2013;-0.525095636;-0.560558132;-0.565077855;-0.575913788;-0.536764928
03.05.2013;-0.521478799;-0.548590662;-0.538181461;-0.530496031;-0.554403283
10.05.2013;-0.48877117;-0.503826836;-0.500436571;-0.506049972;-0.538594507
17.05.2013;-0.480672724;-0.49244213;-0.489895718;-0.500073398;-0.500120356
24.05.2013;-0.500882761;-0.507544379;-0.52375412;-0.536913261;-0.476314299
31.05.2013;-0.536314907;-0.57073724;-0.547353737;-0.540355916;-0.528787613
07.06.2013;-0.516123385;-0.521085778;-0.543642183;-0.532979345;-0.552208054
14.06.2013;-0.519964293;-0.532940103;-0.56694702;-0.562968296;-0.552979037
21.06.2013;-0.475609204;-0.500306914;-0.507035339;-0.512358697;-0.539369761
28.06.2013;-0.574155093;-0.585215789;-0.601337512;-0.619179335;-0.596827407
05.07.2013;-0.605305906;-0.617370242;-0.652356713;-0.650618469;-0.591910557
12.07.2013;-0.54379631;-0.58210951;-0.555487292;-0.544890173;-0.568417172
19.07.2013;-0.531878715;-0.552341806;-0.557173843;-0.552003726;-0.577724113
26.07.2013;-0.594886875;-0.638896701;-0.603513372;-0.604039572;-0.642474111
02.08.2013;-0.518739669;-0.538925362;-0.524863952;-0.514377594;-0.55838126
09.08.2013;-0.562786667;-0.587573114;-0.575288483;-0.560567034;-0.646611501
16.08.2013;-0.546352584;-0.527892159;-0.552994083;-0.560170224;-0.63595617
23.08.2013;-0.534360169;-0.554384765;-0.606174354;-0.608869707;-0.627442971
30.08.2013;-0.537848707;-0.555846197;-0.555377211;-0.576112103;-0.617410006
06.09.2013;-0.521102788;-0.553408284;-0.540191025;-0.524636254;-0.558981014
13.09.2013;-0.535635828;-0.554112671;-0.577412999;-0.566006212;-0.60901888
20.09.2013;-0.462757657;-0.48053719;-0.503763474;-0.503085225;-0.55695155
27.09.2013;-0.544528356;-0.557248677;-0.560760892;-0.551582077;-0.582599167
04.10.2013;-0.558541503;-0.584228875;-0.595249602;-0.566641417;-0.661510436
11.10.2013;-0.52238507;-0.516617215;-0.536794386;-0.537527277;-0.562267146
18.10.2013;-0.475096419;-0.48677686;-0.511957114;-0.52;-0.546650202
25.10.2013;-0.482633093;-0.506487735;-0.526767456;-0.512486912;-0.577091629
01.11.2013;-0.506102677;-0.51386828;-0.564026908;-0.547039267;-0.584878903
08.11.2013;-0.457517196;-0.474159055;-0.50856938;-0.499455923;-0.593424029
15.11.2013;-0.503725888;-0.515482375;-0.520148544;-0.516280483;-0.541750927
22.11.2013;-0.523803082;-0.516384734;-0.53125;-0.521727075;-0.553809015
29.11.2013;-0.50020984;-0.519663265;-0.51862326;-0.515677901;-0.542956926
06.12.2013;-0.552865419;-0.582924124;-0.606530488;-0.584552268;-0.587558348
13.12.2013;-0.506264423;-0.518459661;-0.540744425;-0.545229299;-0.582637738
20.12.2013;-0.523315726;-0.536987161;-0.524220997;-0.523240023;-0.552036295
27.12.2013;-0.504155083;-0.5178598;-0.516764182;-0.52063677;-0.565208711
03.01.2014;-0.505722401;-0.518354481;-0.521788091;-0.530377797;-0.551292523
10.01.2014;-0.548879473;-0.577236751;-0.556341675;-0.556529012;-0.580521103
17.01.2014;-0.473099244;-0.48789465;-0.505620217;-0.50943269;-0.555226824
24.01.2014;-0.498438655;-0.524886014;-0.542095555;-0.546003841;-0.577519875
31.01.2014;-0.498901367;-0.515099525;-0.532205032;-0.528366815;-0.567847701
07.02.2014;-0.530099187;-0.531103238;-0.531049746;-0.535727556;-0.556897251
14.02.2014;-0.516175351;-0.526968619;-0.532626127;-0.532582285;-0.585650548
21.02.2014;-0.52683643;-0.555492411;-0.557121183;-0.543054777;-0.611079557
28.02.2014;-0.537519441;-0.567307099;-0.574909287;-0.554801066;-0.649474808
07.03.2014;-0.540974593;-0.571410035;-0.586350375;-0.573398921;-0.60282368
14.03.2014;-0.453781332;-0.468937357;-0.499434747;-0.502813624;-0.533033299
21.03.2014;-0.558882194;-0.557352401;-0.606364504;-0.589738322;-0.628249078
