Datum;Dax_Is;ESX50_Is;SP500_Is;NASDAQ_Is;NIkkei_Is
23.02.2001;-0.444444444;-0.43;-0.5175;-0.4875;-0.485260771
02.03.2001;-0.526170799;-0.46201873;-0.614325069;-0.548209366;-0.491210938
09.03.2001;-0.49219563;-0.5;-0.482758621;-0.43;-0.414982164
16.03.2001;-0.418367347;-0.473251029;-0.53223594;-0.533163265;-0.420918367
23.03.2001;-0.6592;-0.699652778;-0.6352;-0.6592;-0.4432
30.03.2001;-0.425555556;-0.4375;-0.586666667;-0.413333333;-0.457788347
20.04.2001;-0.43100189;-0.5463138;-0.597353497;-0.495274102;-0.533057851
27.04.2001;-0.770833333;-0.588541667;-0.692708333;-0.574652778;-0.692708333
04.05.2001;-0.53223594;-0.51183432;-0.49704142;-0.440329218;-0.684911243
11.05.2001;-0.442602041;-0.464285714;-0.508928571;-0.406887755;-0.468112245
18.05.2001;-0.597353497;-0.702479339;-0.597353497;-0.463137996;-0.645
25.05.2001;-0.42;-0.439952438;-0.464444444;-0.453333333;-0.55
01.06.2001;-0.447916667;-0.484375;-0.5568;-0.4192;-0.826086957
08.06.2001;-0.457908163;-0.456790123;-0.464285714;-0.418381344;-0.641975309
15.06.2001;-0.7312;-0.699652778;-0.6688;-0.4768;-0.81852552
22.06.2001;-0.490466798;-0.527700831;-0.490466798;-0.540433925;-0.645726808
29.06.2001;-0.419738407;-0.439952438;-0.406887755;-0.40665874;-0.635204082
06.07.2001;-0.55648038;-0.600475624;-0.514863258;-0.432818074;-0.64803805
13.07.2001;-0.428710938;-0.428710938;-0.428710938;-0.413085938;-0.978147763
20.07.2001;-0.456278764;-0.44598338;-0.431952663;-0.486522025;-0.609418283
27.07.2001;-0.452256944;-0.451335446;-0.494794024;-0.461371528;-0.486419753
03.08.2001;-0.471886714;-0.459635417;-0.440233236;-0.471886714;-0.579900407
10.08.2001;-0.47647377;-0.486394558;-0.526230395;-0.455381287;-0.484375
17.08.2001;-0.447520185;-0.4378;-0.467111068;-0.440937163;-0.611168921
24.08.2001;-0.421875;-0.406518787;-0.428819444;-0.423177083;-0.468336484
31.08.2001;-0.527387958;-0.537807183;-0.474007561;-0.553191489;-0.620740741
07.09.2001;-0.474310438;-0.482993197;-0.474310438;-0.427257977;-0.585181179
14.09.2001;-0.5228;-0.5228;-0.5212;-0.674356017;-0.730194658
21.09.2001;-0.537146614;-0.493074792;-0.513477975;-0.652859961;-0.476454294
28.09.2001;-0.541587902;-0.524444444;-0.500246914;-0.608888889;-0.660640496
05.10.2001;-0.505540166;-0.493791088;-0.474537037;-0.552958364;-0.693877551
12.10.2001;-0.608695652;-0.602469136;-0.706521739;-0.525047259;-0.563016529
19.10.2001;-0.52;-0.555268595;-0.50617284;-0.52;-0.509297521
26.10.2001;-0.560183257;-0.555907651;-0.477430556;-0.43359375;-0.67513536
09.11.2001;-0.491493384;-0.462716049;-0.472117202;-0.513705104;-0.613119835
16.11.2001;-0.403746098;-0.403746098;-0.408949011;-0.408949011;-0.571279917
23.11.2001;-0.42625;-0.418145957;-0.441875;-0.439375;-0.666875
30.11.2001;-0.447916667;-0.451335446;-0.447916667;-0.477430556;-0.570415879
07.12.2001;-0.450327186;-0.431952663;-0.435455086;-0.435455086;-0.609418283
14.12.2001;-0.437139562;-0.480216576;-0.4768;-0.4488;-0.588921283
04.01.2002;-0.5463138;-0.555268595;-0.555555556;-0.598657025;-0.704648526
11.01.2002;-0.415609381;-0.444444444;-0.475201845;-0.463283353;-0.582257393
18.01.2002;-0.449524672;-0.472117202;-0.505205976;-0.532820281;-0.625236295
25.01.2002;-0.444444444;-0.433127572;-0.434499314;-0.45781893;-0.640138408
01.02.2002;-0.428296809;-0.432525952;-0.423298731;-0.418685121;-0.5692
08.02.2002;-0.403024326;-0.403024326;-0.408284024;-0.429322814;-0.513477975
15.02.2002;-0.501457726;-0.486880466;-0.495626822;-0.513536027;-0.625868056
22.02.2002;-0.491493384;-0.491493384;-0.513705104;-0.47778828;-0.52345679
01.03.2002;-0.5372;-0.5372;-0.526;-0.5992;-0.594752187
08.03.2002;-0.514574658;-0.514574658;-0.550267698;-0.505056514;-0.445
15.03.2002;-0.50994513;-0.497256516;-0.497599451;-0.469135802;-0.52011392
22.03.2002;-0.527387958;-0.527387958;-0.515595463;-0.513705104;-0.564744802
05.04.2002;-0.455381287;-0.474310438;-0.547322877;-0.521903732;-0.527777778
12.04.2002;-0.458842975;-0.441358025;-0.445130316;-0.508230453;-0.58127572
19.04.2002;-0.4375;-0.4375;-0.436862245;-0.434630102;-0.657173371
26.04.2002;-0.424186391;-0.431952663;-0.525147929;-0.48816568;-0.5128
03.05.2002;-0.482962963;-0.47107438;-0.48;-0.50617284;-0.541373716
10.05.2002;-0.597620335;-0.573282856;-0.505137912;-0.47647377;-0.631766805
17.05.2002;-0.447041636;-0.441928415;-0.447772096;-0.430241052;-0.471450617
24.05.2002;-0.434448289;-0.440828402;-0.42862426;-0.44193787;-0.501730104
31.05.2002;-0.496900826;-0.496900826;-0.48553719;-0.518078512;-0.47647377
07.06.2002;-0.473517429;-0.473517429;-0.451335446;-0.505205976;-0.516049383
14.06.2002;-0.440233236;-0.428154935;-0.461474386;-0.461474386;-0.61516035
21.06.2002;-0.513454861;-0.525197834;-0.508538109;-0.491461891;-0.548611111
28.06.2002;-0.452256944;-0.452256944;-0.43359375;-0.4453125;-0.511814745
05.07.2002;-0.480216576;-0.467305289;-0.454810496;-0.418575594;-0.631510417
12.07.2002;-0.471938776;-0.480330579;-0.511160714;-0.495535714;-0.61192602
19.07.2002;-0.43454142;-0.43454142;-0.431952663;-0.44045858;-0.5392
26.07.2002;-0.443698347;-0.443698347;-0.487086777;-0.489152893;-0.598657025
02.08.2002;-0.571833648;-0.571833648;-0.519376181;-0.541587902;-0.830061983
09.08.2002;-0.5128;-0.5128;-0.5308;-0.5032;-0.770833333
16.08.2002;-0.473517429;-0.428638941;-0.441871456;-0.513705104;-0.608888889
23.08.2002;-0.474048443;-0.474048443;-0.432525952;-0.447520185;-0.5548
30.08.2002;-0.451478551;-0.453561016;-0.441482716;-0.420241566;-0.469754253
06.09.2002;-0.488520408;-0.488520408;-0.522640306;-0.546875;-0.564628099
13.09.2002;-0.505206164;-0.505206164;-0.467305289;-0.461474386;-0.529198732
20.09.2002;-0.512465374;-0.493074792;-0.473376424;-0.461415816;-0.468429752
27.09.2002;-0.474137931;-0.474137931;-0.461950059;-0.54478301;-0.553252551
04.10.2002;-0.531746032;-0.532312925;-0.446712018;-0.489809336;-0.534626039
11.10.2002;-0.526935265;-0.565414215;-0.518786781;-0.525047259;-0.804421769
18.10.2002;-0.525510204;-0.518813776;-0.559669421;-0.571428571;-0.500165289
25.10.2002;-0.497256516;-0.541152263;-0.53223594;-0.50308642;-0.598742604
01.11.2002;-0.48625;-0.52625;-0.53625;-0.50887574;-0.628116343
08.11.2002;-0.450617284;-0.471536351;-0.531893004;-0.531893004;-0.517265931
15.11.2002;-0.561436673;-0.566635161;-0.571833648;-0.628641975;-0.566635161
22.11.2002;-0.5128;-0.4908;-0.5072;-0.574;-0.497829861
29.11.2002;-0.475623583;-0.5;-0.462585034;-0.457465794;-0.644854253
06.12.2002;-0.573045267;-0.573045267;-0.550068587;-0.548446746;-0.492502884
13.12.2002;-0.423583984;-0.410888672;-0.423583984;-0.468631897;-0.520833333
20.12.2002;-0.443639656;-0.429606157;-0.425984608;-0.428638941;-0.423703704
03.01.2003;-0.537201851;-0.571733713;-0.58739765;-0.560553633;-0.6688
10.01.2003;-0.427218935;-0.432662722;-0.466745562;-0.455810547;-0.506503642
17.01.2003;-0.45057232;-0.460718002;-0.45057232;-0.435744017;-0.597106802
24.01.2003;-0.573468174;-0.557406306;-0.487804878;-0.52;-0.464604402
31.01.2003;-0.514444444;-0.514444444;-0.520833333;-0.55469679;-0.50862069
07.02.2003;-0.477633136;-0.477633136;-0.476213018;-0.469135802;-0.608480749
14.02.2003;-0.516230968;-0.526572824;-0.492099971;-0.521700357;-0.501077255
21.02.2003;-0.491535857;-0.491535857;-0.529701447;-0.471938776;-0.471536351
28.02.2003;-0.482510288;-0.482510288;-0.478395062;-0.47739409;-0.442862229
07.03.2003;-0.569156805;-0.589497041;-0.597263314;-0.6592;-0.6908
14.03.2003;-0.546875;-0.546875;-0.544642857;-0.603223594;-0.53223594
21.03.2003;-0.433979686;-0.459833795;-0.514987245;-0.476694215;-0.63340192
28.03.2003;-0.4448;-0.4588;-0.5228;-0.4588;-0.504132231
04.04.2003;-0.426977041;-0.426977041;-0.508928571;-0.485946746;-0.491461891
11.04.2003;-0.404166667;-0.404166667;-0.456388889;-0.421819263;-0.490663602
25.04.2003;-0.487636445;-0.496769882;-0.498163453;-0.46383975;-0.571428571
02.05.2003;-0.465116279;-0.472687939;-0.499729584;-0.464285714;-0.51635931
09.05.2003;-0.472451791;-0.48553719;-0.444214876;-0.476213018;-0.457596254
16.05.2003;-0.424617038;-0.432410642;-0.451760279;-0.490833333;-0.482758621
23.05.2003;-0.410245731;-0.408996252;-0.41149521;-0.428571429;-0.620740741
30.05.2003;-0.492382271;-0.492382271;-0.534626039;-0.523739956;-0.475102041
06.06.2003;-0.491803279;-0.487234614;-0.508888889;-0.539500144;-0.597576531
13.06.2003;-0.50094518;-0.495274102;-0.498702422;-0.499311295;-0.444068678
20.06.2003;-0.493656286;-0.515570934;-0.4908;-0.4908;-0.476996528
27.06.2003;-0.506728181;-0.506728181;-0.585159554;-0.5068;-0.543684925
04.07.2003;-0.449984611;-0.423822715;-0.445060018;-0.45829486;-0.478737997
11.07.2003;-0.463844797;-0.473922902;-0.450491308;-0.433922997;-0.478333333
18.07.2003;-0.45619075;-0.465958058;-0.421717897;-0.426575505;-0.523966942
25.07.2003;-0.438333333;-0.460555556;-0.423055556;-0.4175;-0.507325481
01.08.2003;-0.472645429;-0.488084068;-0.547610803;-0.482079189;-0.496720679
08.08.2003;-0.466616276;-0.485260771;-0.513227513;-0.474245578;-0.493236212
15.08.2003;-0.41330919;-0.429153463;-0.45557656;-0.445432099;-0.499483471
22.08.2003;-0.461950059;-0.446789536;-0.454815696;-0.504155125;-0.506058673
29.08.2003;-0.4588;-0.4688;-0.406913786;-0.426649306;-0.6015625
05.09.2003;-0.425;-0.447572537;-0.47;-0.434903047;-0.484456756
12.09.2003;-0.45785124;-0.4478738;-0.428760331;-0.409042364;-0.491769547
19.09.2003;-0.482917821;-0.468112245;-0.512436224;-0.486942149;-0.505829904
26.09.2003;-0.447021484;-0.455782313;-0.443847656;-0.443940539;-0.493684493
03.10.2003;-0.420138889;-0.419560185;-0.414930556;-0.412021424;-0.483564014
10.10.2003;-0.417464914;-0.42258855;-0.439296057;-0.415748393;-0.586425781
17.10.2003;-0.428571429;-0.437346939;-0.501632653;-0.423875433;-0.494542214
24.10.2003;-0.428819444;-0.428819444;-0.416666667;-0.409640944;-0.448979592
31.10.2003;-0.428593202;-0.42734375;-0.42109375;-0.423241289;-0.5
07.11.2003;-0.413054478;-0.421993591;-0.416259066;-0.42849723;-0.516167427
14.11.2003;-0.419408284;-0.415977961;-0.413727811;-0.415857988;-0.466982249
21.11.2003;-0.478513792;-0.47899927;-0.511322133;-0.465565772;-0.485390796
28.11.2003;-0.445437679;-0.436498566;-0.471260388;-0.448136279;-0.486755556
05.12.2003;-0.436326531;-0.437933207;-0.479101029;-0.465359768;-0.4956382
12.12.2003;-0.443814325;-0.453056081;-0.436252888;-0.447880623;-0.556916908
19.12.2003;-0.40244898;-0.422040816;-0.409795918;-0.411888259;-0.449724518
02.01.2004;-0.414071511;-0.432525952;-0.441368704;-0.455594002;-0.4332
09.01.2004;-0.420360111;-0.428444444;-0.443732687;-0.416724377;-0.480642805
16.01.2004;-0.429866667;-0.434133333;-0.5328;-0.473634828;-0.511381173
23.01.2004;-0.423868313;-0.463648834;-0.486206371;-0.49734375;-0.47174903
30.01.2004;-0.481112433;-0.498856882;-0.515169542;-0.4575;-0.463659606
06.02.2004;-0.422437673;-0.432533333;-0.495152355;-0.472299169;-0.486851717
13.02.2004;-0.43425378;-0.431952663;-0.436390533;-0.454577778;-0.5152
20.02.2004;-0.411152059;-0.427014901;-0.4265286;-0.432445759;-0.509645062
27.02.2004;-0.427053466;-0.446280992;-0.447644444;-0.443732687;-0.509333333
05.03.2004;-0.448319942;-0.432980278;-0.457268079;-0.466435185;-0.520360293
12.03.2004;-0.421926364;-0.43425378;-0.432787991;-0.441895767;-0.483410494
19.03.2004;-0.427723772;-0.467975207;-0.435950413;-0.445436508;-0.488251041
26.03.2004;-0.405578418;-0.417924097;-0.44932175;-0.45359375;-0.494311809
02.04.2004;-0.427229516;-0.425984608;-0.434664461;-0.439077406;-0.577224973
08.04.2004;-0.400462963;-0.401234568;-0.421875;-0.470486111;-0.504789485
16.04.2004;-0.424063116;-0.430473373;-0.414036818;-0.438362919;-0.510041551
23.04.2004;-0.414958449;-0.416288089;-0.418614958;-0.419081032;-0.482962963
30.04.2004;-0.438888889;-0.479259259;-0.494197531;-0.47691358;-0.473922902
07.05.2004;-0.414548405;-0.429065744;-0.426176312;-0.44375338;-0.439262308
14.05.2004;-0.438192334;-0.4535;-0.470934222;-0.462405647;-0.504132231
21.05.2004;-0.408186965;-0.412396574;-0.421475312;-0.433880099;-0.512228032
28.05.2004;-0.438085328;-0.45557656;-0.485207101;-0.549382716;-0.48526886
04.06.2004;-0.447808535;-0.472698755;-0.458582492;-0.450642094;-0.511689751
11.06.2004;-0.43612102;-0.449332805;-0.443387502;-0.432936723;-0.512802768
18.06.2004;-0.486255286;-0.506632065;-0.445054406;-0.438094304;-0.540440004
25.06.2004;-0.44271014;-0.454534477;-0.423322306;-0.428048204;-0.465092791
02.07.2004;-0.426925208;-0.435038479;-0.411272069;-0.421797193;-0.474444444
09.07.2004;-0.448979592;-0.446869806;-0.43359375;-0.417950139;-0.487018476
16.07.2004;-0.43304873;-0.435235319;-0.419704538;-0.442236157;-0.478615312
23.07.2004;-0.424385633;-0.424385633;-0.433026133;-0.421285191;-0.496885813
30.07.2004;-0.443735828;-0.457908163;-0.436496133;-0.459228776;-0.594674556
06.08.2004;-0.43168905;-0.435950413;-0.437706434;-0.448672216;-0.502145329
13.08.2004;-0.442873375;-0.455750537;-0.468879132;-0.426446728;-0.452677123
20.08.2004;-0.415310651;-0.419286243;-0.415588018;-0.410899654;-0.495376767
27.08.2004;-0.428454341;-0.438836145;-0.456388889;-0.425093364;-0.503154817
03.09.2004;-0.456537619;-0.461975489;-0.431652893;-0.405838377;-0.534263361
10.09.2004;-0.453095463;-0.452240068;-0.431952663;-0.417037037;-0.476338561
17.09.2004;-0.421797193;-0.431756451;-0.433719282;-0.429054462;-0.505747126
24.09.2004;-0.483816206;-0.496491625;-0.500565867;-0.467697138;-0.498321281
01.10.2004;-0.485870819;-0.492108617;-0.491814528;-0.45845481;-0.518446181
08.10.2004;-0.475586313;-0.5;-0.4483;-0.445022907;-0.543571752
15.10.2004;-0.442055229;-0.454391127;-0.437528293;-0.420511042;-0.527777778
22.10.2004;-0.459550474;-0.467146997;-0.476721939;-0.461262992;-0.483624066
29.10.2004;-0.457769237;-0.462086152;-0.502669989;-0.468569781;-0.510828821
05.11.2004;-0.492984694;-0.518545573;-0.483629324;-0.456371736;-0.60137619
12.11.2004;-0.491766697;-0.506540474;-0.48046875;-0.455563672;-0.611454047
19.11.2004;-0.46514566;-0.496655767;-0.473725429;-0.451667884;-0.550668724
26.11.2004;-0.473781668;-0.487568587;-0.517746914;-0.480709877;-0.6298
03.12.2004;-0.4378358;-0.4378358;-0.436987463;-0.42624187;-0.545382526
10.12.2004;-0.413049175;-0.41478458;-0.469206349;-0.464580499;-0.557698194
17.12.2004;-0.433287165;-0.44921875;-0.446471924;-0.450693937;-0.540455056
24.12.2004;-0.505784977;-0.531337868;-0.497864009;-0.49723356;-0.515516493
31.12.2004;-0.422255287;-0.41796875;-0.471135734;-0.462825485;-0.476110537
07.01.2005;-0.426431067;-0.4416365;-0.497575302;-0.494574911;-0.493305633
14.01.2005;-0.444264167;-0.449645996;-0.480957031;-0.48544;-0.553816178
21.01.2005;-0.439842209;-0.452778828;-0.513004001;-0.445905365;-0.517176931
28.01.2005;-0.459054715;-0.471388228;-0.489224138;-0.478531856;-0.520469918
04.02.2005;-0.449907664;-0.449907664;-0.551977041;-0.45560138;-0.505284304
11.02.2005;-0.419771122;-0.426345264;-0.452823836;-0.428760331;-0.475155596
18.02.2005;-0.418685121;-0.422382935;-0.473171819;-0.496937618;-0.49726454
25.02.2005;-0.442482876;-0.466432902;-0.473725429;-0.507557365;-0.544049587
04.03.2005;-0.453795018;-0.442479191;-0.539659735;-0.495152355;-0.506332431
11.03.2005;-0.419324973;-0.422668038;-0.462976148;-0.48553288;-0.5218
18.03.2005;-0.435354273;-0.444827876;-0.486911876;-0.493754913;-0.551324347
25.03.2005;-0.435099451;-0.434273736;-0.496974012;-0.545396825;-0.522669432
01.04.2005;-0.450369288;-0.462250652;-0.529173554;-0.550925926;-0.535731791
08.04.2005;-0.461952663;-0.463867188;-0.515976331;-0.537789076;-0.599180849
15.04.2005;-0.44746036;-0.467044601;-0.548819444;-0.479375;-0.519371811
22.04.2005;-0.432562482;-0.441290131;-0.466037455;-0.467146997;-0.528322532
29.04.2005;-0.435950413;-0.439557613;-0.438431108;-0.44154195;-0.509750567
06.05.2005;-0.447313019;-0.449524672;-0.466613852;-0.491245019;-0.641731112
13.05.2005;-0.447521252;-0.453471074;-0.479084252;-0.523628118;-0.573706026
20.05.2005;-0.44746036;-0.453333333;-0.555515656;-0.505573722;-0.576045787
27.05.2005;-0.464134226;-0.483564014;-0.498480541;-0.5567;-0.587565104
03.06.2005;-0.508062349;-0.547635044;-0.570726043;-0.574652778;-0.615433673
10.06.2005;-0.419469727;-0.433094013;-0.469261698;-0.455381287;-0.550850352
17.06.2005;-0.460512183;-0.451919272;-0.455218227;-0.459763314;-0.566875
24.06.2005;-0.472264273;-0.466139452;-0.436121631;-0.44355249;-0.526874496
01.07.2005;-0.452357538;-0.45468661;-0.535427773;-0.49708045;-0.523072
08.07.2005;-0.436652949;-0.429215861;-0.500310928;-0.489453759;-0.536097261
15.07.2005;-0.476378601;-0.474214747;-0.445994031;-0.463073133;-0.544293423
22.07.2005;-0.450673038;-0.477215335;-0.519142241;-0.47739645;-0.544680021
29.07.2005;-0.451435878;-0.449547325;-0.562524005;-0.505798817;-0.542927396
05.08.2005;-0.468922686;-0.469754022;-0.469847253;-0.481358958;-0.528698794
12.08.2005;-0.463556851;-0.459560893;-0.516195006;-0.521737004;-0.549350448
19.08.2005;-0.464010865;-0.459183673;-0.491913464;-0.465359768;-0.590576172
26.08.2005;-0.491677183;-0.483431953;-0.566162109;-0.523305619;-0.585208333
02.09.2005;-0.494812012;-0.472290039;-0.519189038;-0.489480978;-0.551943173
09.09.2005;-0.455455523;-0.461435098;-0.561983471;-0.549419242;-0.563553875
16.09.2005;-0.451274105;-0.454660239;-0.453445644;-0.460236686;-0.600280762
23.09.2005;-0.451644444;-0.458402775;-0.476533333;-0.472227435;-0.581779409
30.09.2005;-0.484576473;-0.488742313;-0.594524896;-0.523826531;-0.598830288
07.10.2005;-0.47;-0.486938477;-0.512183024;-0.524973985;-0.552029136
14.10.2005;-0.459079941;-0.475898438;-0.511883455;-0.502302531;-0.5845741
21.10.2005;-0.443562785;-0.443513192;-0.490600714;-0.497540845;-0.554751541
28.10.2005;-0.472442038;-0.477106399;-0.487750446;-0.474186158;-0.562229671
04.11.2005;-0.45859375;-0.465470277;-0.482453649;-0.502234778;-0.580444444
11.11.2005;-0.483129549;-0.486681666;-0.539944904;-0.493036534;-0.554637282
18.11.2005;-0.484021183;-0.502345656;-0.530653983;-0.48674614;-0.564185493
25.11.2005;-0.465495558;-0.487849406;-0.535983351;-0.52;-0.56436115
02.12.2005;-0.488808745;-0.494579684;-0.48359375;-0.535166133;-0.568785752
09.12.2005;-0.499578344;-0.517920458;-0.51538219;-0.564959491;-0.547586207
16.12.2005;-0.445395514;-0.469434833;-0.522747661;-0.510533333;-0.486
23.12.2005;-0.510961892;-0.519433599;-0.540111772;-0.53527832;-0.558680368
30.12.2005;-0.456095041;-0.493300921;-0.516112115;-0.501893491;-0.51361084
06.01.2006;-0.460175821;-0.451155603;-0.500853767;-0.501220914;-0.507096956
13.01.2006;-0.443301326;-0.453950092;-0.565424478;-0.492308925;-0.542840277
20.01.2006;-0.463911846;-0.486205728;-0.530573666;-0.470274119;-0.516744112
27.01.2006;-0.488033299;-0.497190427;-0.607330514;-0.611029949;-0.506319252
03.02.2006;-0.490336021;-0.487712665;-0.5656946;-0.505312869;-0.558459938
10.02.2006;-0.483054615;-0.500371823;-0.58017301;-0.533387864;-0.488858131
17.02.2006;-0.479722222;-0.467057832;-0.46368156;-0.48097503;-0.472979592
24.02.2006;-0.446481169;-0.459416352;-0.452160494;-0.454823507;-0.509714286
03.03.2006;-0.482539022;-0.50289282;-0.559852082;-0.517839789;-0.521854935
10.03.2006;-0.469351852;-0.488890292;-0.507676594;-0.505095392;-0.531212842
17.03.2006;-0.453186187;-0.498242188;-0.507971926;-0.515019044;-0.52309336
24.03.2006;-0.50138849;-0.470111097;-0.496;-0.513217993;-0.543791252
31.03.2006;-0.431246537;-0.452506929;-0.46319707;-0.455163043;-0.495833461
07.04.2006;-0.42816092;-0.440097959;-0.452508112;-0.463444369;-0.494422963
14.04.2006;-0.433314968;-0.430193568;-0.454023438;-0.445564176;-0.550286016
21.04.2006;-0.440209402;-0.456960372;-0.426549738;-0.443745891;-0.554999199
28.04.2006;-0.451679081;-0.44573218;-0.465670784;-0.475730124;-0.477386425
05.05.2006;-0.421770801;-0.422989391;-0.456216519;-0.448826398;-0.484533016
12.05.2006;-0.440218553;-0.445071884;-0.473367724;-0.451881643;-0.478215072
19.05.2006;-0.44991278;-0.449994219;-0.49944758;-0.471302394;-0.489801781
26.05.2006;-0.477333333;-0.493517166;-0.481882549;-0.473469388;-0.480512494
02.06.2006;-0.422848019;-0.423581267;-0.431142177;-0.443085938;-0.477260741
09.06.2006;-0.474130826;-0.472225729;-0.487474174;-0.48934715;-0.468456864
16.06.2006;-0.497469231;-0.498747935;-0.515390947;-0.503845271;-0.509808355
23.06.2006;-0.458896982;-0.456019612;-0.544016423;-0.538546939;-0.467983673
30.06.2006;-0.444700756;-0.441265582;-0.465257487;-0.500214031;-0.48046875
07.07.2006;-0.448502557;-0.449162412;-0.503024691;-0.501196974;-0.514962346
14.07.2006;-0.486467561;-0.506446281;-0.494104683;-0.504455847;-0.496624359
21.07.2006;-0.422699725;-0.426234384;-0.462230419;-0.479086373;-0.448285531
28.07.2006;-0.440067029;-0.452400126;-0.47046672;-0.4724198;-0.484533016
04.08.2006;-0.428942351;-0.441609139;-0.44591051;-0.470533333;-0.482906175
11.08.2006;-0.434740975;-0.43633781;-0.443989995;-0.464555918;-0.468827116
18.08.2006;-0.430860439;-0.433810702;-0.455567118;-0.456977778;-0.475158777
25.08.2006;-0.422733803;-0.424872198;-0.439620461;-0.452708907;-0.471715157
01.09.2006;-0.431560198;-0.450984676;-0.460555556;-0.461042485;-0.499591837
08.09.2006;-0.463865603;-0.480361006;-0.466405238;-0.467987805;-0.57889649
15.09.2006;-0.471080247;-0.495230045;-0.492901235;-0.494781193;-0.569077551
22.09.2006;-0.450725845;-0.464058594;-0.448808612;-0.438609182;-0.54070216
29.09.2006;-0.431270029;-0.452479339;-0.455462258;-0.421064646;-0.463232912
06.10.2006;-0.425404082;-0.4288;-0.421831668;-0.437939848;-0.482617216
13.10.2006;-0.443897268;-0.452372904;-0.435911303;-0.442708333;-0.49055183
20.10.2006;-0.468627014;-0.48605;-0.490664218;-0.47993942;-0.488579644
27.10.2006;-0.462266156;-0.460181434;-0.462699725;-0.473052737;-0.527866805
03.11.2006;-0.450118064;-0.448417275;-0.442778419;-0.456060538;-0.487505501
10.11.2006;-0.461435206;-0.468614366;-0.471978082;-0.471711318;-0.527756782
17.11.2006;-0.461554898;-0.463386344;-0.480915078;-0.492219783;-0.488733213
24.11.2006;-0.440102758;-0.448080043;-0.480380623;-0.484012493;-0.569573563
01.12.2006;-0.452256944;-0.454620213;-0.463060945;-0.470474799;-0.501480419
08.12.2006;-0.468588626;-0.466712803;-0.496225867;-0.483539095;-0.566887269
15.12.2006;-0.471061391;-0.480818173;-0.508890811;-0.50999902;-0.547337937
22.12.2006;-0.441625016;-0.440529778;-0.455289127;-0.442322418;-0.479798207
29.12.2006;-0.470354947;-0.483163718;-0.523529814;-0.482875503;-0.591909263
05.01.2007;-0.497704564;-0.56226185;-0.521210938;-0.493652445;-0.58015928
12.01.2007;-0.503483772;-0.528132768;-0.513144841;-0.503103765;-0.586267337
19.01.2007;-0.462276906;-0.474812763;-0.490311419;-0.470278705;-0.539818625
26.01.2007;-0.461921187;-0.492905446;-0.543695247;-0.548101756;-0.497093407
02.02.2007;-0.463386344;-0.463386344;-0.476202366;-0.483853061;-0.55435734
09.02.2007;-0.447469136;-0.462716049;-0.517746914;-0.511902041;-0.520536233
16.02.2007;-0.427856445;-0.45213629;-0.503395229;-0.520291363;-0.508779917
23.02.2007;-0.44974305;-0.467365232;-0.54751189;-0.498980922;-0.557786762
02.03.2007;-0.495290781;-0.514407759;-0.552431638;-0.558410173;-0.519669421
09.03.2007;-0.46468144;-0.46033241;-0.50617284;-0.503381894;-0.50364204
16.03.2007;-0.469138724;-0.475928714;-0.488131488;-0.52411345;-0.504312909
23.03.2007;-0.469773103;-0.477671622;-0.522143504;-0.505861224;-0.493307193
30.03.2007;-0.449501326;-0.451339015;-0.47831083;-0.469778476;-0.504078989
06.04.2007;-0.432591051;-0.444700756;-0.486223247;-0.479912345;-0.459587191
13.04.2007;-0.465176547;-0.473691517;-0.522140309;-0.558024202;-0.597182
20.04.2007;-0.462753002;-0.479855138;-0.493407239;-0.503403437;-0.495189824
27.04.2007;-0.461707518;-0.471353133;-0.484573119;-0.499274082;-0.60172408
04.05.2007;-0.433431611;-0.447158554;-0.463900657;-0.480588093;-0.574068754
11.05.2007;-0.453834845;-0.464161497;-0.482806841;-0.486244261;-0.566838411
18.05.2007;-0.422112029;-0.426494646;-0.441069304;-0.454491515;-0.520832466
25.05.2007;-0.439258819;-0.442681012;-0.47323273;-0.484649441;-0.513267342
01.06.2007;-0.485659106;-0.502684703;-0.478668054;-0.469753615;-0.604240946
08.06.2007;-0.484991888;-0.489039363;-0.469814765;-0.481257086;-0.570159131
15.06.2007;-0.422391529;-0.425072672;-0.434981921;-0.451284156;-0.532782369
22.06.2007;-0.446708904;-0.446708904;-0.478064638;-0.51348702;-0.494579082
29.06.2007;-0.424458559;-0.42069691;-0.450887574;-0.45676394;-0.51913516
06.07.2007;-0.437877551;-0.456714224;-0.448695245;-0.49704142;-0.523406881
13.07.2007;-0.452794481;-0.467962963;-0.523891264;-0.490153667;-0.560414551
20.07.2007;-0.417283951;-0.435433884;-0.446657418;-0.454320254;-0.531426912
27.07.2007;-0.450617284;-0.451287528;-0.454768403;-0.479210062;-0.489742036
03.08.2007;-0.414876543;-0.41537037;-0.420492494;-0.440773724;-0.445468358
10.08.2007;-0.459643465;-0.466731071;-0.466182926;-0.481181893;-0.538479324
17.08.2007;-0.46860163;-0.477470214;-0.52345777;-0.516109246;-0.565322449
24.08.2007;-0.422438827;-0.437072748;-0.453222616;-0.441133741;-0.492465374
31.08.2007;-0.409544249;-0.419483546;-0.428803984;-0.438763377;-0.486611265
07.09.2007;-0.420317119;-0.42455969;-0.452031379;-0.438469461;-0.492072929
14.09.2007;-0.420227873;-0.426784749;-0.43367684;-0.433321799;-0.48073015
21.09.2007;-0.432542183;-0.429905015;-0.454307663;-0.448825524;-0.508798417
28.09.2007;-0.403208465;-0.402755772;-0.416522141;-0.408223644;-0.485205401
05.10.2007;-0.412016327;-0.417987845;-0.438270574;-0.417024221;-0.510968174
12.10.2007;-0.418452996;-0.421289796;-0.414595918;-0.432680141;-0.502222222
19.10.2007;-0.438860521;-0.444354863;-0.462957372;-0.460052986;-0.549048751
26.10.2007;-0.415695842;-0.420831025;-0.435717519;-0.426974876;-0.512469094
02.11.2007;-0.415748393;-0.414905248;-0.404880311;-0.413411458;-0.450314098
09.11.2007;-0.420460224;-0.42887574;-0.434662641;-0.446830787;-0.507768195
16.11.2007;-0.456301609;-0.462495813;-0.450072886;-0.472113715;-0.496481994
23.11.2007;-0.444565186;-0.444079041;-0.461124909;-0.449612856;-0.505875889
30.11.2007;-0.450211628;-0.446575;-0.441326531;-0.44124349;-0.496395384
07.12.2007;-0.442669602;-0.440064691;-0.465359158;-0.466246039;-0.532431495
14.12.2007;-0.436273102;-0.4308149;-0.453576963;-0.44530321;-0.471290312
21.12.2007;-0.449676824;-0.444205055;-0.439554051;-0.465452329;-0.48285596
28.12.2007;-0.42147553;-0.428734478;-0.434865103;-0.446903935;-0.498997506
04.01.2008;-0.431599843;-0.451374966;-0.456817959;-0.454;-0.530820491
11.01.2008;-0.464247206;-0.506508876;-0.482524655;-0.510322425;-0.483917024
18.01.2008;-0.469075;-0.488624025;-0.462911948;-0.480788955;-0.508448753
25.01.2008;-0.431838192;-0.439190958;-0.473027737;-0.474861746;-0.463608913
01.02.2008;-0.440110803;-0.437725708;-0.468990493;-0.463386344;-0.474537037
08.02.2008;-0.432578524;-0.449612856;-0.460270537;-0.46078462;-0.488038126
15.02.2008;-0.433521803;-0.442718824;-0.439025586;-0.467928994;-0.52643024
22.02.2008;-0.428553749;-0.447934457;-0.488169491;-0.510335849;-0.507997662
29.02.2008;-0.424220827;-0.428571429;-0.438631734;-0.463943384;-0.475409836
07.03.2008;-0.482357317;-0.477707514;-0.524875346;-0.541431515;-0.475661626
14.03.2008;-0.425295445;-0.426600333;-0.446083717;-0.467554331;-0.494235282
21.03.2008;-0.433018114;-0.429007232;-0.473188692;-0.502449539;-0.480554017
28.03.2008;-0.447990001;-0.462988471;-0.491461891;-0.51634349;-0.537594912
04.04.2008;-0.435349476;-0.438503997;-0.448175;-0.451163779;-0.497829861
11.04.2008;-0.447777778;-0.448982395;-0.47064534;-0.486207228;-0.487403196
18.04.2008;-0.42779216;-0.434980584;-0.475516071;-0.475384273;-0.463192531
25.04.2008;-0.415873702;-0.423815186;-0.447675;-0.435800974;-0.472195095
02.05.2008;-0.45038094;-0.449077551;-0.46635102;-0.474152249;-0.501189768
09.05.2008;-0.418677538;-0.412904138;-0.442554652;-0.433647439;-0.473945341
16.05.2008;-0.451042787;-0.447762574;-0.432542183;-0.444636678;-0.460068721
23.05.2008;-0.452386588;-0.459381986;-0.470409254;-0.462867111;-0.50103379
30.05.2008;-0.418426691;-0.432455872;-0.455936884;-0.417455461;-0.497961957
06.06.2008;-0.423094582;-0.420553936;-0.439927634;-0.419788415;-0.450348535
13.06.2008;-0.406828605;-0.410541387;-0.431125477;-0.440011812;-0.431676763
20.06.2008;-0.428707409;-0.434666783;-0.429591813;-0.442209727;-0.471522982
27.06.2008;-0.479925518;-0.494847465;-0.467265384;-0.490941828;-0.495781978
04.07.2008;-0.429026566;-0.4365486;-0.44387768;-0.443850416;-0.45330446
11.07.2008;-0.482929217;-0.47929604;-0.471938776;-0.463207066;-0.495755998
18.07.2008;-0.439613763;-0.444568204;-0.456175;-0.456658684;-0.493681642
25.07.2008;-0.425353701;-0.424992029;-0.455078125;-0.442425128;-0.481628072
01.08.2008;-0.449145362;-0.441197955;-0.459255278;-0.467962963;-0.476119699
08.08.2008;-0.445611333;-0.445611333;-0.44346781;-0.451573375;-0.445759369
15.08.2008;-0.442338162;-0.445537476;-0.456449963;-0.459753976;-0.481472819
22.08.2008;-0.418771798;-0.428103497;-0.45968046;-0.443448398;-0.47048105
29.08.2008;-0.435142382;-0.433621025;-0.470139326;-0.448908275;-0.490342882
05.09.2008;-0.41576087;-0.413486531;-0.420896798;-0.419994255;-0.439662965
12.09.2008;-0.422314815;-0.42;-0.43517562;-0.440035154;-0.433388187
19.09.2008;-0.415010553;-0.413795014;-0.433057945;-0.425078044;-0.424031057
26.09.2008;-0.423052895;-0.424378698;-0.458333333;-0.455782313;-0.446938717
03.10.2008;-0.429752066;-0.425800671;-0.439125911;-0.429718633;-0.428686725
10.10.2008;-0.434678473;-0.437763101;-0.437763101;-0.445130316;-0.449922842
17.10.2008;-0.41339407;-0.41235981;-0.423603885;-0.417592155;-0.429305145
24.10.2008;-0.422460267;-0.42379536;-0.422145329;-0.410549099;-0.439175
31.10.2008;-0.43149922;-0.435175;-0.447968486;-0.46742079;-0.441274238
07.11.2008;-0.429955418;-0.421039095;-0.444263973;-0.438543074;-0.470107651
14.11.2008;-0.43843711;-0.442156476;-0.441146774;-0.435414224;-0.432188692
21.11.2008;-0.416666667;-0.415290268;-0.421242495;-0.42952474;-0.434651693
28.11.2008;-0.425928894;-0.422070883;-0.435366061;-0.439952438;-0.427755341
05.12.2008;-0.41431702;-0.416449963;-0.425655718;-0.421740894;-0.435950413
12.12.2008;-0.416646975;-0.416566837;-0.421387874;-0.421293611;-0.459722222
19.12.2008;-0.413657501;-0.414823327;-0.42145532;-0.424114386;-0.434829096
26.12.2008;-0.419849537;-0.418740355;-0.437307099;-0.437760365;-0.444234694
02.01.2009;-0.429350029;-0.430836449;-0.448538354;-0.441950059;-0.463054428
09.01.2009;-0.40936778;-0.411211464;-0.421664744;-0.414319967;-0.42503316
16.01.2009;-0.442773229;-0.452362941;-0.460726632;-0.445388143;-0.440201941
23.01.2009;-0.449684711;-0.451754908;-0.438905413;-0.442602041;-0.433353088
30.01.2009;-0.434988662;-0.435812685;-0.436719643;-0.425756788;-0.426600333
06.02.2009;-0.429382479;-0.434666783;-0.449967431;-0.463568668;-0.444889978
13.02.2009;-0.436874854;-0.443958897;-0.439697134;-0.43153774;-0.456043315
20.02.2009;-0.42619431;-0.42508719;-0.436894853;-0.438107968;-0.44120973
27.02.2009;-0.441480548;-0.445447262;-0.44462249;-0.445236504;-0.460013149
06.03.2009;-0.437798948;-0.446468431;-0.456092019;-0.450031736;-0.451100972
13.03.2009;-0.427002358;-0.426664293;-0.433940014;-0.428781492;-0.439675
20.03.2009;-0.451018586;-0.45783032;-0.450831619;-0.453314166;-0.478286734
27.03.2009;-0.446589396;-0.442522321;-0.459084024;-0.458719136;-0.488754476
03.04.2009;-0.45877551;-0.463267782;-0.474312909;-0.46094978;-0.510532544
10.04.2009;-0.411717452;-0.422493075;-0.421542553;-0.430263469;-0.450428692
17.04.2009;-0.427140039;-0.431823673;-0.431018887;-0.432746718;-0.43901029
24.04.2009;-0.461312586;-0.474050838;-0.477969539;-0.480849797;-0.49522903
01.05.2009;-0.432564566;-0.43218316;-0.453743044;-0.462964011;-0.447772096
08.05.2009;-0.431640625;-0.431522696;-0.427582645;-0.436603569;-0.44255073
15.05.2009;-0.467689097;-0.465771066;-0.440544431;-0.442641375;-0.452975522
22.05.2009;-0.406975015;-0.407012195;-0.422367638;-0.424073999;-0.425723205
29.05.2009;-0.415539369;-0.4176187;-0.433128544;-0.436655725;-0.43359375
05.06.2009;-0.418297518;-0.423910825;-0.427303645;-0.430794477;-0.419929833
12.06.2009;-0.413723635;-0.413333333;-0.413033301;-0.424391837;-0.415968091
19.06.2009;-0.411612136;-0.416061868;-0.41711762;-0.423751925;-0.413359632
26.06.2009;-0.415136211;-0.428206997;-0.41625885;-0.447036011;-0.425598335
03.07.2009;-0.429905015;-0.433382034;-0.429833289;-0.446175602;-0.463195266
10.07.2009;-0.43203509;-0.434393529;-0.435255273;-0.448352171;-0.444806663
17.07.2009;-0.428279954;-0.422960069;-0.42337107;-0.425626181;-0.436710562
24.07.2009;-0.420400927;-0.415339301;-0.413280334;-0.416111111;-0.434814815
31.07.2009;-0.413043478;-0.412472147;-0.406481481;-0.415118367;-0.423252595
07.08.2009;-0.405132641;-0.404280618;-0.405469679;-0.425873084;-0.420005669
14.08.2009;-0.40752937;-0.413038549;-0.411292517;-0.423426921;-0.433364376
21.08.2009;-0.404554983;-0.407701294;-0.409109114;-0.411311945;-0.430905176
28.08.2009;-0.401499108;-0.403334223;-0.406896383;-0.406263015;-0.433344895
04.09.2009;-0.408507131;-0.411258139;-0.408364256;-0.408034455;-0.422228717
11.09.2009;-0.422914264;-0.422189001;-0.430905176;-0.423078967;-0.451045666
18.09.2009;-0.407911907;-0.408827637;-0.417343925;-0.417381469;-0.430106419
25.09.2009;-0.406363101;-0.406678731;-0.413280178;-0.40585034;-0.433078624
02.10.2009;-0.414694938;-0.41355552;-0.421887518;-0.415774835;-0.440510397
09.10.2009;-0.411478061;-0.41205135;-0.419324973;-0.422970808;-0.43738443
16.10.2009;-0.416210757;-0.418595679;-0.429918875;-0.421631511;-0.445213379
23.10.2009;-0.409376112;-0.408728465;-0.418341906;-0.423673296;-0.50125
30.10.2009;-0.416473765;-0.413477555;-0.416429721;-0.417512661;-0.435764426
06.11.2009;-0.436423788;-0.439441774;-0.444485026;-0.446771228;-0.474096289
13.11.2009;-0.405332043;-0.405912209;-0.40569273;-0.41034568;-0.443378941
20.11.2009;-0.403555486;-0.403535907;-0.408203125;-0.414527397;-0.450968723
27.11.2009;-0.408130629;-0.40731381;-0.418274177;-0.418049909;-0.505593565
04.12.2009;-0.409640944;-0.412374088;-0.4124021;-0.413381876;-0.469953926
11.12.2009;-0.408075999;-0.408756692;-0.417381469;-0.429675;-0.456663833
18.12.2009;-0.405858093;-0.408950617;-0.406485591;-0.414671202;-0.447774728
25.12.2009;-0.421130015;-0.417979416;-0.446124764;-0.43100189;-0.483131488
01.01.2010;-0.426401384;-0.432629758;-0.44716263;-0.463911846;-0.480709157
08.01.2010;-0.434362529;-0.431457466;-0.45092207;-0.461028192;-0.506171249
15.01.2010;-0.409181043;-0.410795502;-0.417653136;-0.413786964;-0.451335446
22.01.2010;-0.439453125;-0.432021557;-0.436064443;-0.425598335;-0.450952381
29.01.2010;-0.410727556;-0.412304867;-0.415972235;-0.41517037;-0.434327716
05.02.2010;-0.446459259;-0.443598533;-0.450783245;-0.441958162;-0.486894802
12.02.2010;-0.429096156;-0.425009452;-0.427699701;-0.42415184;-0.467195522
19.02.2010;-0.452771998;-0.446529429;-0.462971908;-0.481830997;-0.479070248
26.02.2010;-0.434888732;-0.434499077;-0.439461274;-0.434102496;-0.454517402
05.03.2010;-0.43480263;-0.440033893;-0.443723989;-0.45269794;-0.494613248
12.03.2010;-0.432136934;-0.435950413;-0.441983471;-0.456873963;-0.51138322
19.03.2010;-0.420629424;-0.416897507;-0.439135118;-0.446821774;-0.445730453
26.03.2010;-0.443450413;-0.457496716;-0.446652893;-0.453838763;-0.445558009
02.04.2010;-0.43268221;-0.42505076;-0.43081346;-0.44334739;-0.450229071
09.04.2010;-0.415420863;-0.417276537;-0.42359417;-0.443498574;-0.472630385
16.04.2010;-0.448960852;-0.448147448;-0.467429112;-0.459960938;-0.499239569
23.04.2010;-0.433291117;-0.444733164;-0.444620776;-0.453818417;-0.458477509
30.04.2010;-0.415102066;-0.420712107;-0.430785124;-0.426333162;-0.462011506
07.05.2010;-0.412088043;-0.42415229;-0.410008823;-0.408950576;-0.441901264
14.05.2010;-0.427236096;-0.438392588;-0.44124349;-0.453382031;-0.45067344
21.05.2010;-0.412190755;-0.419026693;-0.419243707;-0.416969316;-0.435149744
28.05.2010;-0.428911211;-0.422502315;-0.422165643;-0.421037263;-0.434693635
04.06.2010;-0.424960107;-0.441191136;-0.433274544;-0.454513233;-0.464529821
11.06.2010;-0.436987463;-0.439603167;-0.442619474;-0.441226702;-0.466574556
18.06.2010;-0.452340691;-0.450792391;-0.449514952;-0.45122966;-0.488555044
25.06.2010;-0.414853545;-0.417145558;-0.426997245;-0.430935671;-0.44518595
02.07.2010;-0.421957815;-0.429140076;-0.434072472;-0.441337868;-0.477718195
09.07.2010;-0.416437089;-0.429789459;-0.429246516;-0.437736722;-0.449778483
16.07.2010;-0.42728719;-0.419651056;-0.423751925;-0.413487087;-0.443020961
23.07.2010;-0.419714604;-0.437673368;-0.437673368;-0.43901029;-0.48095679
30.07.2010;-0.420057765;-0.436872659;-0.434785095;-0.43901029;-0.477498709
06.08.2010;-0.436548632;-0.430086895;-0.436528604;-0.453801939;-0.492905446
13.08.2010;-0.431725242;-0.42568505;-0.428838568;-0.43308642;-0.473050154
20.08.2010;-0.452075;-0.466175;-0.501147842;-0.535745926;-0.521394699
27.08.2010;-0.438653403;-0.432982507;-0.473837002;-0.475920824;-0.459990629
03.09.2010;-0.451285424;-0.44682433;-0.466698732;-0.477671622;-0.516109246
10.09.2010;-0.476787626;-0.477495523;-0.459298037;-0.46945;-0.498672988
17.09.2010;-0.506152618;-0.502986185;-0.487764792;-0.48411033;-0.537482993
24.09.2010;-0.480155832;-0.472799492;-0.469297971;-0.464934842;-0.531787276
01.10.2010;-0.491496599;-0.491723007;-0.484176007;-0.474690191;-0.560844423
08.10.2010;-0.513478261;-0.50611163;-0.473741921;-0.468579702;-0.517339506
15.10.2010;-0.483988658;-0.482173913;-0.454832256;-0.455446914;-0.507644628
22.10.2010;-0.500989128;-0.487771573;-0.463384745;-0.478651968;-0.495119253
29.10.2010;-0.504312909;-0.494827155;-0.481859715;-0.472071181;-0.496419492
05.11.2010;-0.504561829;-0.497670139;-0.473254145;-0.473259523;-0.526548965
12.11.2010;-0.506465045;-0.497807669;-0.480484076;-0.471074541;-0.516479318
19.11.2010;-0.488721488;-0.484891844;-0.457309064;-0.46862395;-0.503363981
26.11.2010;-0.438145247;-0.425687143;-0.429401032;-0.432154195;-0.461467622
03.12.2010;-0.468075;-0.46405;-0.47045;-0.465201371;-0.483045969
10.12.2010;-0.454840454;-0.456462953;-0.462606626;-0.464724512;-0.522260559
17.12.2010;-0.450803804;-0.458252672;-0.450827157;-0.459019339;-0.502288277
24.12.2010;-0.481604208;-0.483576594;-0.490009565;-0.482077562;-0.510232076
31.12.2010;-0.477058313;-0.473502981;-0.469754414;-0.471260633;-0.507637925
07.01.2011;-0.519428691;-0.511600238;-0.512956573;-0.512447709;-0.516916179
14.01.2011;-0.474028926;-0.473638951;-0.490161954;-0.490146025;-0.50496949
21.01.2011;-0.497545072;-0.51660271;-0.521422222;-0.496735537;-0.507923913
28.01.2011;-0.502914952;-0.518925754;-0.50016846;-0.496648484;-0.487699123
04.02.2011;-0.496233259;-0.49734933;-0.495754943;-0.495328676;-0.51621151
11.02.2011;-0.503270003;-0.517417377;-0.492266427;-0.498719008;-0.514210391
18.02.2011;-0.481210941;-0.490544599;-0.483305785;-0.472508516;-0.496666667
25.02.2011;-0.555286242;-0.565168475;-0.539744694;-0.5309945;-0.526922661
04.03.2011;-0.480951814;-0.486781678;-0.46950692;-0.464439761;-0.474672012
11.03.2011;-0.506869806;-0.507908226;-0.489418283;-0.473594045;-0.517839506
18.03.2011;-0.498622534;-0.498622534;-0.494850638;-0.498653312;-0.475801143
25.03.2011;-0.459978116;-0.456927026;-0.46407866;-0.457747402;-0.457909578
01.04.2011;-0.460517534;-0.460441258;-0.466600561;-0.46356824;-0.426162649
08.04.2011;-0.431124331;-0.438262939;-0.426758939;-0.435055387;-0.451433527
15.04.2011;-0.436802721;-0.434512472;-0.427210916;-0.42707912;-0.473537334
22.04.2011;-0.439921229;-0.458128874;-0.460963265;-0.458680143;-0.464440238
29.04.2011;-0.424922145;-0.431268449;-0.423857979;-0.430402278;-0.444631147
06.05.2011;-0.423401361;-0.42;-0.422036797;-0.429250892;-0.475419077
13.05.2011;-0.415512465;-0.41478458;-0.415581145;-0.413967876;-0.468375
20.05.2011;-0.427214312;-0.449111998;-0.431402583;-0.442481129;-0.498021658
27.05.2011;-0.421587844;-0.42421098;-0.422723001;-0.424766078;-0.46731405
03.06.2011;-0.426018519;-0.427642624;-0.419107436;-0.434645217;-0.475928714
10.06.2011;-0.430912537;-0.437569342;-0.433670434;-0.430375;-0.471610782
17.06.2011;-0.427211434;-0.447968486;-0.436342086;-0.43269099;-0.474823679
24.06.2011;-0.414869576;-0.419292355;-0.415149186;-0.423894558;-0.479850145
01.07.2011;-0.410952381;-0.42428058;-0.415031707;-0.415777586;-0.517946868
08.07.2011;-0.419030471;-0.429695291;-0.421516755;-0.423257024;-0.464685871
15.07.2011;-0.42598338;-0.417119114;-0.418828105;-0.426757425;-0.48712963
22.07.2011;-0.419108073;-0.417860243;-0.422822839;-0.430341784;-0.486963811
29.07.2011;-0.411044558;-0.43558802;-0.415718594;-0.424031057;-0.506539834
05.08.2011;-0.414533269;-0.426488347;-0.41537037;-0.418302531;-0.461685824
12.08.2011;-0.435482742;-0.43658686;-0.436835217;-0.438583834;-0.470845481
19.08.2011;-0.425261751;-0.424370684;-0.435162496;-0.433375;-0.467401286
26.08.2011;-0.428880476;-0.436560303;-0.442401298;-0.447728625;-0.540172054
02.09.2011;-0.4215625;-0.427793631;-0.435776357;-0.440254932;-0.492984694
09.09.2011;-0.432834467;-0.440376452;-0.461076183;-0.448295176;-0.470805178
16.09.2011;-0.40715643;-0.407980587;-0.418866251;-0.419694348;-0.46714621
23.09.2011;-0.44311132;-0.452017772;-0.450653356;-0.455264708;-0.491444024
30.09.2011;-0.424606515;-0.427127355;-0.437830491;-0.436090723;-0.503228391
07.10.2011;-0.414640362;-0.423568244;-0.414997024;-0.432653061;-0.488735979
14.10.2011;-0.418819576;-0.417489323;-0.420630577;-0.419575;-0.438169575
21.10.2011;-0.426893109;-0.431358899;-0.446967328;-0.444201406;-0.472562441
28.10.2011;-0.429941149;-0.427775656;-0.433265306;-0.424692426;-0.474007754
04.11.2011;-0.433316383;-0.431744638;-0.456695422;-0.470411183;-0.480979355
11.11.2011;-0.430123967;-0.44053719;-0.438481266;-0.44165304;-0.546613564
18.11.2011;-0.408826487;-0.413091897;-0.415160681;-0.420129271;-0.460371409
25.11.2011;-0.440161154;-0.422361111;-0.435830221;-0.42629244;-0.468784568
02.12.2011;-0.425047154;-0.423332476;-0.452244456;-0.447923452;-0.473728066
09.12.2011;-0.437189567;-0.453291129;-0.44561206;-0.451383944;-0.520158419
16.12.2011;-0.431190923;-0.440558576;-0.433675668;-0.437455101;-0.489349205
23.12.2011;-0.407418417;-0.413793103;-0.434119794;-0.435046076;-0.473639203
30.12.2011;-0.418787436;-0.425566107;-0.460748305;-0.449475309;-0.497534694
06.01.2012;-0.430039645;-0.446579632;-0.461552478;-0.454487535;-0.505165029
13.01.2012;-0.420834572;-0.422499578;-0.469259772;-0.464963329;-0.54378858
20.01.2012;-0.425954317;-0.437831124;-0.45710314;-0.447185766;-0.538889859
27.01.2012;-0.410396883;-0.409758195;-0.438491736;-0.427788453;-0.459868979
03.02.2012;-0.415002873;-0.417839701;-0.428208781;-0.424111265;-0.498133333
10.02.2012;-0.436647325;-0.444895108;-0.464059259;-0.471570651;-0.517291543
17.02.2012;-0.428747307;-0.435191597;-0.436807479;-0.440609056;-0.477286253
24.02.2012;-0.440270083;-0.438685012;-0.456138272;-0.477436896;-0.518123854
02.03.2012;-0.46873007;-0.468112245;-0.468861228;-0.467391535;-0.509637642
09.03.2012;-0.440971074;-0.435124372;-0.442092416;-0.450638101;-0.492834689
16.03.2012;-0.434353741;-0.432086168;-0.431048566;-0.430483468;-0.481840894
23.03.2012;-0.440203927;-0.440545443;-0.435541377;-0.443752225;-0.459030549
30.03.2012;-0.430185068;-0.43905342;-0.433102653;-0.432390287;-0.480335043
06.04.2012;-0.456334398;-0.445569009;-0.451527113;-0.444204868;-0.540152156
13.04.2012;-0.445758477;-0.438120167;-0.45784727;-0.462805019;-0.502216066
20.04.2012;-0.445044116;-0.435465748;-0.460680529;-0.450639446;-0.487227506
27.04.2012;-0.462538825;-0.456604631;-0.492577288;-0.505492503;-0.479685378
04.05.2012;-0.429428412;-0.427176339;-0.421942212;-0.416694215;-0.458254161
11.05.2012;-0.427119343;-0.436345322;-0.451090976;-0.43945;-0.458579196
18.05.2012;-0.430461788;-0.430577524;-0.4440625;-0.458662064;-0.480943818
25.05.2012;-0.441349235;-0.440614988;-0.439455782;-0.435692782;-0.446474097
01.06.2012;-0.450175;-0.441226702;-0.449104821;-0.46428951;-0.545127886
08.06.2012;-0.414801125;-0.414911243;-0.433300223;-0.42795047;-0.461064863
15.06.2012;-0.442546104;-0.436597264;-0.473197602;-0.475130089;-0.527701255
22.06.2012;-0.475634371;-0.507280854;-0.548490965;-0.540175;-0.621224731
29.06.2012;-0.431158775;-0.441432133;-0.448845036;-0.450127438;-0.50354789
06.07.2012;-0.424012856;-0.445719825;-0.45530572;-0.452003023;-0.488033299
13.07.2012;-0.418685121;-0.433102653;-0.434371133;-0.427217826;-0.473695398
20.07.2012;-0.413328306;-0.416674522;-0.451268743;-0.458701517;-0.508329863
27.07.2012;-0.415367897;-0.427979067;-0.43112471;-0.429305145;-0.473044144
03.08.2012;-0.455251479;-0.469649233;-0.468762398;-0.465830054;-0.572341467
10.08.2012;-0.417775134;-0.413206459;-0.421474716;-0.423052397;-0.473171658
17.08.2012;-0.445231154;-0.429274261;-0.450472951;-0.447346084;-0.515456547
24.08.2012;-0.447215852;-0.449578301;-0.46382643;-0.460321811;-0.515325055
31.08.2012;-0.462828361;-0.45857438;-0.484531439;-0.472209861;-0.528424788
07.09.2012;-0.492308518;-0.484791538;-0.491379074;-0.480110955;-0.558240741
14.09.2012;-0.452222222;-0.443350656;-0.462306266;-0.4567;-0.532538526
21.09.2012;-0.504142454;-0.503185605;-0.507545175;-0.51392715;-0.56735941
28.09.2012;-0.501346688;-0.484375;-0.490633573;-0.485493058;-0.513125648
05.10.2012;-0.494040022;-0.475390864;-0.47188609;-0.477100154;-0.531786099
12.10.2012;-0.494238774;-0.476201009;-0.465804661;-0.459428771;-0.51319804
19.10.2012;-0.511569954;-0.505671481;-0.476530612;-0.482093992;-0.507310421
26.10.2012;-0.500041322;-0.487644628;-0.467901208;-0.47278979;-0.504877034
02.11.2012;-0.498750273;-0.480016501;-0.471571415;-0.468175;-0.476905787
09.11.2012;-0.468888737;-0.462905253;-0.454071182;-0.461757616;-0.5312
16.11.2012;-0.492109797;-0.476283482;-0.473727604;-0.468085562;-0.51257984
23.11.2012;-0.475067218;-0.470261818;-0.481772261;-0.486313152;-0.490008282
30.11.2012;-0.489835491;-0.48214174;-0.487842171;-0.491220439;-0.526699029
07.12.2012;-0.466085696;-0.474492151;-0.47934173;-0.474628099;-0.500270416
14.12.2012;-0.466860632;-0.472209861;-0.483457245;-0.489372231;-0.506274597
21.12.2012;-0.462538825;-0.467892225;-0.473395346;-0.471001519;-0.507700831
28.12.2012;-0.467231834;-0.474539174;-0.482746828;-0.473214286;-0.510057729
04.01.2013;-0.494278062;-0.484416849;-0.522862326;-0.51815116;-0.5166326
11.01.2013;-0.566984104;-0.57693087;-0.550510397;-0.542801987;-0.551552303
18.01.2013;-0.532286493;-0.537686728;-0.520651879;-0.520313943;-0.565706127
25.01.2013;-0.534095806;-0.534938886;-0.514229402;-0.51515851;-0.530492666
01.02.2013;-0.515942958;-0.501504389;-0.507115785;-0.518872868;-0.533311339
08.02.2013;-0.544704651;-0.537698413;-0.516928;-0.513421057;-0.52764243
15.02.2013;-0.571468702;-0.57192287;-0.55553862;-0.543629922;-0.534817182
22.02.2013;-0.546701389;-0.511175058;-0.526536895;-0.525274102;-0.50241966
01.03.2013;-0.513745994;-0.499145363;-0.494803684;-0.502644628;-0.486578899
08.03.2013;-0.467517045;-0.46624762;-0.478657025;-0.475914927;-0.51993592
15.03.2013;-0.459352986;-0.459555556;-0.464621349;-0.464312768;-0.489653791
22.03.2013;-0.497807189;-0.505481481;-0.497033924;-0.508059207;-0.509183342
29.03.2013;-0.481398975;-0.478131729;-0.5;-0.482113977;-0.493850416
05.04.2013;-0.476760122;-0.481302373;-0.495606186;-0.506190405;-0.473822481
05.04.2013;-0.476760122;-0.481302373;-0.495606186;-0.506190405;-0.473822481
12.04.2013;-0.454479815;-0.455632716;-0.472972394;-0.479750921;-0.502598384
19.04.2013;-0.471815372;-0.475728971;-0.475422255;-0.491751924;-0.525397592
26.04.2013;-0.487089581;-0.477823431;-0.487690672;-0.480986294;-0.5190625
03.05.2013;-0.471134143;-0.472234924;-0.485383512;-0.490412861;-0.504299525
10.05.2013;-0.453474135;-0.456075911;-0.46381716;-0.458919668;-0.504155125
17.05.2013;-0.480964039;-0.499387755;-0.500286166;-0.513620511;-0.492791234
24.05.2013;-0.476338873;-0.460757156;-0.468663435;-0.471268566;-0.477478817
31.05.2013;-0.465101461;-0.462018267;-0.475375;-0.478471489;-0.476857264
07.06.2013;-0.458429517;-0.451260455;-0.467614815;-0.459978116;-0.459785316
14.06.2013;-0.484469262;-0.476335823;-0.482907253;-0.486793844;-0.450511322
21.06.2013;-0.468243802;-0.455557641;-0.457559267;-0.453673469;-0.482122261
28.06.2013;-0.49311898;-0.488850187;-0.495242028;-0.489571035;-0.525746692
05.07.2013;-0.472983571;-0.467636555;-0.47401313;-0.469229154;-0.514469305
12.07.2013;-0.471065429;-0.464843169;-0.467901208;-0.472539548;-0.525163593
19.07.2013;-0.452088648;-0.449234853;-0.453216433;-0.46285124;-0.49369856
26.07.2013;-0.465563081;-0.493989349;-0.520772966;-0.486645399;-0.548934405
02.08.2013;-0.440128436;-0.444555166;-0.457651343;-0.457962581;-0.506349206
09.08.2013;-0.441465618;-0.454750771;-0.449971811;-0.445079928;-0.479014682
16.08.2013;-0.471046208;-0.477241926;-0.479294672;-0.484867496;-0.583025148
23.08.2013;-0.450836474;-0.459631026;-0.472855915;-0.482040496;-0.480922199
30.08.2013;-0.509621107;-0.512993948;-0.487695799;-0.485822306;-0.506401354
06.09.2013;-0.495955388;-0.501069012;-0.485493058;-0.483924452;-0.497539231
13.09.2013;-0.487225652;-0.504158093;-0.480516975;-0.487882123;-0.529652057
20.09.2013;-0.497652793;-0.487649092;-0.492594034;-0.494984283;-0.501836547
27.09.2013;-0.515702091;-0.519578667;-0.517438616;-0.517384222;-0.555105453
04.10.2013;-0.493055556;-0.507073045;-0.473913906;-0.470901372;-0.521269626
11.10.2013;-0.491848607;-0.505785423;-0.465043006;-0.465572979;-0.520283554
18.10.2013;-0.492634526;-0.500507264;-0.489793848;-0.482574588;-0.487709751
25.10.2013;-0.475336323;-0.472262803;-0.465503026;-0.468839265;-0.485292809
01.11.2013;-0.517197232;-0.517750865;-0.495290781;-0.493567817;-0.49827752
08.11.2013;-0.473520988;-0.476088889;-0.481540741;-0.476423497;-0.496960519
15.11.2013;-0.475413848;-0.485186766;-0.496065595;-0.496948964;-0.53243605
22.11.2013;-0.464922665;-0.473520988;-0.456830134;-0.463155458;-0.524697481
29.11.2013;-0.436897956;-0.44217284;-0.455830527;-0.4524724;-0.50010521
06.12.2013;-0.473287982;-0.479338843;-0.461836735;-0.473819399;-0.5242
13.12.2013;-0.464650601;-0.468888843;-0.453139009;-0.465084877;-0.492583041
20.12.2013;-0.480430839;-0.486326531;-0.5018658;-0.474480969;-0.516219723
27.12.2013;-0.467049691;-0.477275059;-0.518621114;-0.509885204;-0.514225577
03.01.2014;-0.486539781;-0.490254191;-0.489626825;-0.48490662;-0.497226028
10.01.2014;-0.481086758;-0.49921875;-0.471276746;-0.470022635;-0.504263413
17.01.2014;-0.481674368;-0.479187877;-0.51895215;-0.515041322;-0.521497771
24.01.2014;-0.499724047;-0.509192761;-0.519742129;-0.501833648;-0.497258189
31.01.2014;-0.510905318;-0.526825574;-0.482043208;-0.480541352;-0.509332674
07.02.2014;-0.486829812;-0.488845925;-0.49784458;-0.486232639;-0.497962879
14.02.2014;-0.467406448;-0.4702558;-0.472686381;-0.46609375;-0.469859665
21.02.2014;-0.463159801;-0.465264081;-0.479052524;-0.460174291;-0.501620234
28.02.2014;-0.472575826;-0.477092004;-0.48036192;-0.469095073;-0.45630825
07.03.2014;-0.444589676;-0.452980078;-0.462062926;-0.441915295;-0.473795834
14.03.2014;-0.498903704;-0.504928395;-0.522939254;-0.515106024;-0.534342888
21.03.2014;-0.452031807;-0.454110334;-0.457655955;-0.458047672;-0.486301658
