Datum;Eroeffnung;Hoch;Tief;Schluss;Volumen
  04.08.2006;116,33;116,99;116,15;116,88;1.244.310
  07.08.2006;116,87;117,02;116,83;116,92;469.216
  08.08.2006;116,87;117,10;116,82;117,10;515.715
  09.08.2006;116,99;116,99;116,61;116,78;704.688
  10.08.2006;116,75;117,08;116,66;116,76;840.955
  11.08.2006;116,77;116,78;116,23;116,23;969.033
  14.08.2006;116,18;116,18;115,95;116,02;564.534
  15.08.2006;116,01;116,45;115,91;116,35;832.898
  16.08.2006;116,33;116,78;116,26;116,70;1.045.747
  17.08.2006;116,78;117,04;116,73;116,81;939.104
  18.08.2006;116,84;117,04;116,65;116,98;728.310
  21.08.2006;117,39;117,90;117,31;117,83;1.430.409
  22.08.2006;117,39;117,90;117,31;117,83;1.430.409
  23.08.2006;117,78;117,83;117,55;117,77;958.308
  24.08.2006;117,80;117,99;117,48;117,84;1.130.682
  25.08.2006;117,99;118,11;117,82;118,01;597.875
  28.08.2006;117,99;118,04;117,84;117,96;248.061
  29.08.2006;117,85;117,94;117,62;117,91;752.916
  30.08.2006;117,93;117,98;117,71;117,91;809.704
  31.08.2006;116,78;118,35;115,91;118,27;1.316.848
  01.09.2006;118,31;118,49;118,18;118,45;1.435.715
  04.09.2006;118,36;118,40;118,29;118,39;596.324
  05.09.2006;118,32;118,33;117,95;117,95;1.816.055
  06.09.2006;117,97;118,05;117,59;117,72;1.711.006
  07.09.2006;117,77;117,77;116,69;117,20;1.384.313
  08.09.2006;117,15;117,47;117,10;117,32;1.019.900
  11.09.2006;117,31;117,42;117,11;117,21;1.012.071
  12.09.2006;117,15;117,19;116,84;117,16;1.345.189
  13.09.2006;117,14;117,40;117,10;117,34;1.168.418
  14.09.2006;117,28;117,39;117,14;117,15;931.780
  15.09.2006;117,12;117,59;117,07;117,24;1.224.918
  18.09.2006;117,24;117,24;116,85;117,09;1.094.139
  19.09.2006;117,03;117,50;116,93;117,50;1.664.493
  20.09.2006;117,47;117,62;117,37;117,39;886.948
  21.09.2006;117,38;118,02;117,28;118,02;1.070.096
  22.09.2006;117,98;118,28;117,84;118,24;1.385.108
  25.09.2006;118,19;118,59;118,16;118,59;1.258.792
  26.09.2006;118,52;118,63;118,31;118,47;1.337.159
  27.09.2006;118,40;118,70;118,24;118,38;1.492.033
  28.09.2006;118,35;118,48;118,20;118,42;1.224.892
  29.09.2006;118,47;118,57;118,02;118,11;1.429.140
  30.09.2006;118,31;118,70;116,84;118,10;0
  02.10.2006;118,01;118,38;117,83;118,27;1.133.953
  03.10.2006;118,23;118,35;117,82;117,95;1.231.576
  04.10.2006;117,88;118,35;117,76;118,35;1.348.067
  05.10.2006;118,25;118,37;118,04;118,10;1.234.759
  06.10.2006;118,13;118,60;117,67;117,68;1.620.512
  09.10.2006;117,78;117,80;117,63;117,71;526.864
  10.10.2006;117,67;117,71;117,20;117,21;1.584.392
  11.10.2006;117,28;117,46;117,03;117,09;1.235.097
  12.10.2006;117,06;117,47;117,03;117,28;1.186.446
  13.10.2006;117,27;117,50;116,98;117,04;1.238.821
  16.10.2006;116,96;117,19;116,95;117,09;842.967
  17.10.2006;117,08;117,40;117,07;117,24;1.171.175
  18.10.2006;117,22;117,37;117,04;117,19;1.360.806
  19.10.2006;117,14;117,25;116,86;116,97;1.405.271
  20.10.2006;116,96;117,23;116,91;116,98;866.958
  23.10.2006;116,95;116,95;116,58;116,65;978.633
  24.10.2006;116,58;116,79;116,53;116,63;1.104.602
  25.10.2006;116,60;116,73;116,43;116,73;1.004.515
  26.10.2006;116,72;116,84;116,59;116,82;1.139.749
  27.10.2006;116,78;117,31;116,70;117,23;1.491.200
  30.10.2006;117,24;117,45;117,18;117,43;990.113
  31.10.2006;118,01;118,60;116,43;117,82;1.538.571
  01.11.2006;117,82;118,20;117,72;118,18;1.253.763
  02.11.2006;118,07;118,13;117,77;117,84;1.326.922
  03.11.2006;117,90;118,19;117,43;117,44;1.399.472
  06.11.2006;117,44;117,52;117,30;117,45;709.321
  07.11.2006;117,49;117,87;117,43;117,76;1.299.665
  08.11.2006;117,81;118,00;117,59;117,78;1.342.498
  09.11.2006;117,82;117,87;117,61;117,85;966.788
  10.11.2006;117,91;118,16;117,89;118,03;1.126.886
  13.11.2006;118,03;118,31;117,79;117,92;1.286.155
  14.11.2006;117,77;118,26;117,66;118,06;1.432.392
  15.11.2006;118,01;118,27;117,81;117,82;1.503.745
  16.11.2006;117,81;118,17;117,56;117,65;1.497.470
  17.11.2006;117,68;118,16;117,47;118,07;1.552.592
  20.11.2006;118,13;118,29;118,07;118,24;829.802
  21.11.2006;118,30;118,40;118,08;118,27;918.967
  22.11.2006;118,27;118,32;118,10;118,25;821.715
  23.11.2006;118,21;118,32;117,90;118,02;744.815
  24.11.2006;118,09;118,49;117,98;118,32;901.069
  27.11.2006;118,31;118,43;118,04;118,40;1.030.732
  28.11.2006;118,39;118,55;118,25;118,44;1.296.969
  29.11.2006;118,42;118,47;118,12;118,13;1.212.409
  30.11.2006;117,82;118,55;117,30;118,48;1.576.695
  01.12.2006;118,52;118,88;118,34;118,73;1.614.615
  04.12.2006;118,68;118,73;118,59;118,68;1.072.533
  05.12.2006;118,69;118,80;118,43;118,63;1.767.005
  06.12.2006;118,61;118,70;118,36;118,44;1.092.980
  07.12.2006;118,66;118,82;118,31;118,42;1.164.233
  08.12.2006;118,40;118,67;118,05;118,08;1.357.545
  11.12.2006;118,11;118,24;117,99;118,08;771.313
  12.12.2006;118,11;118,20;117,97;118,12;811.392
  13.12.2006;118,22;118,53;117,79;117,84;1.460.496
  14.12.2006;117,90;117,98;117,53;117,58;1.116.757
  15.12.2006;117,51;117,87;117,27;117,33;1.250.490
  18.12.2006;117,34;117,46;117,06;117,15;614.139
  19.12.2006;117,21;117,36;116,81;116,82;1.061.601
  20.12.2006;116,87;117,03;116,73;116,89;630.029
  21.12.2006;116,88;116,96;116,66;116,95;558.656
  22.12.2006;116,87;116,98;116,49;116,68;387.555
  27.12.2006;116,47;116,73;116,21;116,24;312.262
  28.12.2006;116,20;116,35;115,96;116,12;421.887
  29.12.2006;116,15;116,37;116,01;116,03;241.123
  31.12.2006;118,52;118,88;115,96;116,03;0
  02.01.2007;116,01;116,44;116,01;116,24;520.440
  03.01.2007;116,24;116,46;116,13;116,25;1.023.902
  04.01.2007;116,25;116,42;116,15;116,36;886.995
  05.01.2007;116,38;116,55;115,75;115,99;1.243.703
  08.01.2007;116,01;116,05;115,84;115,98;761.674
  09.01.2007;115,94;115,98;115,63;115,65;1.311.637
  10.01.2007;115,65;115,84;115,52;115,58;1.291.230
  11.01.2007;115,58;115,77;115,34;115,50;1.441.660
  12.01.2007;115,56;115,65;115,15;115,19;1.304.030
  15.01.2007;115,21;115,34;115,19;115,28;363.421
  16.01.2007;115,30;115,61;115,21;115,41;1.321.266
  17.01.2007;115,47;115,72;115,27;115,31;1.255.344
  18.01.2007;115,32;115,39;114,84;115,39;1.949.278
  19.01.2007;115,38;115,58;115,23;115,25;1.369.106
  22.01.2007;115,23;115,61;115,18;115,52;868.963
  23.01.2007;115,48;115,75;115,38;115,38;1.294.805
  24.01.2007;115,44;115,55;115,29;115,36;1.299.452
  25.01.2007;115,37;115,55;114,95;115,00;1.612.918
  26.01.2007;115,00;115,07;114,72;114,90;1.437.465
  29.01.2007;114,93;115,02;114,65;114,67;1.019.345
  30.01.2007;114,67;114,94;114,67;114,86;1.252.974
  31.01.2007;116,01;116,55;114,62;114,97;1.837.652
  01.02.2007;114,97;115,34;114,91;114,96;1.637.811
  02.02.2007;114,95;115,34;114,85;115,28;1.553.468
  05.02.2007;115,25;115,58;115,25;115,47;1.015.847
  06.02.2007;115,46;115,65;115,38;115,62;1.196.352
  07.02.2007;115,62;115,68;115,41;115,60;1.242.792
  08.02.2007;115,55;115,62;115,31;115,40;1.213.818
  09.02.2007;115,41;115,45;114,94;115,00;1.358.047
  12.02.2007;115,01;115,07;114,76;114,84;1.103.229
  13.02.2007;114,77;114,90;114,68;114,74;1.320.861
  14.02.2007;114,79;115,13;114,70;115,03;1.633.097
  15.02.2007;114,98;115,55;114,95;115,43;1.768.714
  16.02.2007;115,51;115,63;115,35;115,42;1.294.200
  19.02.2007;115,41;115,41;115,23;115,28;296.286
  20.02.2007;115,29;115,41;114,96;115,39;1.277.153
  21.02.2007;115,40;115,55;115,21;115,45;1.368.998
  22.02.2007;115,41;115,47;115,05;115,05;1.311.092
  23.02.2007;115,05;115,52;114,97;115,45;1.228.802
  26.02.2007;115,44;115,98;115,44;115,93;1.457.678
  27.02.2007;115,95;116,66;115,91;116,53;1.715.740
  28.02.2007;114,97;116,66;114,68;116,21;1.881.516
  01.03.2007;116,34;116,64;116,08;116,30;2.190.378
  02.03.2007;116,38;116,56;116,23;116,51;1.302.509
  05.03.2007;116,72;116,89;116,60;116,73;1.869.994
  06.03.2007;116,59;116,72;116,47;116,55;1.973.938
  07.03.2007;116,62;116,79;116,51;116,79;1.192.237
  08.03.2007;116,12;116,16;115,85;116,10;1.435.619
  09.03.2007;116,06;116,19;115,74;115,84;1.235.646
  12.03.2007;115,84;116,18;115,66;116,07;1.246.137
  13.03.2007;116,14;116,46;116,04;116,45;1.670.122
  14.03.2007;116,55;116,63;116,33;116,33;1.800.836
  15.03.2007;116,33;116,42;116,19;116,34;1.195.854
  16.03.2007;116,35;116,45;116,12;116,30;1.118.486
  19.03.2007;116,19;116,22;116,06;116,13;755.325
  20.03.2007;116,13;116,33;116,02;116,26;1.094.952
  21.03.2007;116,25;116,43;115,90;116,32;1.078.517
  22.03.2007;116,32;116,45;115,80;115,87;1.521.891
  23.03.2007;115,84;115,97;115,45;115,45;1.598.794
  26.03.2007;115,49;115,64;115,25;115,35;1.398.261
  27.03.2007;115,35;115,46;115,22;115,26;1.245.682
  28.03.2007;115,34;115,42;115,02;115,13;1.452.501
  29.03.2007;115,12;115,17;114,94;115,00;1.202.923
  30.03.2007;114,99;115,39;114,79;114,93;1.617.060
  31.03.2007;116,34;116,89;114,79;114,92;0
  02.04.2007;114,88;115,14;114,78;114,81;934.092
  03.04.2007;114,85;114,90;114,59;114,59;1.172.902
  04.04.2007;114,57;114,95;114,57;114,80;1.118.617
  05.04.2007;114,80;114,83;114,56;114,57;795.230
  10.04.2007;114,24;114,43;114,14;114,36;833.141
  11.04.2007;114,41;114,44;114,07;114,08;906.715
  12.04.2007;114,15;114,25;113,79;113,82;1.279.426
  13.04.2007;113,87;113,90;113,42;113,45;1.586.483
  16.04.2007;113,43;113,84;113,43;113,75;1.083.064
  17.04.2007;113,76;113,98;113,36;113,95;1.667.280
  18.04.2007;113,90;114,23;113,85;114,13;1.361.177
  19.04.2007;114,23;114,39;113,69;113,74;1.560.883
  20.04.2007;113,73;113,94;113,58;113,77;1.126.944
  23.04.2007;113,82;114,09;113,74;113,98;1.039.366
  24.04.2007;114,07;114,20;113,93;114,07;1.310.002
  25.04.2007;114,08;114,11;113,75;113,77;1.444.291
  26.04.2007;113,77;113,90;113,46;113,46;1.202.912
  27.04.2007;113,49;113,79;113,41;113,63;1.380.167
  30.04.2007;114,88;115,14;113,36;114,15;1.172.888
  02.05.2007;114,10;114,10;113,61;113,63;1.441.208
  03.05.2007;113,66;113,87;113,45;113,50;1.338.688
  04.05.2007;113,53;113,92;113,43;113,80;1.191.368
  07.05.2007;113,83;113,84;113,49;113,72;425.230
  08.05.2007;113,73;113,89;113,61;113,72;893.244
  09.05.2007;113,66;113,77;113,52;113,56;764.075
  10.05.2007;113,50;113,78;113,46;113,76;1.015.852
  11.05.2007;113,80;114,17;113,52;113,53;1.757.707
  14.05.2007;113,53;113,54;113,12;113,19;1.252.871
  15.05.2007;113,18;113,28;112,83;112,94;1.867.012
  16.05.2007;113,03;113,08;112,84;112,92;1.372.234
  17.05.2007;112,97;113,07;112,71;112,79;1.038.148
  18.05.2007;112,87;113,06;112,77;112,79;1.040.066
  21.05.2007;112,82;112,90;112,72;112,89;745.777
  22.05.2007;112,87;112,90;112,55;112,57;1.025.973
  23.05.2007;112,53;112,67;112,32;112,45;1.544.962
  24.05.2007;112,50;112,64;112,32;112,60;1.582.397
  25.05.2007;112,64;112,66;112,23;112,23;1.228.824
  29.05.2007;112,23;112,35;112,15;112,20;870.279
  30.05.2007;112,30;112,42;112,17;112,21;1.280.124
  31.05.2007;114,10;114,17;111,88;112,05;1.764.837
  01.06.2007;112,00;112,10;111,65;111,68;1.617.820
  04.06.2007;111,69;111,85;111,69;111,72;1.462.533
  05.06.2007;111,68;111,77;111,41;111,46;2.426.848
  06.06.2007;111,44;111,83;111,39;111,70;1.350.151
  07.06.2007;111,64;111,65;110,83;110,90;1.998.480
  08.06.2007;110,82;110,97;110,27;110,88;2.251.545
  11.06.2007;110,77;111,05;110,70;110,78;1.155.011
  12.06.2007;110,75;110,80;110,26;110,33;1.739.103
  13.06.2007;110,27;110,36;109,66;110,23;3.130.598
  14.06.2007;110,21;110,46;110,02;110,06;1.991.653
  15.06.2007;110,09;110,26;109,86;110,21;1.587.658
  18.06.2007;110,15;110,37;109,90;110,09;1.099.972
  19.06.2007;110,10;110,61;110,06;110,60;1.281.847
  20.06.2007;110,53;110,82;110,09;110,19;2.083.649
  21.06.2007;110,14;110,47;109,92;110,03;1.749.111
  22.06.2007;110,06;110,38;109,93;110,31;1.139.994
  25.06.2007;110,39;110,58;110,25;110,49;1.123.861
  26.06.2007;110,50;110,70;110,43;110,61;1.229.364
  27.06.2007;110,73;111,18;110,67;110,86;1.730.758
  28.06.2007;110,81;111,00;110,60;110,81;1.415.985
  29.06.2007;110,84;111,14;110,66;111,02;1.633.500
  30.06.2007;112,00;112,10;109,66;110,75;0
  02.07.2007;111,05;111,52;110,97;111,49;1.478.587
  03.07.2007;111,40;111,44;110,79;110,85;1.563.533
  04.07.2007;110,82;110,84;110,33;110,46;820.928
  05.07.2007;110,44;110,50;110,07;110,10;1.542.886
  06.07.2007;110,21;110,21;109,77;109,84;1.396.263
  09.07.2007;109,81;110,06;109,75;110,01;592.392
  10.07.2007;109,98;110,82;109,97;110,82;1.857.712
  11.07.2007;111,09;111,31;110,61;110,63;2.196.890
  12.07.2007;110,70;110,82;110,14;110,19;1.556.688
  13.07.2007;110,24;110,74;110,07;110,47;1.437.781
  16.07.2007;110,66;110,97;110,39;110,97;963.636
  17.07.2007;110,92;111,10;110,41;110,71;1.624.971
  18.07.2007;110,99;111,20;110,71;110,92;1.608.053
  19.07.2007;110,85;111,14;110,76;111,02;1.119.247
  20.07.2007;111,09;112,02;111,06;111,94;2.038.552
  23.07.2007;112,04;112,26;111,78;111,94;1.405.800
  24.07.2007;112,05;112,24;111,83;112,20;1.208.311
  25.07.2007;112,19;112,34;111,98;112,15;1.462.755
  26.07.2007;112,17;113,10;112,05;113,03;2.221.290
  27.07.2007;113,05;113,11;112,71;113,00;1.851.623
  30.07.2007;112,80;113,34;112,80;112,91;1.577.915
  31.07.2007;111,05;113,34;109,75;112,75;1.671.303
  01.08.2007;113,35;113,38;112,63;112,68;1.767.338
  02.08.2007;112,74;112,82;112,37;112,60;1.222.151
  03.08.2007;112,53;113,15;112,51;113,14;1.148.604
  06.08.2007;113,13;113,22;112,63;112,66;777.260
  07.08.2007;112,71;112,98;112,52;112,59;779.774
  08.08.2007;112,49;112,58;111,92;112,03;1.381.158
  09.08.2007;112,08;112,79;112,08;112,37;1.761.843
  10.08.2007;112,55;113,04;112,46;112,51;1.483.464
  13.08.2007;112,55;112,80;112,38;112,72;885.150
  14.08.2007;112,75;112,84;112,19;112,69;1.342.614
  15.08.2007;112,90;113,24;112,82;113,17;1.411.777
  16.08.2007;113,24;114,11;113,12;113,57;1.770.812
  17.08.2007;113,77;113,90;113,05;113,30;1.483.470
  20.08.2007;113,15;113,61;113,10;113,43;778.002
  21.08.2007;113,55;114,05;113,47;113,87;1.211.853
  22.08.2007;113,68;113,71;113,10;113,31;1.309.955
  23.08.2007;113,10;113,70;112,89;113,57;1.186.982
  24.08.2007;113,59;113,84;113,46;113,55;916.710
  27.08.2007;113,51;113,80;113,17;113,80;365.067
  28.08.2007;113,84;114,06;113,56;114,05;974.727
  29.08.2007;114,10;114,25;113,62;113,66;1.137.756
  30.08.2007;113,77;113,98;113,62;113,93;1.194.378
  31.08.2007;113,35;114,25;111,92;113,77;1.296.441
  03.09.2007;113,57;113,84;113,47;113,63;590.978
  04.09.2007;113,66;113,86;113,35;113,48;1.792.307
  05.09.2007;113,57;114,08;113,42;113,99;1.690.602
  06.09.2007;113,53;113,80;113,43;113,63;1.071.469
  07.09.2007;113,72;114,53;113,61;114,46;1.320.914
  10.09.2007;114,49;114,98;114,34;114,76;1.191.890
  11.09.2007;114,69;114,79;114,52;114,56;1.148.322
  12.09.2007;114,66;114,75;114,34;114,45;998.067
  13.09.2007;114,50;114,62;113,94;114,04;1.248.825
  14.09.2007;114,19;114,46;113,93;114,08;1.117.992
  17.09.2007;113,99;114,37;113,91;114,27;899.671
  18.09.2007;114,30;114,32;113,47;113,85;1.346.282
  19.09.2007;113,71;113,71;113,00;113,16;1.499.423
  20.09.2007;112,98;113,24;112,28;112,30;1.376.946
  21.09.2007;112,41;112,64;112,24;112,47;1.052.431
  24.09.2007;112,41;112,62;112,19;112,45;926.188
  25.09.2007;112,49;112,88;112,43;112,57;1.120.070
  26.09.2007;112,54;112,61;112,14;112,29;1.163.618
  27.09.2007;112,23;112,47;112,03;112,43;1.244.571
  28.09.2007;112,38;112,75;112,31;112,54;970.155
  30.09.2007;113,57;114,98;112,03;112,68;0
  01.10.2007;112,56;112,81;112,39;112,65;916.460
  02.10.2007;112,58;112,93;112,36;112,80;1.025.106
  03.10.2007;112,77;113,01;112,49;112,60;1.039.878
  04.10.2007;112,57;113,06;112,48;112,98;1.063.505
  05.10.2007;112,93;113,09;112,26;112,41;1.291.575
  08.10.2007;112,39;112,48;112,20;112,45;450.082
  09.10.2007;112,43;112,74;112,30;112,49;993.502
  10.10.2007;112,48;112,57;112,19;112,46;1.055.486
  11.10.2007;112,37;112,39;111,92;112,20;1.282.788
  12.10.2007;112,25;112,35;111,59;111,64;1.318.207
  15.10.2007;111,63;111,85;111,54;111,81;902.938
  16.10.2007;111,78;111,91;111,61;111,73;1.247.223
  17.10.2007;111,80;112,23;111,64;112,10;1.295.028
  18.10.2007;112,05;112,71;112,01;112,62;1.397.789
  19.10.2007;112,79;113,66;112,71;113,66;1.464.936
  22.10.2007;113,62;114,05;113,48;113,74;1.610.139
  23.10.2007;113,66;113,79;113,47;113,71;972.251
  24.10.2007;113,80;114,23;113,73;114,00;1.445.304
  25.10.2007;114,05;114,13;113,84;113,95;1.065.486
  26.10.2007;113,85;114,06;113,59;113,84;1.198.888
  29.10.2007;113,82;113,95;113,65;113,92;708.580
  30.10.2007;113,85;113,89;113,61;113,83;835.985
  31.10.2007;112,56;114,23;111,54;113,33;1.622.412
  01.11.2007;112,77;113,77;112,58;113,74;1.610.410
  02.11.2007;113,71;114,12;113,18;113,78;1.680.847
  05.11.2007;113,85;114,17;113,76;113,79;1.053.047
  06.11.2007;113,78;113,94;113,62;113,67;951.608
  07.11.2007;113,90;114,37;113,77;114,30;1.489.084
  08.11.2007;114,50;114,56;113,92;114,25;1.395.449
  09.11.2007;114,25;114,74;114,15;114,65;1.246.858
  12.11.2007;114,75;114,82;114,43;114,69;490.247
  13.11.2007;114,55;114,63;114,15;114,15;1.120.781
  14.11.2007;114,02;114,27;113,80;114,21;1.439.629
  15.11.2007;114,21;114,61;114,01;114,58;1.170.657
  16.11.2007;114,58;114,76;114,29;114,39;1.276.503
  19.11.2007;114,42;115,22;114,31;115,11;1.214.686
  20.11.2007;114,94;115,13;114,67;114,79;1.492.842
  21.11.2007;115,18;115,39;114,95;115,28;1.359.395
  22.11.2007;115,27;115,43;115,08;115,31;503.672
  23.11.2007;115,32;115,50;114,99;115,23;920.578
  26.11.2007;115,04;115,83;114,88;115,81;973.725
  27.11.2007;115,44;115,58;114,85;114,95;1.559.065
  28.11.2007;115,06;115,07;114,30;114,42;1.505.928
  29.11.2007;114,32;114,96;114,29;114,90;1.433.306
  30.11.2007;112,77;115,83;112,58;114,38;1.468.913
  03.12.2007;114,45;115,01;114,30;114,95;1.594.707
  04.12.2007;114,93;115,22;114,74;115,14;1.930.819
  05.12.2007;114,97;115,23;114,90;115,00;858.929
  06.12.2007;114,81;114,94;114,71;114,89;58.163
  07.12.2007;115,12;115,15;114,03;114,20;1.354.685
  10.12.2007;114,32;114,36;113,42;113,59;1.015.963
  11.12.2007;113,59;114,16;113,38;114,16;837.140
  12.12.2007;113,88;113,97;112,92;113,30;1.176.124
  13.12.2007;113,29;113,40;112,85;113,17;1.061.526
  14.12.2007;113,13;113,34;112,90;112,98;805.277
  17.12.2007;113,13;113,29;113,00;113,29;437.903
  18.12.2007;113,20;113,40;112,91;113,27;607.546
  19.12.2007;113,17;113,60;112,97;113,35;725.781
  20.12.2007;113,33;113,65;113,19;113,48;525.113
  21.12.2007;113,39;113,47;112,87;113,00;394.563
  27.12.2007;112,90;112,93;112,60;112,67;239.425
  28.12.2007;112,74;113,19;112,67;113,11;269.160
  31.12.2007;114,45;115,23;112,60;113,11;0
  02.01.2008;113,14;114,41;112,85;114,12;749.150
  03.01.2008;114,08;114,56;114,05;114,53;986.029
  04.01.2008;114,41;115,08;114,36;114,95;1.002.052
  07.01.2008;114,85;115,14;114,73;115,09;847.696
  08.01.2008;114,94;114,95;114,58;114,95;1.055.304
  09.01.2008;114,92;115,41;114,82;115,13;1.165.301
  10.01.2008;115,21;115,49;115,08;115,13;1.187.580
  11.01.2008;115,32;115,50;114,85;115,45;1.334.934
  14.01.2008;115,43;115,73;115,40;115,48;1.174.985
  15.01.2008;115,61;116,02;115,49;115,93;1.236.965
  16.01.2008;116,13;116,37;115,75;116,15;1.667.729
  17.01.2008;116,09;116,55;115,79;116,53;1.538.575
  18.01.2008;116,31;116,46;116,04;116,25;1.260.900
  21.01.2008;116,44;116,96;116,39;116,88;925.575
  22.01.2008;117,04;118,08;116,03;116,29;2.444.971
  23.01.2008;116,50;117,55;116,39;116,47;2.043.075
  24.01.2008;116,43;116,78;115,86;115,95;1.790.676
  25.01.2008;115,70;116,64;115,58;116,58;1.326.610
  28.01.2008;116,64;116,73;116,39;116,50;960.258
  29.01.2008;116,50;116,54;116,04;116,18;984.898
  30.01.2008;116,24;116,37;115,60;115,93;1.191.835
  31.01.2008;116,18;116,81;116,03;116,59;1.484.563
  01.02.2008;116,74;116,87;116,23;116,70;1.334.474
  04.02.2008;116,47;116,66;116,33;116,56;722.619
  05.02.2008;116,56;117,46;116,43;117,42;1.465.475
  06.02.2008;117,49;117,50;116,86;117,11;1.251.204
  07.02.2008;117,12;117,39;116,58;116,76;1.324.825
  08.02.2008;116,80;117,49;116,54;117,42;1.390.380
  11.02.2008;117,47;117,70;117,05;117,23;1.159.571
  12.02.2008;117,18;117,42;116,43;116,92;1.697.060
  13.02.2008;116,93;116,94;116,16;116,21;1.427.521
  14.02.2008;116,14;116,32;115,81;115,98;1.409.595
  15.02.2008;116,00;116,62;115,79;116,33;1.233.806
  18.02.2008;116,30;116,32;115,84;115,94;517.119
  19.02.2008;115,91;116,39;115,71;115,78;1.384.775
  20.02.2008;116,00;116,12;115,63;115,74;1.465.385
  21.02.2008;115,73;116,09;115,32;116,08;1.577.188
  22.02.2008;115,97;116,26;115,76;115,76;1.346.720
  25.02.2008;115,69;115,95;115,54;115,65;1.093.536
  26.02.2008;115,66;115,75;115,16;115,38;1.420.064
  27.02.2008;115,38;115,69;115,13;115,35;1.382.501
  28.02.2008;115,43;116,22;115,34;116,13;1.371.563
  29.02.2008;116,27;117,27;116,21;117,26;1.823.320
  03.03.2008;117,25;117,53;117,04;117,32;2.115.854
  04.03.2008;117,28;117,89;117,16;117,53;2.012.047
  05.03.2008;117,62;117,67;117,16;117,26;1.215.025
  06.03.2008;117,35;117,53;117,24;117,40;81.879
  07.03.2008;117,45;117,99;117,04;117,56;1.519.253
  10.03.2008;117,67;118,23;117,59;118,02;997.429
  11.03.2008;117,89;118,00;117,21;117,39;1.516.609
  12.03.2008;117,55;117,83;117,09;117,71;1.330.538
  13.03.2008;117,90;118,12;117,50;117,66;1.275.587
  14.03.2008;117,74;118,20;117,25;117,83;1.576.681
  17.03.2008;118,24;118,48;118,00;118,19;1.253.067
  18.03.2008;118,15;118,18;117,35;117,35;1.127.835
  19.03.2008;117,59;118,06;117,26;117,86;1.373.395
  20.03.2008;117,86;117,90;117,35;117,50;814.652
  25.03.2008;117,01;117,02;116,12;116,19;1.128.349
  26.03.2008;116,24;116,47;115,92;116,10;1.159.238
  27.03.2008;116,04;116,06;115,58;115,80;1.088.806
  28.03.2008;115,61;115,93;113,93;115,81;902.899
  31.03.2008;115,81;116,12;115,68;115,96;935.709
  01.04.2008;115,94;116,03;115,13;115,34;1.147.002
  02.04.2008;115,22;115,51;115,04;115,36;1.074.602
  03.04.2008;115,23;115,47;115,09;115,25;910.247
  04.04.2008;115,19;115,77;115,17;115,50;900.805
  07.04.2008;115,28;115,34;114,84;115,00;678.811
  08.04.2008;115,07;115,28;114,88;114,93;751.606
  09.04.2008;114,96;115,39;114,67;115,25;969.792
  10.04.2008;115,30;115,72;115,14;115,28;941.985
  11.04.2008;115,14;116,04;115,08;115,95;968.348
  14.04.2008;115,96;116,13;115,74;115,86;923.451
  15.04.2008;115,86;116,06;115,32;115,39;1.142.819
  16.04.2008;115,32;115,43;114,77;114,86;1.104.761
  17.04.2008;114,86;114,92;114,24;114,44;1.253.257
  18.04.2008;114,42;114,50;113,63;114,24;1.110.874
  21.04.2008;114,01;114,32;113,90;114,15;869.776
  23.04.2008;113,96;114,09;113,80;113,90;954.447
  24.04.2008;113,84;114,46;113,48;113,50;1.269.878
  25.04.2008;113,45;113,84;113,10;113,51;840.968
  28.04.2008;113,49;113,75;113,34;113,52;647.370
  29.04.2008;113,49;114,10;113,42;113,93;860.959
  30.04.2008;113,83;114,17;113,83;114,15;891.799
  02.05.2008;114,03;114,32;113,28;113,48;931.915
  05.05.2008;113,55;113,88;113,51;113,70;342.986
  06.05.2008;113,66;114,18;113,56;113,70;902.123
  07.05.2008;113,60;113,85;113,45;113,85;797.886
  08.05.2008;113,88;114,73;113,78;114,65;1.148.220
  09.05.2008;114,69;115,29;114,51;115,07;1.126.956
  12.05.2008;115,09;115,20;114,78;114,91;587.797
  13.05.2008;114,84;115,21;114,10;114,21;1.307.684
  14.05.2008;114,12;114,18;113,48;113,67;1.132.815
  15.05.2008;113,63;113,68;112,81;113,56;1.326.920
  16.05.2008;113,40;113,68;113,14;113,46;877.179
  19.05.2008;113,50;113,78;113,13;113,42;666.135
  20.05.2008;113,36;113,69;113,26;113,54;760.098
  21.05.2008;113,66;113,71;112,86;113,02;1.090.118
  22.05.2008;112,98;113,13;112,64;112,73;858.499
  23.05.2008;112,66;113,29;112,53;112,93;873.133
  26.05.2008;113,01;113,02;112,70;112,70;90.745
  27.05.2008;112,68;113,01;112,53;112,63;787.038
  28.05.2008;112,63;112,66;112,22;112,25;945.771
  29.05.2008;112,15;112,24;111,49;111,70;1.256.187
  30.05.2008;111,78;112,15;111,68;111,76;1.006.434
  02.06.2008;111,76;112,48;111,71;112,37;1.118.814
  03.06.2008;112,45;112,67;111,57;112,06;1.948.932
  04.06.2008;112,05;112,33;111,86;111,88;1.621.428
  05.06.2008;111,84;111,93;111,19;111,30;741.700
  06.06.2008;111,23;111,72;111,23;111,66;37.128
  09.06.2008;112,00;113,29;111,20;111,42;1.694.449
  10.06.2008;111,18;111,42;110,78;110,80;1.038.457
  11.06.2008;110,76;111,32;110,52;110,69;1.217.943
  12.06.2008;110,72;110,85;110,22;110,22;994.397
  13.06.2008;110,30;110,48;109,80;109,86;1.115.005
  16.06.2008;110,00;110,37;109,80;110,05;729.340
  17.06.2008;110,26;110,47;110,09;110,36;798.439
  18.06.2008;110,28;110,50;110,19;110,35;660.860
  19.06.2008;110,33;110,74;109,65;109,74;1.143.850
  20.06.2008;109,93;110,42;109,85;110,07;675.014
  23.06.2008;110,11;110,70;110,10;110,29;661.877
  24.06.2008;110,30;110,76;110,11;110,51;820.865
  25.06.2008;110,48;110,60;110,23;110,53;656.429
  26.06.2008;110,57;111,45;110,43;111,40;1.004.980
  27.06.2008;111,40;111,54;111,06;111,23;935.228
  30.06.2008;111,33;111,35;110,04;110,54;1.111.644
  01.07.2008;110,45;111,32;110,29;110,42;1.130.450
  02.07.2008;110,53;110,53;109,86;110,25;1.015.292
  03.07.2008;110,17;111,20;109,87;111,14;1.184.246
  04.07.2008;111,19;112,32;110,90;111,54;380.057
  07.07.2008;111,45;112,36;111,42;112,05;812.944
  08.07.2008;112,20;112,44;111,84;112,15;957.900
  09.07.2008;112,06;112,47;111,66;112,47;871.380
  10.07.2008;112,43;112,43;111,94;112,21;813.970
  11.07.2008;112,02;112,57;111,56;111,73;1.097.273
  14.07.2008;111,62;112,40;111,57;112,37;749.026
  15.07.2008;112,39;112,88;112,24;112,31;1.011.418
  16.07.2008;112,36;112,76;112,12;112,17;886.379
  17.07.2008;112,15;112,18;111,58;111,64;858.500
  18.07.2008;111,81;111,91;110,60;110,68;1.079.246
  21.07.2008;110,75;110,95;110,14;110,31;773.157
  22.07.2008;110,32;110,64;110,04;110,08;752.757
  23.07.2008;110,00;110,20;109,70;110,11;966.962
  24.07.2008;110,16;111,02;110,10;110,94;824.155
  25.07.2008;110,98;111,53;110,25;110,30;1.102.840
  28.07.2008;110,54;111,24;110,41;111,14;630.671
  29.07.2008;111,18;111,73;110,99;111,54;941.253
  30.07.2008;111,63;112,36;111,54;112,20;900.415
  31.07.2008;112,15;112,67;111,77;112,61;1.034.251
  01.08.2008;112,60;112,83;112,29;112,64;872.421
  04.08.2008;112,61;112,95;112,48;112,62;669.274
  05.08.2008;112,70;113,02;112,57;112,83;605.784
  06.08.2008;112,94;113,29;112,55;112,77;839.637
  07.08.2008;112,82;113,60;112,77;113,57;850.148
  08.08.2008;113,50;113,80;113,40;113,54;755.888
  11.08.2008;113,57;113,68;113,32;113,46;375.908
  12.08.2008;113,55;113,97;113,52;113,83;620.290
  13.08.2008;113,80;114,17;113,63;113,87;792.198
  14.08.2008;113,89;114,08;113,65;113,97;635.649
  15.08.2008;113,98;114,50;113,95;114,31;411.062
  18.08.2008;114,30;114,59;114,23;114,45;472.308
  19.08.2008;114,48;114,91;114,17;114,27;757.660
  20.08.2008;114,31;114,94;113,96;114,76;797.057
  21.08.2008;114,69;114,82;114,03;114,10;808.747
  25.08.2008;114,02;114,74;113,92;114,62;358.473
  27.08.2008;114,77;114,87;113,93;114,36;917.625
  28.08.2008;114,35;114,59;113,80;114,30;926.326
  29.08.2008;114,42;114,54;113,90;114,16;810.665
  01.09.2008;114,17;114,64;114,11;114,63;420.340
  03.09.2008;114,52;114,82;114,17;114,43;1.467.318
  04.09.2008;114,28;115,23;113,92;115,14;1.859.845
  05.09.2008;115,27;115,85;115,03;115,28;796.315
  08.09.2008;114,66;114,90;114,29;114,78;52.619
  09.09.2008;115,05;115,20;114,25;115,20;1.035.996
  10.09.2008;115,04;115,22;114,56;114,82;1.007.083
  11.09.2008;114,79;115,26;114,60;114,63;1.001.349
  12.09.2008;114,49;114,71;113,70;113,94;1.117.629
  15.09.2008;115,01;115,65;114,76;115,35;1.332.367
  16.09.2008;115,62;116,13;114,90;114,90;1.558.015
  17.09.2008;115,05;115,84;114,73;115,63;1.280.427
  18.09.2008;115,45;115,58;114,83;114,85;948.644
  19.09.2008;114,54;114,72;113,35;113,38;1.318.475
  22.09.2008;113,51;113,80;112,91;113,30;923.510
  23.09.2008;113,25;113,67;113,21;113,40;849.144
  24.09.2008;113,30;114,08;113,23;114,02;771.464
  25.09.2008;113,78;113,99;113,25;113,41;921.813
  26.09.2008;113,58;114,06;113,50;113,73;624.822
  29.09.2008;113,90;116,07;113,82;115,87;1.091.746
  30.09.2008;115,79;115,94;114,76;114,89;1.022.205
  02.10.2008;115,13;115,93;114,83;115,88;935.221
  03.10.2008;115,73;116,71;115,37;116,21;1.110.446
  06.10.2008;116,55;117,35;116,31;116,98;871.358
  07.10.2008;116,92;117,40;116,58;117,28;1.132.519
  08.10.2008;117,50;117,82;116,13;116,31;1.339.379
  09.10.2008;116,40;116,60;115,46;116,35;997.272
  10.10.2008;116,30;116,79;114,44;114,67;1.203.123
  13.10.2008;114,69;114,75;114,05;114,11;643.292
  14.10.2008;114,05;114,73;113,78;113,91;847.526
  15.10.2008;114,06;114,45;113,79;114,06;760.829
  16.10.2008;114,19;114,55;113,67;114,12;858.300
  17.10.2008;114,00;115,33;113,87;114,76;852.520
  20.10.2008;114,50;114,96;114,25;114,87;532.083
  21.10.2008;114,91;115,67;114,73;115,54;734.986
  22.10.2008;115,72;116,97;115,63;116,83;864.310
  23.10.2008;116,76;117,33;116,38;116,88;935.672
  24.10.2008;117,30;117,72;116,85;116,92;886.430
  27.10.2008;117,22;117,53;116,82;117,07;543.182
  28.10.2008;116,70;117,53;116,28;116,88;768.235
  29.10.2008;117,01;117,31;116,78;117,00;506.500
  30.10.2008;116,78;117,32;116,21;117,03;753.341
  31.10.2008;117,31;117,46;115,88;115,92;866.652
  03.11.2008;116,04;116,94;115,96;116,85;492.745
  04.11.2008;116,60;117,06;116,43;117,06;473.472
  05.11.2008;116,84;117,12;116,01;117,05;775.253
  06.11.2008;117,05;118,01;116,76;117,60;770.558
  07.11.2008;117,55;117,93;117,30;117,78;575.790
  10.11.2008;117,54;117,96;117,18;117,76;404.250
  11.11.2008;117,93;118,11;117,56;117,87;461.930
  12.11.2008;117,84;118,62;117,66;118,50;750.747
  13.11.2008;118,50;118,70;118,01;118,06;646.904
  14.11.2008;118,15;118,82;117,78;118,65;583.770
  17.11.2008;118,61;118,84;118,39;118,75;394.474
  19.11.2008;119,27;119,99;119,06;119,95;728.119
  20.11.2008;120,12;121,45;120,07;121,45;962.930
  21.11.2008;121,01;121,48;120,31;120,75;921.902
  24.11.2008;120,71;120,96;119,77;119,82;625.741
  25.11.2008;120,07;121,06;120,00;120,81;775.234
  26.11.2008;120,84;121,58;120,70;121,40;679.791
  27.11.2008;121,23;121,54;121,04;121,46;391.557
  28.11.2008;121,52;121,79;121,40;121,46;488.070
  01.12.2008;121,69;123,15;121,53;122,95;613.504
  02.12.2008;122,96;123,87;122,71;123,76;792.255
  03.12.2008;123,45;124,49;123,15;124,44;1.091.397
  04.12.2008;124,27;124,91;123,11;123,71;1.394.204
  05.12.2008;123,63;124,34;123,15;123,21;536.664
  08.12.2008;123,12;123,20;122,40;122,47;26.290
  09.12.2008;123,12;123,45;121,96;122,59;596.107
  10.12.2008;122,44;122,63;121,82;122,42;520.294
  11.12.2008;122,31;122,80;122,05;122,50;478.358
  12.12.2008;122,97;123,43;121,33;121,95;660.110
  15.12.2008;121,77;122,72;121,57;122,61;390.852
  16.12.2008;122,60;124,19;122,47;124,14;488.501
  17.12.2008;124,05;124,90;124,05;124,43;577.550
  18.12.2008;124,45;124,85;124,02;124,61;493.527
  19.12.2008;124,60;124,91;123,89;124,02;284.789
  22.12.2008;123,89;125,20;123,75;124,88;235.600
  23.12.2008;124,83;125,21;124,83;124,95;132.049
  29.12.2008;125,10;125,55;124,82;125,27;132.151
  30.12.2008;125,55;125,56;124,83;124,84;163.392
  02.01.2009;124,65;125,51;124,05;124,71;212.352
  05.01.2009;124,78;124,89;124,01;124,67;428.405
  06.01.2009;124,54;124,67;123,03;123,50;567.167
  07.01.2009;123,43;123,69;122,69;123,13;766.733
  08.01.2009;123,23;123,90;122,54;123,68;725.386
  09.01.2009;123,64;124,93;123,47;124,77;608.114
  12.01.2009;124,65;125,21;124,41;125,17;439.621
  13.01.2009;125,19;125,47;125,03;125,31;662.854
  14.01.2009;125,09;126,04;124,69;125,95;760.498
  15.01.2009;126,09;126,53;125,68;126,08;742.634
  16.01.2009;125,62;126,14;125,38;125,86;696.216
  19.01.2009;125,61;125,66;124,44;125,13;487.342
  20.01.2009;125,38;125,62;124,57;125,52;765.020
  21.01.2009;125,27;125,55;124,86;124,87;537.166
  22.01.2009;124,75;125,34;124,09;124,33;864.140
  23.01.2009;124,34;124,54;122,92;123,21;804.416
  26.01.2009;123,28;123,35;122,12;122,36;660.543
  27.01.2009;122,39;123,24;121,97;123,07;613.836
  28.01.2009;122,89;123,39;122,54;122,71;670.090
  29.01.2009;122,45;123,25;122,24;122,32;737.366
  30.01.2009;122,47;122,95;122,14;122,32;679.449
  02.02.2009;122,36;123,21;122,31;122,77;435.215
  03.02.2009;122,64;122,83;121,83;121,94;591.544
  04.02.2009;121,99;122,18;121,56;121,86;684.471
  05.02.2009;121,80;122,61;121,57;122,28;753.003
  06.02.2009;122,40;122,75;121,78;122,00;645.768
  09.02.2009;122,18;122,22;121,55;121,68;439.351
  10.02.2009;121,85;122,73;121,70;122,73;809.028
  11.02.2009;122,66;124,00;122,63;123,82;891.870
  12.02.2009;123,79;124,90;123,72;124,65;872.011
  13.02.2009;124,67;124,71;124,13;124,40;573.298
  16.02.2009;124,51;125,25;124,36;125,10;332.015
  17.02.2009;125,23;125,97;125,18;125,82;746.312
  18.02.2009;125,80;126,05;125,28;125,33;826.942
  19.02.2009;125,38;125,45;124,37;124,81;808.590
  20.02.2009;124,94;125,72;124,90;125,28;698.463
  23.02.2009;125,07;125,63;124,80;125,49;516.702
  24.02.2009;125,43;126,01;125,37;125,43;622.209
  25.02.2009;125,36;125,95;125,22;125,40;574.762
  26.02.2009;125,47;125,47;124,36;124,66;785.334
  27.02.2009;124,67;125,57;124,52;124,77;713.020
  02.03.2009;125,03;125,58;124,99;125,48;704.001
  03.03.2009;125,22;125,40;124,92;125,25;846.319
  04.03.2009;125,17;125,17;124,23;124,43;1.148.929
  05.03.2009;124,47;125,92;124,29;125,77;595.924
  06.03.2009;125,70;126,52;125,67;126,42;30.206
  09.03.2009;125,20;125,63;125,00;125,36;561.765
  10.03.2009;125,09;125,11;124,35;124,47;617.617
  11.03.2009;124,49;124,52;123,57;124,12;767.902
  12.03.2009;124,20;124,70;124,10;124,23;662.299
  13.03.2009;124,02;124,13;123,13;123,60;794.174
  16.03.2009;123,55;123,57;123,02;123,20;538.538
  17.03.2009;122,97;123,35;122,41;122,48;824.311
  18.03.2009;122,55;124,47;122,11;124,20;856.973
  19.03.2009;124,25;124,40;123,39;123,86;1.025.618
  20.03.2009;123,92;124,71;123,87;124,59;649.757
  23.03.2009;124,55;124,64;123,95;124,07;572.290
  24.03.2009;123,92;123,99;122,81;123,02;753.385
  25.03.2009;123,00;123,34;122,63;122,83;687.444
  26.03.2009;122,70;123,30;122,53;123,16;534.558
  27.03.2009;123,12;123,72;122,94;123,10;626.091
  30.03.2009;123,23;124,27;123,23;124,11;558.633
  31.03.2009;124,06;124,55;123,92;124,46;518.707
  01.04.2009;124,45;124,66;124,22;124,47;572.495
  02.04.2009;124,25;124,41;122,66;122,77;1.020.842
  03.04.2009;122,53;122,94;121,77;121,78;667.808
  06.04.2009;121,78;122,39;121,76;122,09;520.812
  07.04.2009;122,24;122,46;122,02;122,32;454.817
  08.04.2009;122,36;122,69;121,90;122,20;469.155
  09.04.2009;121,96;122,28;121,61;122,04;518.132
  14.04.2009;122,36;122,58;122,13;122,48;434.722
  15.04.2009;122,66;123,14;122,56;122,85;537.555
  16.04.2009;122,83;122,83;122,25;122,40;520.956
  17.04.2009;122,55;122,59;121,64;121,68;510.346
  20.04.2009;121,78;123,04;121,72;122,92;610.284
  21.04.2009;122,97;123,47;122,66;122,85;879.581
  22.04.2009;123,00;123,28;122,23;122,29;850.143
  23.04.2009;122,30;122,46;121,94;122,17;686.610
  24.04.2009;122,29;122,74;122,13;122,46;570.457
  27.04.2009;122,73;123,37;122,67;123,07;627.343
  28.04.2009;123,19;123,33;122,64;122,73;584.385
  29.04.2009;122,79;123,17;122,29;122,78;860.346
  30.04.2009;122,68;122,82;122,20;122,80;731.558
  04.05.2009;122,60;122,68;121,84;122,07;343.077
  05.05.2009;122,03;122,45;121,83;122,24;545.802
  06.05.2009;122,55;122,65;121,70;122,12;708.447
  07.05.2009;122,03;122,03;120,58;120,73;1.159.955
  08.05.2009;120,56;120,77;120,11;120,27;600.281
  11.05.2009;120,31;121,00;120,30;121,00;610.872
  12.05.2009;121,00;121,00;120,52;120,72;632.151
  13.05.2009;120,52;121,51;120,47;121,23;725.036
  14.05.2009;121,36;121,94;121,16;121,59;759.391
  15.05.2009;121,64;122,07;121,07;121,23;620.845
  18.05.2009;121,30;121,55;120,97;120,97;449.577
  19.05.2009;120,96;120,96;120,34;120,58;763.983
  20.05.2009;120,51;120,84;120,26;120,79;729.273
  21.05.2009;120,68;121,52;120,32;120,32;659.573
  22.05.2009;120,32;120,53;119,77;119,94;513.329
  25.05.2009;119,88;119,91;119,49;119,60;166.247
  26.05.2009;119,65;120,05;119,21;119,23;678.897
  27.05.2009;119,31;119,52;118,77;118,86;604.233
  28.05.2009;118,83;119,33;118,82;119,11;723.289
  29.05.2009;119,25;119,84;119,15;119,79;699.881
  01.06.2009;119,60;119,75;118,63;118,75;460.814
  02.06.2009;118,89;119,27;118,76;119,11;831.470
  03.06.2009;119,10;119,99;118,86;119,83;1.292.785
  04.06.2009;119,72;119,97;119,04;119,10;1.241.057
  05.06.2009;119,09;119,32;118,21;118,25;416.747
  08.06.2009;118,16;118,60;118,13;118,50;30.991
  09.06.2009;118,20;118,69;118,05;118,44;600.590
  10.06.2009;118,30;118,41;117,78;117,99;631.649
  11.06.2009;118,02;118,38;117,52;118,18;585.138
  12.06.2009;118,34;118,80;118,32;118,45;492.506
  15.06.2009;118,65;119,60;118,61;119,47;564.916
  16.06.2009;119,56;119,68;119,26;119,68;642.709
  17.06.2009;119,54;120,00;119,47;119,75;592.588
  18.06.2009;119,67;119,87;119,05;119,13;715.874
  19.06.2009;119,24;119,85;118,78;119,85;616.934
  22.06.2009;119,82;120,30;119,63;120,25;551.917
  23.06.2009;120,30;120,32;119,85;120,18;688.619
  24.06.2009;120,15;120,48;120,06;120,15;629.543
  25.06.2009;120,01;120,81;119,95;120,78;682.725
  26.06.2009;120,73;121,09;120,45;121,01;498.158
  29.06.2009;121,06;121,29;120,90;121,27;411.058
  30.06.2009;121,22;121,24;120,77;121,03;659.386
  01.07.2009;121,11;121,15;120,76;120,95;631.966
  02.07.2009;120,94;121,74;120,88;121,60;783.192
  03.07.2009;121,64;121,66;121,44;121,57;206.608
  06.07.2009;121,69;122,00;121,61;121,88;426.470
  07.07.2009;121,88;122,05;121,53;121,96;534.269
  08.07.2009;122,10;122,49;121,89;122,37;595.826
  09.07.2009;122,25;122,32;121,73;121,94;649.841
  10.07.2009;122,04;122,41;121,81;122,23;426.304
  13.07.2009;122,33;122,47;122,06;122,10;358.944
  14.07.2009;122,04;122,05;121,49;121,70;633.568
  15.07.2009;121,74;121,85;121,05;121,05;645.431
  16.07.2009;121,28;121,88;120,97;121,72;711.344
  17.07.2009;121,69;121,80;120,82;121,03;644.456
  20.07.2009;120,82;121,34;120,39;121,25;584.869
  21.07.2009;121,22;121,51;120,62;121,43;662.125
  22.07.2009;121,30;121,70;121,04;121,16;686.263
  23.07.2009;121,10;121,33;120,40;120,40;833.322
  24.07.2009;120,52;120,61;120,15;120,31;584.369
  27.07.2009;120,15;120,36;119,92;120,24;598.831
  28.07.2009;120,12;120,97;119,98;120,55;672.474
  29.07.2009;120,69;121,05;120,57;120,74;633.340
  30.07.2009;120,65;121,40;120,37;121,35;649.778
  31.07.2009;121,19;122,28;121,14;122,28;822.792
  03.08.2009;122,07;122,18;121,44;121,65;638.656
  04.08.2009;121,63;122,01;121,46;121,54;634.134
  05.08.2009;121,59;121,86;121,09;121,23;821.046
  06.08.2009;121,31;122,04;121,06;121,28;839.525
  07.08.2009;121,20;121,50;120,00;120,12;713.540
  10.08.2009;120,00;120,59;119,96;120,52;392.960
  11.08.2009;120,37;120,77;120,22;120,52;562.009
  12.08.2009;120,58;120,99;120,32;120,54;566.242
  13.08.2009;120,46;121,14;120,13;121,04;683.277
  14.08.2009;121,00;121,94;121,00;121,84;588.550
  17.08.2009;122,15;122,34;121,92;122,12;542.933
  18.08.2009;122,10;122,22;121,80;122,09;538.402
  19.08.2009;122,25;122,74;122,22;122,53;645.290
  20.08.2009;122,40;122,70;122,13;122,55;541.456
  21.08.2009;122,74;122,85;121,86;121,94;646.802
  24.08.2009;121,90;122,40;121,76;122,35;493.839
  25.08.2009;122,43;122,63;122,17;122,53;544.851
  26.08.2009;122,49;122,89;122,27;122,84;697.811
  27.08.2009;122,84;122,94;122,40;122,57;620.385
  28.08.2009;122,57;122,84;122,18;122,84;500.754
  31.08.2009;122,92;123,02;122,37;122,78;310.909
  01.09.2009;122,72;122,94;122,32;122,85;792.082
  02.09.2009;122,86;123,12;122,72;123,05;944.593
  03.09.2009;122,86;122,91;122,52;122,77;1.156.913
  04.09.2009;122,74;123,04;122,42;122,60;1.096.328
  07.09.2009;122,66;123,02;122,31;122,96;294.224
  08.09.2009;122,97;123,00;122,67;122,75;25.988
  09.09.2009;121,08;121,34;120,22;120,49;968.874
  10.09.2009;120,42;121,27;120,17;121,19;859.938
  11.09.2009;121,10;121,74;121,02;121,55;762.059
  14.09.2009;121,59;121,62;121,31;121,32;501.465
  15.09.2009;121,28;121,38;120,78;121,07;821.552
  16.09.2009;121,04;121,32;120,54;120,68;902.225
  17.09.2009;120,64;120,72;120,25;120,68;792.874
  18.09.2009;120,67;120,97;120,08;120,18;589.479
  21.09.2009;120,18;120,54;120,04;120,24;603.491
  22.09.2009;120,13;120,39;119,85;120,22;766.150
  23.09.2009;120,15;120,81;119,97;120,81;715.742
  24.09.2009;120,80;121,22;120,66;121,06;873.704
  25.09.2009;120,99;121,70;120,94;121,67;651.043
  28.09.2009;121,80;121,91;121,40;121,59;551.897
  29.09.2009;121,58;121,84;121,25;121,79;813.287
  30.09.2009;121,71;122,00;121,58;121,66;888.267
  01.10.2009;121,72;122,55;121,51;122,49;1.045.393
  02.10.2009;122,62;122,97;122,49;122,66;938.357
  05.10.2009;122,70;122,81;122,54;122,59;515.507
  06.10.2009;122,54;122,59;122,35;122,39;595.246
  07.10.2009;122,41;122,91;122,31;122,88;686.363
  08.10.2009;122,73;123,04;122,43;122,57;591.722
  09.10.2009;122,50;122,85;121,92;122,09;997.932
  12.10.2009;122,00;122,42;121,76;122,35;568.832
  13.10.2009;122,26;122,60;122,19;122,54;661.314
  14.10.2009;122,34;122,35;121,75;121,80;896.213
  15.10.2009;121,70;121,75;121,13;121,26;1.033.792
  16.10.2009;121,25;121,58;121,06;121,41;767.757
  19.10.2009;121,34;121,46;121,10;121,40;436.369
  20.10.2009;121,28;122,04;121,25;121,84;949.246
  21.10.2009;121,75;121,84;120,95;121,24;983.612
  22.10.2009;121,16;121,43;121,01;121,16;745.111
  23.10.2009;120,97;121,15;120,74;120,85;722.856
  26.10.2009;120,69;120,94;120,51;120,81;719.980
  27.10.2009;120,78;121,66;120,72;121,58;877.977
  28.10.2009;121,50;121,80;121,36;121,73;749.108
  29.10.2009;121,81;121,82;120,98;121,14;912.089
  30.10.2009;121,20;122,14;121,20;122,06;918.983
  02.11.2009;121,98;122,12;121,77;121,87;646.772
  03.11.2009;121,94;122,44;121,45;121,55;909.546
  04.11.2009;121,60;121,62;120,91;121,10;706.565
  05.11.2009;121,12;121,45;120,66;121,07;993.456
  06.11.2009;121,13;121,36;120,72;120,85;844.860
  09.11.2009;120,73;121,39;120,71;121,23;540.296
  10.11.2009;121,29;121,81;121,18;121,50;700.803
  11.11.2009;121,58;121,76;121,24;121,57;603.330
  12.11.2009;121,70;121,96;121,20;121,47;811.157
  13.11.2009;121,54;121,79;121,16;121,42;792.876
  16.11.2009;121,38;122,12;121,33;122,06;638.192
  17.11.2009;121,69;122,24;121,45;122,24;720.793
  18.11.2009;122,31;122,34;121,92;122,16;619.007
  19.11.2009;121,81;122,48;121,67;122,48;706.532
  20.11.2009;122,03;122,56;121,76;122,56;680.045
  23.11.2009;122,56;122,59;122,27;122,45;470.352
  24.11.2009;122,68;122,82;122,48;122,72;621.747
  25.11.2009;122,80;122,89;122,53;122,65;646.060
  26.11.2009;122,88;123,75;122,84;123,54;674.275
  27.11.2009;123,76;124,06;123,30;123,48;891.244
  30.11.2009;123,56;123,77;123,44;123,63;724.903
  01.12.2009;123,75;123,80;123,34;123,66;961.632
  02.12.2009;123,32;123,61;123,25;123,56;1.044.118
  03.12.2009;123,23;123,44;122,92;123,36;1.205.305
  04.12.2009;123,37;123,47;122,58;122,74;1.441.733
  07.12.2009;122,84;123,24;122,81;123,15;491.198
  08.12.2009;123,22;123,64;123,10;123,57;36.292
  09.12.2009;123,32;123,72;123,22;123,51;564.924
  10.12.2009;123,41;123,45;122,93;123,11;609.039
  11.12.2009;122,98;123,00;122,55;122,69;574.614
  14.12.2009;122,72;123,13;122,61;122,97;465.806
  15.12.2009;122,94;123,09;122,37;122,48;704.569
  16.12.2009;122,55;122,99;122,11;122,78;655.847
  17.12.2009;122,70;123,54;122,69;123,40;592.253
  18.12.2009;123,41;123,66;123,30;123,54;357.732
  21.12.2009;123,43;123,53;122,85;123,04;328.861
  22.12.2009;122,66;122,71;122,22;122,36;424.446
  23.12.2009;122,13;122,34;121,68;121,89;311.002
  28.12.2009;121,40;121,70;121,28;121,42;109.855
  29.12.2009;121,28;121,63;121,26;121,49;215.251
  30.12.2009;121,50;121,57;121,02;121,19;261.375
  04.01.2010;120,99;121,42;120,84;121,34;469.426
  05.01.2010;121,29;121,60;121,10;121,44;590.703
  06.01.2010;121,36;121,48;121,15;121,23;581.663
  07.01.2010;121,16;121,49;121,11;121,44;729.657
  08.01.2010;121,28;121,84;121,19;121,40;823.864
  11.01.2010;121,32;121,79;121,18;121,71;587.045
  12.01.2010;121,80;122,24;121,74;122,14;837.784
  13.01.2010;122,00;122,25;121,86;122,20;779.856
  14.01.2010;121,95;122,39;121,88;122,24;774.872
  15.01.2010;122,39;122,66;122,24;122,57;704.440
  18.01.2010;122,69;122,78;122,55;122,72;317.433
  19.01.2010;122,73;122,85;122,29;122,48;766.388
  20.01.2010;122,63;123,12;122,58;123,04;834.309
  21.01.2010;122,87;123,34;122,62;123,15;1.005.314
  22.01.2010;123,39;123,49;123,03;123,15;822.516
  25.01.2010;123,24;123,29;122,92;123,23;545.870
  26.01.2010;123,44;123,51;123,16;123,28;733.356
  27.01.2010;123,30;123,61;122,97;123,38;1.082.891
  28.01.2010;123,00;123,47;122,81;123,30;1.061.044
  29.01.2010;123,47;123,70;122,95;123,38;923.100
  01.02.2010;123,58;123,63;123,35;123,51;673.031
  02.02.2010;123,48;123,58;123,18;123,47;904.157
  03.02.2010;123,38;123,39;122,96;123,21;957.580
  04.02.2010;123,02;123,95;123,00;123,70;1.210.006
  05.02.2010;123,84;124,53;123,78;124,20;1.238.589
  08.02.2010;124,30;124,30;123,88;123,91;795.493
  09.02.2010;123,94;124,06;123,22;123,45;1.251.304
  10.02.2010;123,34;123,71;122,98;123,47;1.324.886
  11.02.2010;123,16;123,37;122,92;123,15;1.219.464
  12.02.2010;123,15;123,63;123,10;123,55;836.996
  15.02.2010;123,37;123,57;123,32;123,37;294.354
  16.02.2010;123,48;123,70;123,21;123,38;691.279
  17.02.2010;123,51;123,61;123,32;123,51;680.589
  18.02.2010;123,33;123,42;122,87;123,00;1.029.402
  19.02.2010;122,95;123,05;122,56;122,66;941.915
  22.02.2010;122,70;122,90;122,54;122,82;597.890
  23.02.2010;122,88;123,87;122,68;123,67;1.365.345
  24.02.2010;123,70;124,16;123,64;124,01;1.123.028
  25.02.2010;124,25;124,44;124,09;124,30;933.988
  26.02.2010;124,29;124,50;124,29;124,45;989.451
  01.03.2010;124,30;124,45;124,06;124,33;632.735
  02.03.2010;124,32;124,40;123,94;124,20;972.211
  03.03.2010;124,30;124,34;123,97;124,08;1.156.633
  04.03.2010;124,25;124,44;123,87;124,29;1.450.436
  05.03.2010;124,27;124,38;123,93;124,01;834.139
  08.03.2010;124,03;124,13;123,96;124,00;43.035
  09.03.2010;122,49;123,02;122,49;122,83;878.601
  10.03.2010;122,82;122,88;122,59;122,61;690.951
  11.03.2010;122,65;122,69;122,19;122,40;819.945
  12.03.2010;122,40;122,68;122,07;122,56;824.603
  15.03.2010;122,55;122,77;122,52;122,71;469.159
  16.03.2010;122,71;123,24;122,45;122,86;834.834
  17.03.2010;123,04;123,36;122,94;123,16;814.315
  18.03.2010;123,26;123,39;122,98;123,08;741.747
  19.03.2010;123,06;123,27;122,87;123,19;723.182
  22.03.2010;123,17;123,69;123,13;123,58;640.475
  23.03.2010;123,56;123,78;123,53;123,64;632.006
  24.03.2010;123,66;123,77;123,24;123,53;1.102.593
  25.03.2010;123,28;123,36;122,53;122,87;1.039.743
  26.03.2010;122,76;122,88;122,60;122,74;738.598
  29.03.2010;122,74;123,13;122,62;122,97;631.128
  30.03.2010;122,92;123,32;122,77;123,18;800.621
  31.03.2010;123,25;123,52;123,18;123,35;837.461
  01.04.2010;123,38;123,50;123,13;123,44;664.195
  06.04.2010;122,98;123,18;122,54;122,88;884.345
  07.04.2010;122,88;123,41;122,83;123,11;821.389
  08.04.2010;123,28;123,60;123,27;123,47;731.922
  09.04.2010;123,32;123,36;122,71;122,84;936.649
  12.04.2010;122,53;122,78;122,11;122,67;811.377
  13.04.2010;122,70;123,13;122,62;122,98;920.852
  14.04.2010;122,89;123,26;122,78;123,14;998.151
  15.04.2010;122,93;123,39;122,87;123,19;1.032.386
  16.04.2010;123,28;123,74;123,25;123,65;829.035
  19.04.2010;123,71;123,88;123,59;123,74;704.667
  20.04.2010;123,66;123,74;123,39;123,50;874.059
  21.04.2010;123,42;123,87;123,37;123,76;921.092
  22.04.2010;123,77;124,31;123,64;124,01;1.261.161
  23.04.2010;123,95;124,12;123,57;123,97;989.744
  26.04.2010;123,89;124,34;123,77;124,06;812.541
  27.04.2010;124,09;125,34;124,05;124,64;1.109.904
  28.04.2010;125,20;125,51;124,30;124,60;1.825.659
  29.04.2010;124,75;124,76;124,23;124,43;951.400
  30.04.2010;124,59;124,91;124,31;124,85;821.376
  03.05.2010;124,61;124,66;124,27;124,50;353.576
  04.05.2010;124,47;125,82;124,43;125,51;1.284.156
  05.05.2010;125,61;126,59;125,44;126,35;1.487.658
  06.05.2010;126,37;127,99;125,74;127,01;1.620.821
  07.05.2010;127,20;127,65;126,41;126,97;1.693.210
  10.05.2010;125,81;125,87;124,94;125,49;1.358.798
  11.05.2010;125,69;126,29;125,56;125,63;1.076.441
  12.05.2010;125,88;125,95;125,43;125,67;835.463
  13.05.2010;125,55;126,10;125,37;125,86;722.392
  14.05.2010;126,12;126,85;125,98;126,53;900.058
  17.05.2010;126,95;126,97;126,21;126,60;745.267
  18.05.2010;126,41;127,81;126,26;126,86;1.071.747
  19.05.2010;127,72;127,84;127,04;127,47;1.120.208
  20.05.2010;127,55;128,58;127,19;128,31;1.171.780
  21.05.2010;128,17;128,97;128,10;128,54;1.176.464
  24.05.2010;128,41;128,90;128,31;128,61;598.253
  25.05.2010;128,85;129,55;128,82;129,38;1.015.407
  26.05.2010;129,13;129,23;128,60;128,72;1.136.668
  27.05.2010;128,62;128,76;128,11;128,33;1.006.601
  28.05.2010;128,11;128,87;128,11;128,50;771.500
  31.05.2010;128,61;128,85;128,52;128,80;161.714
  01.06.2010;128,65;129,43;128,34;128,66;1.051.001
  02.06.2010;128,71;129,17;128,62;128,80;1.102.957
  03.06.2010;128,50;128,80;128,13;128,50;1.439.737
  04.06.2010;128,79;129,63;128,54;129,39;1.362.022
  07.06.2010;129,60;129,99;129,41;129,74;496.001
  08.06.2010;129,64;130,37;129,64;130,16;34.446
  09.06.2010;129,62;129,72;129,08;129,20;836.065
  10.06.2010;129,27;129,39;128,38;128,68;946.258
  11.06.2010;128,57;129,30;128,40;129,25;799.418
  14.06.2010;128,98;129,02;128,41;128,53;655.806
  15.06.2010;128,91;129,14;128,03;128,30;1.008.703
  16.06.2010;128,15;128,70;127,92;128,33;812.507
  17.06.2010;128,40;128,54;127,89;128,36;1.007.382
  18.06.2010;128,27;128,41;127,54;127,67;711.625
  21.06.2010;127,37;127,63;127,12;127,40;644.907
  22.06.2010;127,64;128,46;127,47;128,10;895.737
  23.06.2010;128,35;128,67;128,19;128,62;704.379
  24.06.2010;128,42;129,16;128,40;129,14;712.809
  25.06.2010;128,90;129,15;128,78;128,98;574.729
  28.06.2010;128,96;129,39;128,67;129,20;640.283
  29.06.2010;129,56;129,86;129,36;129,43;831.872
  30.06.2010;129,61;129,68;129,22;129,39;795.326
  01.07.2010;129,54;129,65;128,98;129,56;957.472
  02.07.2010;129,42;129,61;129,05;129,31;604.098
  05.07.2010;129,70;129,70;129,70;129,70;0
  06.07.2010;129,65;129,70;129,30;129,30;672.104
  07.07.2010;129,40;129,57;129,08;129,22;544.192
  08.07.2010;129,10;129,36;128,66;128,93;786.337
  09.07.2010;128,78;129,07;128,49;128,89;666.916
  12.07.2010;128,84;129,53;128,76;129,34;487.381
  13.07.2010;129,26;129,47;128,66;128,88;705.887
  14.07.2010;128,65;129,09;128,57;128,72;695.219
  15.07.2010;128,92;129,02;128,18;128,80;926.741
  16.07.2010;128,84;129,39;128,42;129,16;709.217
  19.07.2010;129,16;129,54;128,58;128,73;677.007
  20.07.2010;128,65;129,14;128,61;128,90;667.157
  21.07.2010;128,78;129,30;128,59;128,91;635.986
  22.07.2010;129,21;129,43;128,53;128,69;702.815
  23.07.2010;128,80;128,91;127,85;128,33;802.156
  26.07.2010;128,03;128,27;127,58;127,73;599.393
  27.07.2010;127,82;127,84;127,37;127,69;782.762
  28.07.2010;127,63;128,05;127,45;127,81;715.480
  29.07.2010;128,00;128,28;127,78;128,06;656.178
  30.07.2010;128,30;128,66;128,21;128,55;806.247
  02.08.2010;128,46;128,50;128,09;128,34;496.077
  03.08.2010;128,36;129,29;128,34;129,06;755.189
  04.08.2010;129,24;129,47;129,08;129,20;654.906
  05.08.2010;129,23;129,76;129,05;129,63;709.362
  06.08.2010;129,64;130,15;129,44;130,10;713.895
  09.08.2010;130,06;130,14;129,97;130,03;338.449
  10.08.2010;130,00;130,59;129,81;129,95;523.610
  11.08.2010;130,58;131,24;130,41;131,14;803.888
  12.08.2010;130,98;131,40;130,90;131,22;731.646
  13.08.2010;131,48;131,48;131,48;131,48;0
  16.08.2010;131,53;132,30;131,38;132,05;724.230
  17.08.2010;132,05;132,17;131,64;131,69;807.199
  18.08.2010;131,69;132,31;131,68;132,16;756.833
  19.08.2010;132,07;132,62;131,78;132,45;899.575
  20.08.2010;132,50;133,02;132,38;132,89;727.495
  23.08.2010;132,72;132,89;132,60;132,76;507.881
  24.08.2010;132,90;134,26;132,83;133,90;1.024.065
  25.08.2010;133,75;134,73;133,51;134,19;1.227.277
  26.08.2010;133,94;134,35;133,67;133,94;954.573
  27.08.2010;134,05;134,54;133,25;133,45;1.121.507
  30.08.2010;133,48;134,44;133,48;134,19;472.918
  31.08.2010;134,45;134,77;134,35;134,43;847.177
  01.09.2010;134,12;134,37;133,02;133,23;1.492.844
  02.09.2010;133,31;133,43;132,44;132,72;1.368.099
  03.09.2010;132,72;132,82;131,73;132,00;1.476.627
  06.09.2010;131,90;132,40;131,86;132,16;838.816
  07.09.2010;132,26;133,25;132,26;133,20;754.947
  08.09.2010;133,25;133,65;133,04;133,44;45.362
  09.09.2010;131,42;131,69;130,46;130,78;1.029.606
  10.09.2010;130,77;130,89;129,97;130,05;866.684
  13.09.2010;130,00;130,21;129,53;129,92;823.188
  14.09.2010;130,15;130,79;130,05;130,51;1.056.618
  15.09.2010;130,45;130,56;129,84;130,11;961.142
  16.09.2010;130,00;130,07;129,22;129,38;1.223.169
  17.09.2010;129,37;130,21;129,08;129,77;1.111.102
  20.09.2010;129,84;129,87;129,27;129,39;681.796
  21.09.2010;129,58;130,25;129,24;129,65;866.372
  22.09.2010;130,33;130,99;130,29;130,75;1.175.589
  23.09.2010;130,60;131,58;130,47;131,39;1.172.616
  24.09.2010;131,29;131,67;130,68;130,85;1.125.112
  27.09.2010;130,83;131,67;130,80;131,65;796.231
  28.09.2010;131,52;131,99;131,32;131,79;1.150.195
  29.09.2010;131,79;132,03;131,46;131,81;952.075
  30.09.2010;131,90;132,20;130,97;131,43;1.432.185
  01.10.2010;131,54;131,57;130,63;131,31;1.115.596
  04.10.2010;131,44;131,88;131,36;131,71;683.443
  05.10.2010;131,81;132,17;131,31;131,45;985.266
  06.10.2010;131,45;132,10;131,34;132,02;984.457
  07.10.2010;131,81;131,89;131,39;131,64;909.723
  08.10.2010;131,69;131,85;131,13;131,85;989.228
  11.10.2010;131,73;131,85;131,42;131,63;366.867
  12.10.2010;131,75;132,36;131,38;132,01;1.022.078
  13.10.2010;131,36;131,70;131,21;131,57;820.031
  14.10.2010;131,66;131,84;130,98;131,44;796.843
  15.10.2010;131,11;131,29;130,34;130,72;1.001.932
  18.10.2010;130,69;130,75;130,37;130,56;676.858
  19.10.2010;130,43;130,72;129,92;130,23;1.084.508
  20.10.2010;130,39;130,45;129,81;129,95;973.226
  21.10.2010;129,87;130,04;129,39;129,62;1.037.104
  22.10.2010;129,50;129,84;129,40;129,65;757.026
  25.10.2010;129,72;129,99;129,56;129,84;573.219
  26.10.2010;129,74;129,79;129,19;129,36;857.082
  27.10.2010;129,23;129,33;128,52;128,80;1.183.010
  28.10.2010;128,87;129,14;128,60;128,79;860.607
  29.10.2010;128,92;129,48;128,85;129,23;991.165
  01.11.2010;129,23;130,03;129,16;129,68;839.951
  02.11.2010;129,70;130,09;129,57;129,78;803.273
  03.11.2010;129,69;130,32;129,68;130,24;845.780
  04.11.2010;130,16;130,75;129,33;130,43;1.393.803
  05.11.2010;130,59;130,87;129,95;130,25;1.187.780
  08.11.2010;130,42;130,75;130,27;130,51;681.615
  09.11.2010;130,61;130,95;129,87;130,36;1.020.299
  10.11.2010;130,02;130,53;129,56;130,20;1.406.127
  11.11.2010;130,33;130,68;129,95;130,18;802.647
  12.11.2010;130,44;130,64;129,08;129,41;1.285.810
  15.11.2010;128,80;129,17;128,35;128,87;823.349
  16.11.2010;128,56;128,89;127,98;128,14;1.117.346
  17.11.2010;128,34;128,71;128,11;128,45;926.504
  18.11.2010;128,07;128,17;127,31;127,50;1.268.559
  19.11.2010;127,65;127,79;127,32;127,41;707.951
  22.11.2010;127,25;128,18;127,13;127,94;792.659
  23.11.2010;128,23;128,94;128,08;128,88;1.075.755
  24.11.2010;128,61;129,20;127,47;127,72;1.331.171
  25.11.2010;127,58;127,90;127,21;127,29;541.189
  26.11.2010;127,48;128,07;127,16;127,35;783.939
  29.11.2010;127,23;127,46;126,69;127,07;897.160
  30.11.2010;127,28;128,05;127,18;128,02;1.064.954
  01.12.2010;127,85;127,94;126,63;127,02;1.212.739
  02.12.2010;126,91;127,02;126,27;126,47;1.136.110
  03.12.2010;126,54;126,56;125,83;126,19;1.087.493
  06.12.2010;126,36;126,68;126,26;126,57;1.229.846
  07.12.2010;126,45;126,58;125,27;125,59;646.460
  08.12.2010;124,86;125,38;124,86;125,22;42.120
  09.12.2010;124,55;125,34;124,44;124,95;729.455
  10.12.2010;125,30;125,33;124,70;124,98;530.545
  13.12.2010;124,55;125,00;124,36;124,57;498.961
  14.12.2010;124,97;124,98;123,76;124,12;664.738
  15.12.2010;124,07;124,36;123,76;124,23;596.435
  16.12.2010;124,00;124,35;123,78;123,87;554.723
  17.12.2010;124,48;124,99;124,20;124,38;463.002
  20.12.2010;124,91;125,34;124,67;125,30;459.842
  21.12.2010;124,77;125,30;124,76;125,17;315.773
  22.12.2010;125,10;125,61;125,00;125,47;339.575
  23.12.2010;125,41;125,68;125,07;125,15;228.194
  27.12.2010;125,20;125,22;124,36;124,67;146.076
  28.12.2010;125,06;125,46;124,42;125,19;150.726
  29.12.2010;124,58;125,39;124,52;124,77;216.201
  30.12.2010;125,35;125,60;125,11;125,31;271.214
  03.01.2011;125,34;125,99;125,26;125,73;327.105
  04.01.2011;125,89;126,18;125,49;126,11;626.497
  05.01.2011;126,06;126,52;125,20;125,49;1.076.231
  06.01.2011;125,39;125,94;125,07;125,73;945.021
  07.01.2011;125,91;126,38;125,31;126,13;814.740
  10.01.2011;126,30;126,46;125,98;126,28;634.735
  11.01.2011;126,07;126,47;125,70;125,79;856.615
  12.01.2011;125,94;125,94;124,57;124,69;1.161.761
  13.01.2011;124,73;124,98;124,27;124,64;1.104.501
  14.01.2011;124,85;125,17;124,49;124,91;916.044
  17.01.2011;124,58;124,99;124,47;124,76;444.307
  18.01.2011;124,75;124,75;123,97;124,06;1.014.643
  19.01.2011;124,04;124,39;123,86;124,34;750.018
  20.01.2011;124,47;124,50;123,48;123,67;1.068.753
  21.01.2011;123,70;123,86;123,37;123,76;809.086
  24.01.2011;123,55;124,04;123,50;123,92;695.257
  25.01.2011;123,77;124,34;123,71;123,97;866.756
  26.01.2011;123,96;124,13;123,47;123,61;852.837
  27.01.2011;123,57;123,79;123,23;123,34;1.005.308
  28.01.2011;123,53;123,88;123,17;123,73;824.471
  31.01.2011;123,71;123,94;123,45;123,74;723.716
  01.02.2011;123,44;123,51;122,88;123,01;997.784
  02.02.2011;123,10;123,29;122,68;122,87;823.705
  03.02.2011;122,78;123,33;122,63;123,11;1.043.185
  04.02.2011;123,03;123,16;122,58;122,65;843.943
  07.02.2011;122,45;122,92;122,42;122,86;565.025
  08.02.2011;122,76;123,12;122,55;122,82;804.446
  09.02.2011;122,50;122,88;122,30;122,33;884.840
  10.02.2011;122,61;122,98;122,29;122,42;910.575
  11.02.2011;122,47;123,01;122,46;122,78;785.157
  14.02.2011;122,50;122,88;122,42;122,67;649.907
  15.02.2011;122,51;122,80;122,34;122,68;833.159
  16.02.2011;122,65;123,44;122,64;123,07;1.078.066
  17.02.2011;123,24;123,84;123,13;123,75;853.066
  18.02.2011;123,73;123,89;123,00;123,09;869.035
  21.02.2011;123,32;123,85;123,27;123,75;520.470
  22.02.2011;123,95;124,36;123,89;124,13;968.016
  23.02.2011;124,15;124,45;123,99;124,28;782.826
  24.02.2011;124,28;124,60;124,16;124,41;828.501
  25.02.2011;124,30;124,39;123,98;124,32;675.569
  28.02.2011;124,40;124,52;123,96;124,40;752.084
  01.03.2011;124,05;124,32;123,79;124,06;1.313.570
  02.03.2011;124,37;124,49;123,68;123,87;991.283
  03.03.2011;123,64;123,67;122,66;122,87;1.586.235
  04.03.2011;122,65;123,33;122,56;123,15;1.350.882
  07.03.2011;123,31;123,32;122,72;123,03;629.254
  08.03.2011;123,06;123,15;122,92;123,05;30.047
  09.03.2011;121,45;121,76;121,42;121,59;694.128
  10.03.2011;121,81;122,26;121,73;122,03;965.677
  11.03.2011;122,23;122,63;122,18;122,36;953.590
  14.03.2011;122,39;122,53;121,70;122,19;967.422
  15.03.2011;122,88;123,69;122,82;123,02;1.353.756
  16.03.2011;122,83;123,92;122,66;123,65;1.262.722
  17.03.2011;123,57;123,60;122,72;122,83;1.126.004
  18.03.2011;122,78;123,21;122,53;122,63;881.712
  21.03.2011;122,50;122,55;122,09;122,17;702.622
  22.03.2011;122,18;122,24;121,79;122,02;881.685
  23.03.2011;122,14;122,56;122,05;122,30;1.118.502
  24.03.2011;122,48;122,74;122,01;122,20;860.755
  25.03.2011;121,96;122,17;121,72;122,03;681.796
  28.03.2011;121,67;121,89;121,46;121,69;684.094
  29.03.2011;121,80;121,86;121,21;121,50;772.106
  30.03.2011;121,17;121,49;121,16;121,43;706.367
  31.03.2011;121,50;121,61;121,06;121,28;1.039.489
  01.04.2011;121,10;121,16;120,73;121,00;888.943
  04.04.2011;121,11;121,20;120,84;121,17;578.857
  05.04.2011;120,98;121,23;120,82;120,93;742.115
  06.04.2011;120,80;120,96;120,51;120,62;873.771
  07.04.2011;120,55;120,82;120,30;120,71;1.065.630
  08.04.2011;120,47;120,56;119,95;120,04;839.733
  11.04.2011;120,00;120,17;119,86;119,90;577.375
  12.04.2011;120,10;120,57;120,08;120,46;932.360
  13.04.2011;120,35;120,80;120,20;120,47;866.969
  14.04.2011;120,68;121,11;120,57;120,69;1.046.236
  15.04.2011;120,69;121,25;120,59;121,20;885.361
  18.04.2011;121,24;122,60;121,13;122,45;1.280.268
  19.04.2011;122,65;122,65;121,85;122,17;1.031.444
  20.04.2011;122,00;122,07;121,67;121,94;867.764
  21.04.2011;121,74;122,40;121,67;122,31;782.295
  26.04.2011;122,43;122,58;122,24;122,51;477.177
  27.04.2011;122,52;122,55;121,89;121,99;785.495
  28.04.2011;122,27;122,79;122,12;122,67;823.612
  29.04.2011;122,59;122,98;122,48;122,92;371.524
  02.05.2011;122,84;122,94;122,51;122,82;276.902
  03.05.2011;122,96;122,96;122,55;122,64;744.572
  04.05.2011;122,80;122,82;122,15;122,48;1.068.007
  05.05.2011;122,30;123,39;122,07;123,07;1.304.304
  06.05.2011;123,16;123,95;123,00;123,44;1.238.964
  09.05.2011;123,68;124,44;123,55;124,28;1.091.005
  10.05.2011;124,18;124,23;123,86;124,01;1.046.423
  11.05.2011;123,85;124,32;123,58;123,93;1.055.035
  12.05.2011;124,21;124,49;123,90;124,30;1.043.058
  13.05.2011;123,99;124,63;123,82;124,42;955.846
  16.05.2011;124,57;124,62;124,03;124,13;810.527
  17.05.2011;124,20;124,48;123,87;124,42;1.074.337
  18.05.2011;124,26;124,50;124,05;124,31;865.098
  19.05.2011;124,05;124,23;123,73;124,13;1.015.497
  20.05.2011;124,21;124,83;124,12;124,76;1.003.394
  23.05.2011;124,93;125,33;124,87;125,18;939.449
  24.05.2011;125,11;125,17;124,71;124,73;965.413
  25.05.2011;125,12;125,23;124,86;125,01;1.118.620
  26.05.2011;124,80;125,59;124,74;125,51;1.075.768
  27.05.2011;125,59;125,79;125,33;125,64;961.958
  30.05.2011;125,68;125,77;125,51;125,69;151.640
  31.05.2011;125,41;125,50;125,02;125,35;1.120.837
  01.06.2011;125,15;125,89;124,96;125,67;1.347.088
  02.06.2011;125,76;125,98;125,31;125,72;1.000.350
  03.06.2011;125,48;126,04;125,03;125,22;1.526.608
  06.06.2011;125,22;125,70;125,20;125,44;1.464.802
  07.06.2011;125,52;125,57;124,77;124,87;788.942
  08.06.2011;125,04;125,31;125,00;125,30;55.552
  09.06.2011;124,93;125,44;124,70;125,18;1.036.608
  10.06.2011;125,16;126,00;125,15;125,88;920.970
  13.06.2011;125,88;126,11;125,76;125,94;599.469
  14.06.2011;125,80;125,94;125,32;125,41;970.052
  15.06.2011;125,61;126,35;125,47;125,95;1.074.519
  16.06.2011;126,44;126,62;126,13;126,48;1.502.411
  17.06.2011;126,49;126,56;125,93;126,07;1.149.191
  20.06.2011;126,30;126,59;125,98;126,15;836.458
  21.06.2011;126,06;126,24;125,73;125,89;859.762
  22.06.2011;125,78;126,38;125,70;126,21;1.053.138
  23.06.2011;126,20;127,22;126,18;127,19;1.165.750
  24.06.2011;126,88;127,54;126,73;127,45;964.505
  27.06.2011;127,55;127,57;126,78;126,90;863.974
  28.06.2011;126,97;127,07;126,16;126,56;1.121.596
  29.06.2011;126,27;126,33;125,60;125,90;1.311.898
  30.06.2011;125,81;126,08;125,26;125,48;1.149.718
  01.07.2011;125,60;125,82;125,22;125,42;1.023.762
  04.07.2011;125,58;125,77;125,42;125,48;425.534
  05.07.2011;125,62;125,98;125,41;125,62;818.880
  06.07.2011;125,71;126,64;125,64;126,52;1.260.752
  07.07.2011;126,17;126,53;125,79;125,96;1.231.702
  08.07.2011;126,03;127,50;125,85;127,45;1.172.025
  11.07.2011;127,50;129,36;127,36;129,14;1.419.462
  12.07.2011;129,27;130,91;128,59;128,89;1.777.042
  13.07.2011;129,09;129,31;128,21;128,35;1.311.143
  14.07.2011;128,59;128,87;128,19;128,42;865.220
  15.07.2011;128,50;129,29;128,43;128,99;732.703
  18.07.2011;129,02;129,74;129,01;129,44;694.296
  19.07.2011;129,40;129,53;128,62;129,05;900.331
  20.07.2011;129,05;129,07;128,08;128,14;923.862
  21.07.2011;127,97;128,24;126,88;127,01;1.233.487
  22.07.2011;127,00;127,82;126,39;127,69;1.096.609
  25.07.2011;127,62;128,45;127,56;128,26;681.037
  26.07.2011;128,00;128,55;127,76;128,34;831.128
  27.07.2011;128,38;129,48;128,31;129,37;909.577
  28.07.2011;129,35;129,87;129,13;129,43;918.664
  29.07.2011;129,86;130,70;129,66;130,36;1.022.585
  01.08.2011;130,05;131,37;129,89;131,23;894.446
  02.08.2011;131,27;132,24;131,18;131,82;1.059.792
  03.08.2011;132,18;132,63;131,43;131,81;1.048.951
  04.08.2011;131,55;133,28;131,27;132,79;1.340.869
 